article_id,url,domain,category_url,author_url,amp_url,reference_url,short_url,title,description,main_content,author_name,tags,thumbnail_url,images,videos,published_time,scraped_time,category,sub_category,views_count,comments_count,extra_data
185250529152619895,https://thanhnien.vn/samsung-xac-nhan-ke-hoach-phat-hanh-one-ui-8-on-dinh-185250529152619895.htm,thanhnien.vn,,,,,,Samsung xác nhận kế hoạch phát hành One UI 8 ổn định,"Sau khi phát hành One UI 8 beta cho Galaxy S25, Samsung cũng công bố kế hoạch triển khai phiên bản ổn định của bản cập nhật này.","Theo Samsung, bản cập nhật One UI 8 ổn định sẽ được triển khai lần đầu tiên trên các mẫu Galaxy Z Fold7, Z Flip7 và Z Flip7 FE khi chúng ra mắt. Nhiều khả năng các mẫu smartphone này sẽ được giới thiệu tại sự kiện Unpacked tiếp theo của Samsung, dự kiến diễn ra trong vài tuần nữa. Galaxy Z Fold 7 và Z Flip 7 là những smartphone đầu tiên chạy One UI 8 ổn định ẢNH: YOUTUBE Hiện tại, Samsung đã mở chương trình beta của One UI 8 cho người dùng Galaxy S25, S25+ và S25 Ultra tại Mỹ, Anh, Đức và Hàn Quốc. One UI 8 sẽ tích hợp nhiều tính năng mới, đặc biệt là các tính năng trí tuệ nhân tạo (AI) tiên tiến. Những tính năng này sẽ kết hợp giữa xử lý trên thiết bị và xử lý đám mây, nhưng người dùng có thể chọn chỉ xử lý dữ liệu trên thiết bị nếu lo ngại về bảo mật. Nhiều cải tiến có trong One UI 8 Được biết, AI trong One UI 8 sẽ không chỉ hiểu văn bản mà còn dựa vào ngữ cảnh từ những gì người dùng đang xem để cung cấp phản hồi chính xác hơn. Các tính năng như Now Bar và New Brief cũng sẽ được cải tiến mang đến trải nghiệm cá nhân hóa hơn cho người dùng. Ngoài AI, One UI 8 còn giới thiệu một số tính năng mới thú vị khác. Một trong số đó là khả năng biến điện thoại thành máy phát Auracast, cho phép nhiều người cùng nghe một luồng âm thanh qua tai nghe Bluetooth mà không cần ghép nối. One UI 8 mang đến nhiều cải tiến về tính năng cho người dùng Galaxy ẢNH: SAMSUNG Samsung cũng giới thiệu ứng dụng Quick Share để người dùng dễ dàng gửi và nhận tệp chỉ bằng một cú chạm. Ứng dụng Reminder được thiết kế cho những chuyến du lịch cho phép người dùng quản lý danh sách kiểm tra và lịch trình, đồng thời hỗ trợ nhập liệu bằng giọng nói. Đặc biệt, One UI 8 mang lại lợi ích cho những người cần sửa chữa thiết bị. Người dùng có thể đến trung tâm dịch vụ và sử dụng mã QR hoặc NFC để đăng nhập, giúp họ tiết kiệm thời gian và công sức khi điền biểu mẫu đăng ký. Tất cả dữ liệu liên quan sẽ được lưu trữ trong tài khoản Samsung của người dùng. Hy vọng rằng One UI 8 sẽ có một chu kỳ phát triển suôn sẻ hơn so với phiên bản One UI 7, vốn mất nhiều thời gian để ra mắt. Người dùng kỳ vọng Samsung sẽ khắc phục những vấn đề trong bản cập nhật này và tiếp tục giữ vững vị thế là một trong những OEM Android hàng đầu trong việc cập nhật phần mềm.",,"bản cập nhật, Android 16, tính năng mới, hệ điều hành di động",https://images2.thanhnien.vn/thumb_w/640/528068263637045248/2025/5/29/1-17485070167831862516859.jpg,"[""https://images2.thanhnien.vn/thumb_w/640/528068263637045248/2025/5/29/1-17485070167831862516859.jpg"", ""https://images2.thanhnien.vn/thumb_w/640/528068263637045248/2025/5/29/2-1748507063571998025237.jpg""]",,2025-05-30T07:10:00+07:00,2026-07-03T14:34:10.197131,Công nghệ,,,,
185251105164518808,https://thanhnien.vn/pokemongo-bat-ngo-bien-mat-khoi-appstore-vietnam-185251105164518808.htm,thanhnien.vn,,,,,,Pokémon GO bất ngờ 'biến mất' khỏi App Store Việt Nam,"Không thể tải hoặc cập nhật Pokémon GO bằng tài khoản Việt Nam, người chơi đang loay hoay tìm giải pháp để tiếp tục trò chơi.","Sau một thời gian không còn xuất hiện trên Google Play, tựa game Pokémon GO cũng vừa biến mất khỏi App Store Việt Nam mà không có bất kỳ thông báo nào từ nhà phát hành Niantic. Việc trò chơi không còn khả dụng trên cả hai nền tảng khiến người chơi trong nước gặp nhiều trở ngại khi tải mới hoặc cập nhật ứng dụng. Hiện tại, người dùng App Store tại Việt Nam không còn tìm thấy hay cập nhật trò chơi Pokémon GO ẢNH: CHỤP MÀN HÌNH Pokémon GO từng là một hiện tượng tại Việt Nam khi mới ra mắt, thu hút đông đảo người chơi ở các thành phố lớn. Trò chơi không chỉ tạo ra làn sóng săn Pokémon ngoài trời mà còn giúp hình thành cộng đồng có tính gắn kết cao. Dù sức hút đã giảm theo thời gian, Pokémon GO vẫn giữ được một lượng người chơi trung thành, đặc biệt trong các sự kiện định kỳ hoặc khi xuất hiện Pokémon hiếm. Tuy nhiên, dù có thể tiếp tục chơi nếu đã cài sẵn từ trước, người dùng tại Việt Nam không thể cập nhật lên phiên bản mới. Ngoài ra, việc thanh toán trong game trở nên khó khăn vì các phương thức thanh toán đều bị loại bỏ. Hiện tại, người dùng vẫn có thể tham gia trò chơi Pokémon GO tuy nhiên đây cũng chỉ là một hình thức tạm thời vì không thể cập nhật trong tương lai ẢNH: CHỤP MÀN HÌNH Trong cộng đồng người chơi Việt, nhiều ý kiến bày tỏ sự tiếc nuối khi một trò chơi từng tạo ra nhiều kỷ niệm và kết nối lại gặp trở ngại ngay trên chính thị trường nội địa. Không ít người lo ngại rằng đây có thể là dấu hiệu cho thấy trò chơi sẽ bị dừng hỗ trợ hoàn toàn tại Việt Nam, nếu không có thay đổi từ phía nhà phát hành . Việc Pokémon GO biến mất khỏi các kho ứng dụng lớn tại Việt Nam cũng cho thấy một thực tế rõ ràng: các ứng dụng và trò chơi quốc tế nếu không có đại diện hoặc không đáp ứng đủ quy định pháp lý trong nước sẽ dễ bị gián đoạn. Trong khi chờ đợi thông tin chính thức từ Niantic , người chơi Việt Nam chỉ còn cách tìm kiếm giải pháp tạm thời, với nhiều hạn chế trong quá trình sử dụng.",,"Trò chơi, App store, Người chơi, cộng đồng",https://images2.thanhnien.vn/thumb_w/640/528068263637045248/2025/11/5/photo2025-11-0516-31-37-17623351136781524861581.jpg,"[""https://images2.thanhnien.vn/thumb_w/640/528068263637045248/2025/11/5/photo2025-11-0516-31-37-17623351136781524861581.jpg"", ""https://images2.thanhnien.vn/528068263637045248/2025/11/5/photo2025-11-0516-31-43-1762335140861369854739.jpg""]",,2025-11-05T17:55:00+07:00,2026-07-03T14:34:10.340995,Công nghệ,,,,
185250224155420919,https://thanhnien.vn/nhieu-nguoi-dung-thung-tui-quan-vi-galaxy-s24-ultra-185250224155420919.htm,thanhnien.vn,,,,,,Nhiều người dùng thủng túi quần vì Galaxy S24 Ultra,Các cạnh vuông của Galaxy S24 Ultra không chỉ gây cảm giác cấn tay khi cầm lâu mà còn vô tình chọc thủng túi quần của một số người sở hữu smartphone này.,"Galaxy S24 Ultra có thiết kế góc cạnh khá nam tính, nổi bật nhưng không thực sự tiện dụng khiến Samsung thay đổi ở thế hệ Galaxy S25 Ultra vừa ra mắt. Ít ai nhận ra đây là một cải tiến nhỏ trong thiết kế của sản phẩm vừa mở bán chính hãng trên toàn cầu. Trên mạng xã hội Reddit, người dùng có tài khoản tên partyhat-red đăng tấm hình chiếc túi quần jean bị thủng do cạnh sắc của Galaxy S24 Ultra gây ra. Bài đăng này nhanh chóng thu hút sự chú ý và nhiều người dùng khác cũng chia sẻ trải nghiệm tương tự. ""Tôi thường bị cọ thứ gì đó vào chân mỗi khi đi bộ và giờ tất cả quần đều có cái lỗ thủng kiểu vậy"", chủ tài khoản Hepoos chia sẻ. ""Mấy cái quần jean của tôi đều có lỗ như vậy nhưng mãi gần đây mới phát hiện ra đó không phải là chủ đích thiết kế phong cách vải sờn rách của nhà sản xuất"", một người dùng khác đăng bình luận. Túi quần bị thủng lỗ hoặc sờn vải do cạnh sắc từ Galaxy S24 Ultra Ảnh: chụp màn hình Có một số ý kiến cho rằng vấn đề thực sự bắt đầu từ chất liệu vải quần mà những chủ máy này đang sử dụng, tuy nhiên quan điểm đó lập tức gặp sự phản đối. ""Tôi thấy nhiều bình luận bào chữa ở đây, đổ lỗi cho mọi thứ trừ thiết kế của điện thoại: nào là quần jean, chất liệu, độ chật... Trong khi thực tế là các cạnh máy thiết kế sắc tới vô lý. Nếu tôi phải mặc quần ống rộng để tránh bị thủng túi, thì đó là một thiết kế tồi"", người dùng Reddit RecommendationFit381 nhận xét. Những hình ảnh do người dùng chia sẻ cho thấy các vết rách và lỗ thủng ở phần đáy túi quần, nơi thường xuyên cọ xát với điện thoại và quá trình để lại ""dấu tích"" có vẻ kéo dài cả năm qua. Vấn đề còn nghiêm trọng hơn với những người đi xe đạp hoặc xe máy. ""Tôi gặp chuyện này vì thường xuyên đi xe máy, điện thoại để trong túi bị nhô lên một chút, và điều tệ nhất ở chiếc máy này chính là các cạnh sắc"", tài khoản gamebattles1946 phàn nàn. Dù có trải nghiệm lạ thường với cạnh sắc từ Galaxy S24 Ultra, model này vẫn là một trong những chiếc điện thoại tốt nhất thị trường hiện nay nên nhiều người tiếp tục dùng thiết bị trong vài năm nữa. Một số thậm chí còn thích máy hơn ""đàn em"" vừa ra mắt vì bút S Pen của phiên bản cũ có sẵn kết nối Bluetooth. Trong trường hợp vẫn sử dụng sản phẩm này, cách tốt nhất người dùng có thể làm là tránh mặc quần bó, chọn loại có túi rộng hay để máy trong túi đựng riêng thay vì để ở túi quần.",,"người dùng, Galaxy S24, quần jean, Lỗ thủng, quần ống rộng, REDDIT",https://images2.thanhnien.vn/thumb_w/640/528068263637045248/2025/2/24/screenshot-2025-02-24-at-155727-1740387458313118786912.png,"[""https://images2.thanhnien.vn/thumb_w/640/528068263637045248/2025/2/24/screenshot-2025-02-24-at-155727-1740387458313118786912.png""]",,2025-02-24T20:22:00+07:00,2026-07-03T14:34:10.946492,Công nghệ,,,,
185251228181011685,https://thanhnien.vn/ro-ri-hinh-anh-honor-power-2-co-thiet-ke-giong-het-iphone-17-pro-185251228181011685.htm,thanhnien.vn,,,,,,Rò rỉ hình ảnh Honor Power 2 có thiết kế giống hệt iPhone 17 Pro,"Thông tin về chiếc điện thoại Honor Power 2 đã thu hút sự chú ý của người dùng, đặc biệt khi sản phẩm được cho là có thiết kế tương tự iPhone 17 Pro.","Theo PhoneArena , thông tin về Honor Power 2 nhận sự chú ý vì đây không phải là sản phẩm giả mạo hoặc hàng nhái iPhone 17 Pro , mà là một sản phẩm chính hãng dự kiến ra mắt trong những tuần đầu của năm 2026. Hình ảnh được cho là của Honor Power 2 được đăng tải bởi The Panda is Bald trên Weibo ẢNH: WEIBO Báo cáo từ người dùng có biệt danh ""The Panda is Bald"" trên Weibo, chia sẻ một bức ảnh mờ về Honor Power 2. Mặc dù thông số kỹ thuật vẫn chưa được xác nhận hoàn toàn, nhưng các báo cáo cho biết chiếc điện thoại này sẽ sở hữu viên pin khổng lồ 10.080 mAh, hỗ trợ sạc nhanh 80W và trang bị chip Dimensity 8500. Về màu sắc, Honor Power 2 có thể sẽ có tùy chọn đen hoặc cam, tương tự như màu sắc của iPhone 17 Pro. Bức ảnh rò rỉ cho thấy cụm camera của Honor Power 2 có thiết kế giống hệt iPhone 17 Pro, mặc dù ống kính bên phải có vẻ không đối xứng. Đây là thông tin có thể khiến những người yêu thích thiết kế của Apple cảm thấy hài lòng, nhưng cũng không loại trừ khả năng gây khó chịu cho những ai không ưa phong cách của 'nhà táo'. Đối với giá bán, Honor Power 2 được kỳ vọng được bán ở mức giá dưới 300 USD, tương tự như phiên bản đầu tiên có giá khoảng 270 USD. Hiện tại, chưa có thông tin chi tiết về việc sản phẩm có được phân phối ra thị trường toàn cầu hay không, nhưng nếu điều này xảy ra, với những tính năng nổi bật như pin lớn và sạc nhanh , Honor Power 2 hứa hẹn sẽ là một lựa chọn hấp dẫn cho người tiêu dùng mà không cần phải chi trả một khoản tiền lớn như khi mua sản phẩm của Apple.",,"Honor Power 2, HONOR, Apple",https://images2.thanhnien.vn/thumb_w/640/528068263637045248/2025/12/28/2-17669200546662056819787.jpg,"[""https://images2.thanhnien.vn/thumb_w/640/528068263637045248/2025/12/28/2-17669200546662056819787.jpg""]",,2025-12-29T07:45:00+07:00,2026-07-03T14:34:10.981464,Công nghệ,,,,
185260214000950553,https://thanhnien.vn/pin-iphone-17-pro-max-khac-biet-ra-sao-giua-wi-fi-va-5g-185260214000950553.htm,thanhnien.vn,,,,,,Pin iPhone 17 Pro Max khác biệt ra sao giữa Wi-Fi và 5G,Trang YouTube PhoneBuff đã thử nghiệm thời lượng pin iPhone 17 Pro Max để so sánh hiệu quả khi sử dụng Wi-Fi thay vì 5G hoặc mạng di động.,"Kết quả cho thấy, mặc dù việc hoạt động với mạng 5G tiêu thụ nhiều năng lượng hơn, nhưng iPhone 17 Pro Max vẫn gây ấn tượng với thời gian sử dụng pin. Pin iPhone 17 Pro Max được đánh giá cao nhờ tối ưu phần cứng và phần mềm ẢNH: THE VERGE Trong thử nghiệm, hai chiếc iPhone 17 Pro Max đã được sử dụng cho các tác vụ như gửi tin nhắn, phát video trực tuyến và truy cập mạng xã hội như Instagram và FaceTime. Theo kết quả, chiếc iPhone kết nối với mạng 5G đạt tổng cộng 10 giờ 22 phút và 16 giờ thời gian chờ ở chế độ màn hình bật. Đặc biệt, khi mẫu kết nối mạng 5G cạn pin, chiếc iPhone kết nối với Wi-Fi vẫn còn 25% dung lượng, tương đương sự khác biệt thực tế giữa việc sử dụng 5G và Wi-Fi là khoảng 3 giờ. Mặc dù vậy, PhoneBuff lưu ý rằng đây chỉ là hai mẫu thử nghiệm trong số hàng triệu mẫu có thể cho kết quả khác nhau, phụ thuộc vào vị trí, điều kiện mạng và cách sử dụng. Mặc dù con số 25% là khá ấn tượng, nó cũng cho thấy khả năng tiết kiệm năng lượng của iPhone. Nếu thử nghiệm được thực hiện ở khu vực có tín hiệu mạng 5G yếu, kết quả có thể sẽ khác. Không phải mọi kết quả đều giống iPhone 17 Pro Max PhoneBuff cũng gợi ý rằng nên tiến hành thử nghiệm với các mẫu iPhone khác, đặc biệt là các mẫu mới nhất trong phân khúc tầm trung và cao cấp như iPhone Air và iPhone 16e. Theo trang công nghệ này, việc đánh giá hiệu suất của các modem tùy chỉnh của Apple, như C1X và C1, sẽ rất thú vị. Ngoài ra, iPhone 18 Pro dự kiến sẽ được trang bị modem C2 - mẫu modem tùy chỉnh thế hệ thứ hai của Apple với hứa hẹn mang đến nhiều cải tiến. Apple đã chứng minh khả năng tích hợp phần mềm và phần cứng qua nhiều năm với các sản phẩm như iPhone, iPad và gần đây là dòng máy Mac với chip Apple Silicon , vì vậy sự kỳ vọng đối với modem C2 khá lớn. Dĩ nhiên, vẫn phải xem liệu Apple có mang đến những cải tiến khác cho thời lượng pin của iPhone tương lai hay không, đặc biệt khi nhiều nhà sản xuất đang nghiên cứu công nghệ silicon-carbon, vốn đã mang lại một số kết quả khả quan. Dù iPhone Pro Max có thể không cần đến công nghệ này, nhưng các mẫu iPhone mỏng hơn lại khác, với dòng iPhone Air là một ví dụ.",,"Apple, thời lượng pin, Mạng di động, Wi-fi, iPhone 18 Pro",https://images2.thanhnien.vn/528068263637045248/2026/2/13/1-17710025162031703220158.jpg,"[""https://images2.thanhnien.vn/528068263637045248/2026/2/13/1-17710025162031703220158.jpg""]",,2026-02-14T07:56:00+07:00,2026-07-03T14:34:11.175234,Công nghệ,,,,
185260315112910439,https://thanhnien.vn/ban-cap-nhat-moi-khien-windows-11-gap-hang-loat-su-co-nghiem-trong-185260315112910439.htm,thanhnien.vn,,,,,,Bản cập nhật mới khiến Windows 11 gặp hàng loạt sự cố nghiêm trọng,Microsoft lại gây họa khi bản cập nhật Windows 11 mới nhất biến PC thành 'cục gạch'.,"Theo Neowin , hàng ngàn người dùng Windows 11 đang rơi vào tình cảnh dở khóc dở cười, vì bản cập nhật bảo mật định kỳ của Microsoft không những không giúp máy an toàn hơn mà còn gây ra tình trạng treo máy và lỗi đồ họa nghiêm trọng. Windows 11 sau khi cập nhật: Máy tính treo cứng, màn hình xanh liên tục Ghi nhận trên các diễn đàn công nghệ lớn như Reddit, bản cập nhật mã hiệu KB5079473 đang trở thành mục tiêu chỉ trích dữ dội. Nhiều người dùng báo cáo rằng quá trình cài đặt liên tục thất bại kèm theo mã lỗi 0x80070306. Ngay cả khi sử dụng các công cụ sửa lỗi chuyên sâu của hệ thống, tình hình vẫn không được cải thiện. Đáng ngại hơn, một bộ phận không nhỏ người dùng cho biết máy tính của họ tự động khởi động lại liên tục hoặc hiện ' màn hình xanh chết chóc' (BSOD) ngay sau khi cố gắng cài đặt bản vá này. Bản cập nhật Windows 11 lại khiến người dùng 'khóc ròng' vì lỗi ẢNH: CHỤP MÀN HÌNH Không dừng lại ở lỗi cài đặt, những người may mắn cài đặt thành công lại đối mặt với những rắc rối khác. Các báo cáo về lỗi hiển thị đồ họa, hệ thống bị 'đứng hình' hoàn toàn khiến người dùng phải rút điện hoặc giữ nút nguồn để khởi động lại đang xuất hiện ngày càng nhiều. Đặc biệt, một lỗi hy hữu đã được ghi nhận trên Feedback Hub là người dùng bị tước mất quyền quản trị ngay trên chính chiếc máy tính của mình, khiến họ không thể thực hiện các thay đổi quan trọng trong hệ thống. Dù cộng đồng đang 'kêu trời', nhưng Microsoft vẫn giữ thái độ khá bình tĩnh. Trong thông báo mới nhất, gã khổng lồ phần mềm cho biết họ chưa ghi nhận vấn đề chính thức nào liên quan đến KB5079473. Tuy nhiên, giới chuyên gia khuyến cáo người dùng nên tạm hoãn việc cập nhật trong vài ngày tới để chờ đợi những phản hồi rõ ràng hơn hoặc một bản vá sửa lỗi từ công ty.",,"Windows 11, màn hình xanh, treo máy, sự cố, lỗi Windows",https://images2.thanhnien.vn/thumb_w/640/528068263637045248/2025/6/18/windows-11-updates-1750210963575217461356.jpg,"[""https://images2.thanhnien.vn/thumb_w/640/528068263637045248/2025/6/18/windows-11-updates-1750210963575217461356.jpg""]",,2026-03-15T13:55:00+07:00,2026-07-03T14:34:12.932780,Công nghệ,,,,
185260119134753249,https://thanhnien.vn/tai-sao-lai-co-cap-ethernet-dang-det-va-dang-tron-185260119134753249.htm,thanhnien.vn,,,,,,Tại sao lại có cáp Ethernet dạng dẹt và dạng tròn?,Cáp Ethernet vẫn được xem là phương thức kết nối thiết bị với internet cũng như giữa các mạng hiệu quả nhất hiện nay.,"So với kết nối không dây, kết nối có dây thường được đánh giá cao hơn, đặc biệt trong giới game thủ hoặc những người cần một mạng lưới mạnh mẽ và nhanh chóng. Tuy nhiên, không phải tất cả cáp Ethernet đều giống nhau. Cáp Ethernet dẹt hoạt động kém hơn cáp tròn ẢNH: PATCHBOX Màu sắc và hình dạng là hai yếu tố phân biệt chính của các loại cáp Ethernet. Cáp Ethernet có nhiều màu sắc khác nhau, trong đó cáp màu vàng thường được sử dụng cho việc cấp nguồn qua Ethernet (POE). Trong khi phần lớn cáp Ethernet có hình dạng tròn truyền thống, một số ít lại có hình dạng dẹt. Mặc dù hình dạng có vẻ không quan trọng nhưng lại ảnh hưởng đến khả năng lắp đặt và hiệu suất của cáp. Ưu và nhược điểm của cáp Ethernet dẹt Cáp Ethernet dẹt được thiết kế để lắp đặt kín đáo, cho phép dễ dàng giấu dưới thảm hoặc dọc theo các bề mặt phẳng. Mặc dù vậy, thiết kế này có những nhược điểm, đặc biệt do các hạn chế trong thiết kế. Theo đó, hầu hết cáp Ethernet dẹt có khả năng chống nhiễu điện từ (EMI) kém hơn so với cáp tròn. Khi tháo rời một sợi cáp Ethernet, chúng ta sẽ thấy nó được cấu tạo từ 8 sợi dây riêng biệt, được xoắn thành 4 cặp dây nhằm ngăn ngừa sự suy giảm tín hiệu. Đối với cáp tròn, các cặp dây được xoắn với tỷ lệ chính xác và được tách biệt bằng các bộ lọc giúp giảm thiểu nhiễu xuyên âm và nhiễu từ bên ngoài. Ngược lại, cáp dẹt thường có các dây dẫn nằm cạnh nhau, làm giảm độ xoắn chặt và dễ bị nhiễu từ các nguồn điện gần đó. Ở khoảng cách ngắn và trong môi trường có mức độ nhiễu điện từ thấp, những nhược điểm này thường không gây ra vấn đề lớn. Nhưng với môi trường chiều dài cáp dài hơn hoặc trong khu vực có mức độ nhiễu điện từ cao, những hạn chế của cáp Ethernet dẹt có thể trở nên rõ ràng. Do đó, khi lựa chọn cáp Ethernet, người dùng cần cân nhắc kỹ lưỡng tất cả các yếu tố để đảm bảo hiệu suất tối ưu cho nhu cầu sử dụng của mình.",,"cáp mạng, Thông số kỹ thuật, kết nối internet",https://images2.thanhnien.vn/thumb_w/640/528068263637045248/2026/1/19/1-176880508535987452258.jpg,"[""https://images2.thanhnien.vn/thumb_w/640/528068263637045248/2026/1/19/1-176880508535987452258.jpg""]",,2026-01-19T14:22:00+07:00,2026-07-03T14:34:13.792773,Công nghệ,,,,
18525101717085384,https://thanhnien.vn/pokemon-legends-z-a-gap-phan-ung-trai-chieu-tu-game-thu-vi-toi-uu-hoa-kem-18525101717085384.htm,thanhnien.vn,,,,,,'Pokémon Legends: Z-A' gặp phản ứng trái chiều từ game thủ vì tối ưu hóa kém,Tựa game Pokémon Legends: Z-A mới nhất ra mắt trên Switch thu hút sự chú ý nhưng cũng gây tranh cãi vì nội dung bị rò rỉ và hiệu năng không đồng đều giữa các thiết bị.,"Theo Gamerant , Pokémon Legends: Z-A chính thức phát hành ngày 15.10 vừa qua trên Nintendo Switch, đánh dấu sự trở lại của loạt game theo phong cách hành động nhập vai thời gian thực. Tuy nhận được sự quan tâm lớn từ cộng đồng, trò chơi này đang đối mặt với phản ứng trái chiều liên quan đến chất lượng vận hành và thông tin bị rò rỉ từ gói nội dung tải về chưa công bố. Một trong những vấn đề gây tranh luận nhiều nhất đến từ bản mở rộng (DLC) chưa ra mắt nhưng đã xuất hiện thông tin không chính thức. Theo đó, ba Pokémon Absol, Lucario và Garchomp sẽ nhận được hình thái Mega tiến hóa thứ hai. Đây là điều chưa từng có trong lịch sử dòng game, đặt ra câu hỏi về tính cân bằng trong hệ thống chiến đấu và khả năng khai thác thương mại nội dung cũ theo hướng mới. Trái lại, Flygon - Pokémon lâu nay được cộng đồng yêu cầu có Mega tiến hóa, tiếp tục vắng mặt, khiến một bộ phận người chơi thất vọng và cho rằng nhà phát triển lựa chọn thiếu công bằng. Pokémon Legends: Z-A lấy bối cảnh thành phố Lumiose tái thiết, xoay quanh xung đột giữa công nghệ, đô thị hóa và sự tồn tại của Pokémon trong xã hội hiện đại ẢNH: NINTENDO Bên cạnh các phản ứng về nội dung, chất lượng vận hành của trò chơi cũng là một điểm gây tranh cãi. Dù Nintendo xác nhận Pokémon Legends: Z-A có thể chơi được trên cả thế hệ Switch đời cũ và Switch 2 , nhiều người dùng phản ánh trò chơi có dấu hiệu tụt khung hình, đặc biệt trong các tình huống chiến đấu đông quái hoặc di chuyển nhanh trong thành phố Lumiose. Trên nền tảng Switch 2, hiện tượng này giảm nhưng không hoàn toàn biến mất, làm dấy lên nghi ngờ về mức độ tối ưu hóa của trò chơi đối với các dòng máy khác nhau. Một điểm khác được chú ý là phần quà Mystery Gift miễn phí dành cho người đặt trước. Gói quà bao gồm Pokémon Ralts và Gardevoiritem, vật phẩm cho phép tiến hóa Mega. Dù đây là thông lệ quen thuộc với nhiều trò chơi Pokémon gần đây, việc giới hạn thời gian nhận đến ngày 30.11 và không cung cấp mã cụ thể khiến một số người chơi không kịp tiếp cận phần thưởng. Về mặt thiết kế, trò chơi nhận nhiều đánh giá tích cực về môi trường đô thị mở, mô phỏng thành phố Lumiose với nhiều lớp kiến trúc và tuyến đường đan xen. Tuy nhiên, chính quy mô này cũng gây áp lực lên phần cứng, nhất là với Switch đời đầu. The Pokémon Company chưa đưa ra bình luận chính thức về các rò rỉ liên quan đến DLC, nhưng sức ép từ người chơi có thể buộc nhà phát triển điều chỉnh một số quyết định để giữ vững sự quan tâm từ thị trường.",,"Nintendo, Nintendo Switch 2, Người chơi",https://images2.thanhnien.vn/thumb_w/640/528068263637045248/2025/10/17/aa5794f0-8a3d-11f0-96fd-7aaba59f8a06-1760695531298650707036.jpeg,"[""https://images2.thanhnien.vn/thumb_w/640/528068263637045248/2025/10/17/aa5794f0-8a3d-11f0-96fd-7aaba59f8a06-1760695531298650707036.jpeg""]",,2025-10-19T10:02:00+07:00,2026-07-03T14:34:14.125189,Công nghệ,,,,
185250128201152278,https://thanhnien.vn/phuong-phap-dot-pha-dua-may-tinh-luong-tu-den-gan-thuc-tien-hon-185250128201152278.htm,thanhnien.vn,,,,,,Phương pháp đột phá đưa máy tính lượng tử đến gần thực tiễn hơn,"Các nhà nghiên cứu tại Mỹ vừa phát triển phương pháp mới giúp mô phỏng electron trong chất xúc tác hiệu quả hơn trên máy tính lượng tử, mở ra cơ hội ứng dụng sớm trong thực tế.","Tối ưu hóa mô phỏng electron trên máy tính lượng tử Theo ArsTechnica , một nhóm nghiên cứu từ Đại học California, Berkeley và Đại học Harvard (Mỹ) đã phát triển một phương pháp đột phá, cho phép mô phỏng hành vi của electron trong các phân tử nhỏ, như chất xúc tác, một cách hiệu quả hơn trên máy tính lượng tử (Quantum Computer). Phương pháp này không chỉ giảm bớt yêu cầu phần cứng mà còn mở ra tiềm năng sử dụng máy tính lượng tử để giải quyết các bài toán khoa học phức tạp sớm hơn so với dự kiến. Electron trong chất xúc tác có vai trò quyết định các phản ứng hóa học. Tuy nhiên, để mô phỏng đầy đủ các trạng thái của electron và tương tác của chúng, cần một lượng lớn qubit (viết tắt của quantum bit - đơn vị thông tin cơ bản trong máy tính lượng tử, tương tự như bit trong máy tính truyền thống) cùng các thao tác phức tạp. Điều này đòi hỏi phần cứng máy tính lượng tử phải đạt đến mức độ vượt xa hiện nay. Nhóm nghiên cứu đã giải quyết bài toán bằng cách sử dụng máy tính truyền thống để đơn giản hóa các yếu tố không quan trọng trong hệ thống phân tử. Cụ thể, họ tập trung vào các trạng thái năng lượng thấp nhất, nơi các spin (góc quay) chưa ghép cặp của electron tương tác mạnh mẽ nhất. Sau đó, các thông số được đưa vào máy tính lượng tử để mô phỏng chi tiết hành vi của hệ electron. Lợi thế từ công nghệ nguyên tử trung hòa Một phát hiện quan trọng trong nghiên cứu này là tiềm năng của máy tính lượng tử dựa trên công nghệ nguyên tử trung hòa. Trong các máy tính lượng tử thông thường, các phép tính chỉ được thực hiện thông qua các cổng một qubit hoặc hai qubit. Điều này không chỉ làm tăng thời gian tính toán mà còn dẫn đến nhiều lỗi hơn. Nhờ khả năng di chuyển các nguyên tử trung hòa để tạo thành cụm, công nghệ này cho phép thực hiện các phép tính với nhiều qubit cùng lúc, giảm thiểu đáng kể số thao tác cần thiết. Kết quả là, mô phỏng có thể được thực hiện nhanh hơn và ít lỗi hơn, ngay cả khi sử dụng các máy tính lượng tử chưa đạt mức lỗi cực thấp như mong muốn. Phương pháp mới sử dụng máy tính lượng tử để mô phỏng trạng thái của electron trong Mn₄O₅Ca, giúp giải bài toán lượng tử phức tạp dễ dàng hơn ẢNH: NATURE Nhóm nghiên cứu đã thử nghiệm phương pháp này trên cụm phân tử Mn4O5Ca, một chất tham gia vào quá trình quang hợp. Kết quả cho thấy họ có thể tính toán chính xác ""bậc thang spin"" - danh sách các trạng thái năng lượng thấp nhất mà electron có thể chiếm giữ. Những thông tin này không chỉ giúp hiểu rõ hơn về tính chất của phân tử mà còn có thể ứng dụng vào nghiên cứu các vật liệu mới. Hướng đi mới cho máy tính lượng tử Phương pháp mới mang lại hai đóng góp lớn cho lĩnh vực máy tính lượng tử. Thứ nhất, nó cho thấy máy tính lượng tử có thể được sử dụng để giải quyết các bài toán lượng tử phức tạp hơn so với khả năng của máy tính truyền thống. Thứ hai, nhờ tối ưu hóa thuật toán và công nghệ phần cứng, các ứng dụng thực tiễn của máy tính lượng tử có thể xuất hiện sớm hơn dự kiến. Mặc dù máy tính lượng tử hiện tại vẫn gặp thách thức về tỷ lệ lỗi, phương pháp này cho thấy không cần giảm đáng kể lỗi phần cứng để thực hiện các mô phỏng phức tạp. Điều này đồng nghĩa với việc các nhà khoa học có thể bắt đầu ứng dụng máy tính lượng tử vào các nghiên cứu hóa học, vật liệu học và sinh học trong tương lai gần. Máy tính lượng tử không chỉ đơn thuần là một công cụ tính toán mạnh mẽ hơn, mà còn là bước đột phá trong việc giải quyết các vấn đề mà máy tính truyền thống không thể làm được. Nghiên cứu này cho thấy tiềm năng to lớn của công nghệ lượng tử khi kết hợp các phương pháp thông minh với nền tảng phần cứng tiên tiến. Với những bước tiến như thế, máy tính lượng tử đang ngày càng đến gần với thực tiễn.",,"phương pháp, Mô phỏng, nghiên cứu, electron, ứng dụng",https://images2.thanhnien.vn/thumb_w/640/528068263637045248/2025/1/28/screenshot-2025-01-28-at-195332-17380688212941836747511.png,"[""https://images2.thanhnien.vn/thumb_w/640/528068263637045248/2025/1/28/screenshot-2025-01-28-at-195332-17380688212941836747511.png""]",,2025-01-31T13:24:00+07:00,2026-07-03T14:34:14.142541,Công nghệ,,,,
185250825104941614,https://thanhnien.vn/du-an-dgreen-go-green-cua-di-dong-viet-nhan-nhieu-huong-ung-tich-cuc-185250825104941614.htm,thanhnien.vn,,,,,,Dự án D.Green Go Green của Di Động Việt nhận nhiều hưởng ứng tích cực,"Sau gần hai tuần phát động, Di Động Việt ghi nhận sự tham gia từ hàng trăm khách hàng, chiến dịch này vẫn đang được lan tỏa trên toàn hệ thống.","Theo đó, từ ngày 8.8, Di Động Việt bắt đầu phát động chiến dịch D.Green Go Green, kêu gọi cộng đồng cùng “Giảm rác thải điện tử - Giữ môi trường xanh”. Đến thời điểm hiện tại, sau khoảng 2 tuần, D.Green Go Green vẫn đang nhận được sự hưởng ứng nhiệt tình từ đông đảo khách hàng. Tại các cửa hàng Di Động Việt, chiến dịch D.Green Go Green nhận được sự hưởng ứng của khách hàng tham gia Ảnh: CTV Trong đó, các cửa hàng Di Động Việt tại 79 Đồng Khởi, 307-309 đường 3 Tháng 2, 97 Võ Văn Ngân, 438 Lê Trọng Tấn (TP.HCM), có lượng khách hàng quyết định lên đời điện thoại, tablet, smartwatch và thiết bị công nghệ mới cao nhất, chiếm đến hơn 60% tổng số lượng thu đổi của chiến dịch. Đồng thời, đây cũng là những điểm có lượt khách mang rác thải điện tử đến nhiều nhất. Đến nay, hàng trăm thiết bị đã được thu gom, phân loại để tái chế, sửa chữa hoặc xử lý đúng quy định, góp một phần nhỏ vào hành trình giảm rác thải điện tử. Song song đó, số lượt khách hàng tham gia D.Green Go Green đang tiếp tục tăng, cho thấy sức lan tỏa mạnh mẽ của chiến dịch. Hiện chương trình D.Green Go Green vẫn diễn ra trên toàn hệ thống Di Động Việt. Khách hàng có thể tham gia theo hai hình thức: gửi thiết bị điện tử cũ vào thùng thu gom D.Green tại 12 cửa hàng tại TP.HCM; hoặc tham gia “Thu cũ - Đổi mới” tại bất kỳ cửa hàng nào trên toàn hệ thống với chính sách trợ giá lên đời thiết bị mới đến 4,5 triệu đồng, thu đổi phụ kiện tặng voucher 10%. Dù tham gia chương trình theo hình thức nào, khách hàng đều sẽ nhận được giấy chứng nhận “Đã tham gia D.Green Go Green” thay lời cảm ơn của Di Động Việt. Song song với sự ủng hộ và hưởng ứng nhiệt tình của khách hàng, D.Green Go Green còn được tiếp sức từ các đối tác như Xanh Việt Nam, Viện Di Động, Việt Nam tái chế. Cùng sự đồng hành của nhiều thương hiệu uy tín như Samsung, ZAGG, Acefast, ESR, Belkin, Innostyle, Synnex FPT…",,"Go Green, di động, điện tử, rác thải, điện thoại",https://images2.thanhnien.vn/thumb_w/640/528068263637045248/2025/8/25/smartphone-17560935303551315505064.png,"[""https://images2.thanhnien.vn/thumb_w/640/528068263637045248/2025/8/25/smartphone-17560935303551315505064.png""]",,2025-08-25T10:33:00+07:00,2026-07-03T14:34:14.223773,Công nghệ,,,,
185250522061725688,https://thanhnien.vn/ios-184-an-chua-mot-chi-tiet-it-nguoi-chu-y-185250522061725688.htm,thanhnien.vn,,,,,,iOS 18.4 ẩn chứa một chi tiết ít người chú ý,Apple đã bí mật mang đến iOS 18.4 mà hãng phát hành cách nay không lâu một tính năng mới mà không phải ai cũng dễ dàng nhận ra.,"Sau mỗi bản cập nhật lớn như iOS 17 và iOS 18, Apple thường phát hành các bản cập nhật nhỏ hơn như iOS 18.1, 18.2, 18.3, nhằm sửa lỗi và cải thiện hiệu suất, đồng thời mang đến những tính năng mới tinh tế mà người dùng có thể không nhận ra ngay lập tức. Một trong những thay đổi nhỏ nhưng đáng chú ý trong iOS 18.4 là sự xuất hiện của một chấm đen nhỏ bên phải Dynamic Island của iPhone. Nhiều người dùng có thể thắc mắc về ý nghĩa của chấm đen này, tuy nhiên điều đó không quá lo lắng bởi đây không phải là điểm ảnh chết hay sự cố phần cứng. Chấm đen là nền để hiển thị các chấm xanh và cam nhằm giúp người dùng dễ nhận biết hơn ẢNH: YOUTUBE Mục đích của chấm đen trên iOS 18.4 Nếu đã sử dụng iPhone trong một thời gian, có lẽ người dùng đã quen thuộc với các chấm xanh lá cây và cam xuất hiện ở đầu màn hình. Những chỉ báo này được giới thiệu từ iOS 14, cho biết khi nào một ứng dụng đang sử dụng camera (chấm xanh) hoặc micrô (chấm cam). Người dùng có thể mở Trung tâm điều khiển để kiểm tra ứng dụng nào đang sử dụng các tính năng này. Trong bản cập nhật iOS 18.4, Apple đã tinh chỉnh cách hiển thị các chỉ báo quyền riêng tư này. Thay vì bị đẩy sang góc trên bên phải khi Dynamic Island hiển thị Hoạt động trực tiếp, các chỉ báo giờ đây xuất hiện ngay bên ngoài Dynamic Island với nền đen giúp người dùng dễ nhận biết hơn. Khi Dynamic Island không hoạt động, các chỉ báo sẽ nằm bên trong; khi có Hoạt động trực tiếp, chúng sẽ hiển thị bên cạnh. Sau khi người dùng đóng các ứng dụng sử dụng camera hoặc micrô, chấm đen sẽ tự động biến mất. Nếu chấm đen vẫn còn, người dùng có thể thử khởi động lại iPhone bằng cách nhấn và giữ nút giảm âm lượng cùng với nút nguồn, sau đó vuốt sang phải trên thanh trượt để tắt máy. Khi iPhone đã tắt, hãy nhấn và giữ nút bên nguồn cho đến khi logo Apple xuất hiện. Sau khi khởi động lại, chấm đen sẽ không còn xuất hiện trên màn hình nữa.",,"tính năng mới, Dynamic Island, Apple",https://images2.thanhnien.vn/thumb_w/640/528068263637045248/2025/5/21/1-1747869312678939095965.jpg,"[""https://images2.thanhnien.vn/thumb_w/640/528068263637045248/2025/5/21/1-1747869312678939095965.jpg""]",,2025-05-22T07:13:00+07:00,2026-07-03T14:34:14.444971,Công nghệ,,,,
185250408115128233,https://thanhnien.vn/nguoi-dung-can-lap-tuc-cap-nhat-winrar-de-va-lo-hong-nguy-hiem-185250408115128233.htm,thanhnien.vn,,,,,,Người dùng cần lập tức cập nhật WinRAR để vá lỗ hổng nguy hiểm,Cảnh báo khẩn cấp cho người dùng WinRAR về lỗ hổng nghiêm trọng giúp tin tặc tấn công Windows.,"Theo Bleeping Computer , hàng triệu người dùng máy tính Windows đang sử dụng phần mềm nén và giải nén WinRAR cần cập nhật phiên bản mới ngay lập tức vì một lỗ hổng nguy hiểm. Các chuyên gia an ninh mạng vừa công bố chi tiết về một lỗ hổng bảo mật đáng lo ngại (mã định danh CVE-2025-31334) tồn tại trong các phiên bản cũ của phần mềm cực kỳ phổ biến này. Phần mềm nén WinRAR bị phát hiện có lỗ hổng nguy hiểm Lỗ hổng được phát hiện có thể cho phép tội phạm mạng thực hiện một kỹ thuật tinh vi để qua mặt tính năng bảo mật quan trọng 'Mark of the Web' (MotW) của Windows, mở đường cho việc cài cắm phần mềm độc hại lên máy tính nạn nhân mà không có cảnh báo nào được hiển thị. Phần mềm nén tệp WinRAR bị phát hiện có lỗ hổng nguy hiểm ẢNH: CHỤP MÀN HÌNH NETHELP SECURITY Lỗ hổng này khai thác cách WinRAR xử lý các liên kết Symbolic (Symlink) bên trong một tệp tin nén (như .rar). Thông thường, khi bạn tải một tệp thực thi (.exe) từ internet và cố gắng chạy nó, tính năng MotW của Windows sẽ bật lên một cửa sổ cảnh báo về nguồn gốc không an toàn của tệp. Tuy nhiên, kẻ tấn công có thể tạo ra một tệp nén chứa một Symlink được thiết kế đặc biệt để trỏ đến một tệp thực thi độc hại khác (cũng có thể nằm trong tệp nén hoặc ở nơi khác). Khi người dùng giải nén và nhấp đúp vào Symlink đó từ giao diện WinRAR, cơ chế xử lý của phần mềm sẽ khiến cho cảnh báo MotW không xuất hiện, cho phép mã độc chạy một cách âm thầm. Lỗ hổng CVE-2025-31334, được phát hiện bởi nhà nghiên cứu Nhật Bản Shimamine Taihei và đánh giá ở mức độ nghiêm trọng trung bình (6.8/10), ảnh hưởng đến tất cả phiên bản WinRAR trước phiên bản 7.11. Nhận thức được mức độ nguy hiểm, nhà phát triển WinRAR đã nhanh chóng phát hành bản vá lỗi trong phiên bản 7.11 mới nhất. Do đó, việc cập nhật WinRAR lên phiên bản 7.11 hoặc mới hơn là điều cần thiết ngay lúc này để bảo vệ máy tính , hãy tải về phiên bản mới nhất tại trang chủ rarlab.com . Đây không phải là lần đầu tiên các phần mềm nén file trở thành mục tiêu để vượt qua MotW. Tội phạm mạng luôn tìm cách né tránh lớp bảo mật này. Gần đây nhất, vào cuối tháng 1.2025, phần mềm 7-Zip cũng đã phải vá khẩn cấp lỗ hổng CVE-2025-0411 có cơ chế tấn công tương tự. Trước đó vào năm 2022, các nhà nghiên cứu cũng phát hiện cách dùng tệp .zip được bảo vệ bằng mật khẩu chứa tệp .ISO bên trong để vượt mặt MotW. Để đảm bảo an toàn tối đa, bên cạnh việc cập nhật WinRAR ngay lập tức, người dùng cũng nên tập thói quen cập nhật thường xuyên tất cả phần mềm nén/giải nén khác mà mình đang sử dụng. Quan trọng hơn, hãy luôn nâng cao cảnh giác , không tải và mở các tệp tin, đặc biệt là tệp nén (.rar, .zip...), từ các nguồn không rõ ràng, không đáng tin cậy hoặc từ các email/tin nhắn lạ.",,"Windows, Bảo mật, WinRAR, cập nhật, 7-Zip, Độc hại, tội phạm, mã độc, bảo vệ, Tính năng",https://images2.thanhnien.vn/thumb_w/640/528068263637045248/2025/4/8/rar-17440880611371862436455.jpg,"[""https://images2.thanhnien.vn/thumb_w/640/528068263637045248/2025/4/8/rar-17440880611371862436455.jpg""]",,2025-04-08T13:09:00+07:00,2026-07-03T14:34:15.192150,Công nghệ,,,,
185250312172513015,https://thanhnien.vn/doanh-so-may-mac-tang-truong-manh-me-185250312172513015.htm,thanhnien.vn,,,,,,Doanh số máy Mac tăng trưởng mạnh mẽ,Dòng Mac của Apple đã khẳng định vị thế dẫn đầu trong ngành công nghiệp máy tính nhờ vào khả năng đổi mới và phát triển không ngừng.,"Theo báo cáo gần đây từ hãng nghiên cứu Canalys, thị phần máy Mac đã tăng trưởng mạnh mẽ trong quý cuối cùng của năm ngoái khi vượt qua ba thương hiệu PC hàng đầu. Cụ thể, Apple hiện chiếm 45% thị phần trong lĩnh vực máy tính hỗ trợ trí tuệ nhân tạo (AI), trong khi đối thủ gần nhất là máy tính chạy Windows chỉ đạt 15%. Doanh số máy Mac trong quý 4/2024 cũng vượt xa các thương hiệu lớn như Lenovo, HP và Dell, với mức tăng trưởng 10% trên toàn thị trường và đưa Apple lên vị trí thứ tư. Apple thắng lớn trên thị trường máy tính nhờ làn sóng thiết bị hỗ trợ AI ẢNH: APPLE Một phần thành công này đến từ chương trình ""Apple Partner Network"" giúp các doanh nghiệp dễ dàng tiếp cận và bán máy Mac, đồng thời cung cấp dịch vụ hỗ trợ khách hàng. Chương trình này cũng chứng minh máy Mac có thể tích hợp tốt với các hệ thống mà doanh nghiệp đang sử dụng. Doanh số máy Mac vượt xa các thương hiệu PC lớn Trên thị trường máy tính cá nhân hỗ trợ AI, Apple chiếm ưu thế với 54% thị phần, trong khi Lenovo và HP mỗi hãng chỉ có 12%. Sự dẫn đầu này được thúc đẩy bởi việc tích hợp chip AI chuyên dụng vào máy Mac, từ đó mang lại trải nghiệm cá nhân hóa và tăng năng suất cho người dùng. Trong năm 2024, 17% máy tính xuất xưởng được tích hợp AI và Apple tiếp tục là cái tên dẫn đầu thị trường. Mặc dù khả năng AI chưa phải là yếu tố quyết định trong việc mua sắm của người tiêu dùng nhưng tầm quan trọng của nó dự kiến sẽ gia tăng theo thời gian. Báo cáo cũng chỉ ra việc Microsoft ngừng hỗ trợ Windows 10 vào cuối năm nay đã thúc đẩy sự đổi mới thiết bị trong lĩnh vực kinh doanh, mang lại lợi ích cho tất cả nhà sản xuất. Tuy nhiên, chính sách thuế quan của chính quyền ông Donald Trump có thể ảnh hưởng tiêu cực đến việc nhập khẩu máy tính xách tay từ Trung Quốc vào Mỹ.",,"Doanh số bán hàng, máy tính xách tay, trí tuệ nhân tạo",https://images2.thanhnien.vn/thumb_w/640/528068263637045248/2025/3/12/1-1741775017301497438189.jpg,"[""https://images2.thanhnien.vn/thumb_w/640/528068263637045248/2025/3/12/1-1741775017301497438189.jpg""]",,2025-03-12T19:05:00+07:00,2026-07-03T14:34:15.541017,Công nghệ,,,,
185260316153634552,https://thanhnien.vn/cong-nghe-la-o-trung-quoc-bon-tieu-co-the-phan-tich-nuoc-tieu-bang-ai-185260316153634552.htm,thanhnien.vn,,,,,,Công nghệ lạ ở Trung Quốc: Bồn tiểu có thể phân tích nước tiểu bằng AI,"Bồn tiểu tích hợp AI (trí tuệ nhân tạo) tại Trung Quốc có thể phân tích nước tiểu trong vài phút, từ đó phát hiện nguy cơ tiểu đường hoặc bệnh thận.","Mọi người đều quan tâm đến sức khỏe bản thân, tuy nhiên không phải ai cũng phát hiện ra bệnh khi chúng không có dấu hiệu rõ ràng. Để giúp người dùng theo dõi sức khỏe nhanh chóng, một công ty tại Trung Quốc đã lắp đặt các bồn tiểu thông minh nhằm cho phép họ kiểm tra sức khỏe thông qua phân tích nước tiểu. Bồn tiểu thông minh Trung Quốc có thể giúp cách mạng hóa các nhà vệ sinh công cộng trong tương lai? ẢNH: CHỤP MÀN HÌNH X Theo BGR , một đạo diễn phim tài liệu có tên Christian Peterson-Clausen đã trải nghiệm dịch vụ nói trên và chia sẻ trên tài khoản X cá nhân. Vị đạo diễn này cho biết, sau khi sử dụng bồn tiểu đặc biệt tại một nhà vệ sinh công cộng, ông đã trả 20 nhân dân tệ (khoảng 76.000 đồng) để nhận báo cáo phân tích nước tiểu. Phân tích này có thể phát hiện các vấn đề sức khỏe như tiểu đường hay bệnh thận thông qua việc đo độ pH và nồng độ glucose. Khác với phương pháp truyền thống sử dụng kính hiển vi và que thử, các bồn tiểu đặc biệt này sử dụng cảm biến tích hợp và AI để kiểm tra các chỉ số như glucose, vitamin C và bạch cầu, với kết quả được trả về chỉ sau vài phút. Những vấn đề với bồn tiểu thông minh Trung Quốc Peterson-Clausen cho biết nhà sản xuất đang mở rộng lắp đặt các bồn tiểu thông minh trên khắp Trung Quốc. Tuy nhiên, vấn đề bảo mật thông tin cá nhân đã được nêu ra, đặc biệt khi người dùng thanh toán qua WeChat - một nền tảng nhắn tin phổ biến tại Trung Quốc. Mặc dù công nghệ mang lại sự tiện lợi, vẫn còn nhiều người chưa quen với việc sử dụng bồn tiểu thông minh. Bồn tiểu thông minh đang được triển khai ở nhiều địa điểm trên khắp Trung Quốc ẢNH: CHỤP MÀN HÌNH X Hơn nữa, chúng hiện chỉ có mặt tại một số thành phố lớn như Bắc Kinh và Thượng Hải, trong khi không phải ai cũng quan tâm đến công nghệ này. Đặc biệt, do phương pháp xét nghiệm được giữ kín, nhiều người dùng tiềm năng đã bày tỏ lo ngại về độ chính xác của kết quả và vấn đề khử trùng thiết bị vì sự lây nhiễm chéo có thể dẫn đến dữ liệu sai lệch. Một điểm đáng chú ý là dịch vụ này chủ yếu phục vụ nam giới, trong khi xét nghiệm nước tiểu không chỉ giới hạn ở sức khỏe nam giới . Ngoài ra, Peterson-Clausen nhấn mạnh rằng các dữ liệu từ bồn tiểu sẽ giúp người dùng chủ động trong việc lên lịch khám sức khỏe sâu hơn tại các phòng khám, nơi các bác sĩ có thể đưa ra kết luận dựa trên các chỉ số trực tiếp.",,"Công nghệ thông minh, trí tuệ nhân tạo, Nhà vệ sinh, sức khỏe",https://images2.thanhnien.vn/thumb_w/640/528068263637045248/2026/3/16/1-17736499449321261531957.jpg,"[""https://images2.thanhnien.vn/thumb_w/640/528068263637045248/2026/3/16/1-17736499449321261531957.jpg"", ""https://images2.thanhnien.vn/thumb_w/640/528068263637045248/2026/3/16/2-1773649977389146650823.jpg""]",,2026-03-18T09:54:00+07:00,2026-07-03T14:34:15.622917,Công nghệ,,,,
185251023143451442,https://thanhnien.vn/nang-cap-nho-tren-gemini-tao-su-khac-biet-cho-nguoi-dung-185251023143451442.htm,thanhnien.vn,,,,,,Nâng cấp nhỏ trên Gemini tạo sự khác biệt cho người dùng,Google đang nỗ lực cải tiến trợ lý AI Gemini nhằm mang đến trải nghiệm trò chuyện hữu ích và thoải mái hơn cho người dùng.,"Hiện tại, khi người dùng giao tiếp với Gemini và tạm dừng một chút, trợ lý này thường ngừng nghe. Điều này có thể gây khó chịu, đặc biệt khi người dùng đang suy nghĩ về câu trả lời tiếp theo. Để khắc phục vấn đề này, Google đang thử nghiệm một tính năng mới cho phép người dùng khóa micrô. Cụ thể, họ chỉ cần nhấn và giữ nút micrô trong ứng dụng Gemini, micrô sẽ tiếp tục hoạt động ngay cả khi có sự tạm dừng trong cuộc trò chuyện. Khi hoàn tất, chỉ cần nhấn nút dừng. Tính năng này giúp người dùng không phải vội vàng nói và tránh tình trạng bị ngắt lời khi đang suy nghĩ. Google đang nỗ lực thêm nút tắt tiếng vào Gemini ẢNH: ANDROID AUTHORITY Tùy chọn micrô mới này đã có trong phiên bản thử nghiệm mới nhất (16.42.61) của ứng dụng Google, bao gồm cả phím tắt Gemini. Mặc dù tính năng này hiện chưa được triển khai cho tất cả người dùng nhưng công ty đang tích cực thử nghiệm và có thể sẽ sớm ra mắt. Google liên tục thực hiện cải tiến cho Gemini Ngoài ra, Google cũng đang nghiên cứu thiết kế cải tiến cho lớp phủ Gemini Live , cho phép người dùng di chuyển nút này đến nhiều vị trí khác nhau trên màn hình, như trái, phải, trên cùng, giữa hoặc dưới cùng, giúp không làm gián đoạn trải nghiệm khi sử dụng các ứng dụng khác. Những thay đổi này đang trong quá trình thử nghiệm và có thể chưa có sẵn ngay lập tức. Tuy nhiên, chúng cho thấy Google đang lắng nghe phản hồi từ người dùng và nỗ lực cải thiện Gemini để mang đến những cuộc trò chuyện tự nhiên và thoải mái hơn.",,"Google, chatbot AI, trí tuệ nhân tạo, tính năng mới",https://images2.thanhnien.vn/thumb_w/660/528068263637045248/2025/10/23/2-1761204691319777201808.jpg,"[""https://images2.thanhnien.vn/thumb_w/660/528068263637045248/2025/10/23/2-1761204691319777201808.jpg"", ""https://images2.thanhnien.vn/thumb_w/660/528068263637045248/2025/10/23/3-17612046913382137337784.jpg"", ""https://images2.thanhnien.vn/thumb_w/660/528068263637045248/2025/10/23/4-1761204691373388321796.jpg"", ""https://images2.thanhnien.vn/thumb_w/660/528068263637045248/2025/10/23/5-17612046914021783401773.jpg""]",,2025-10-23T16:07:00+07:00,2026-07-03T14:34:15.793692,Công nghệ,,,,
185240508103644338,https://thanhnien.vn/nhung-dieu-can-lam-truoc-khi-cap-nhat-dien-thoai-samsung-len-one-ui-61-185240508103644338.htm,thanhnien.vn,,,,,,Những điều cần làm trước khi cập nhật điện thoại Samsung lên One UI 6.1,Việc cập nhật lên One UI 6.1 của Samsung có một số lưu ý quan trọng dành cho thiết bị Galaxy.,"Theo GizChina , Samsung vừa tung ra bản cập nhật phần mềm mới nhất mang tên One UI 6.1, mang đến nhiều tính năng đột phá cho các thiết bị Galaxy tương thích, sáng giá nhất là Circle to Search (vẽ để tìm kiếm) và các chức năng trí tuệ nhân tạo (AI) nâng cao. Samsung triển khai One UI 6.1 đến các dòng điện thoại cũ hơn CHỤP MÀN HÌNH GIZCHINA Được giới thiệu lần đầu tiên cùng dòng Galaxy S24, giờ đây bản cập nhật One UI 6.1, hiện được triển khai rộng rãi hơn cho các dòng máy cũ như S23, S22, S21, Z Fold (Z Fold3, Z Flip3, Z Fold4, Z Flip4) và Tab S (Tab S8+, Tab S9). Tuy nhiên, để đảm bảo quá trình cập nhật diễn ra suôn sẻ và an toàn, người dùng cần lưu ý một số bước quan trọng trước khi tải xuống. Sao lưu dữ liệu Đây là bước quan trọng trước khi thực hiện bất kỳ bản cập nhật phần mềm nào. Việc sao lưu toàn diện sẽ giúp bảo vệ dữ liệu của bạn trong trường hợp xảy ra sự cố trong quá trình cập nhật. Người dùng có thể sao lưu dữ liệu qua Samsung Cloud hoặc Google Drive, được tích hợp sẵn trong ứng dụng Cài đặt (Settings) trên thiết bị. Xử lý vấn đề màn hình khóa Một số phản hồi từ người dùng cho thấy có thể xảy ra lỗi truy cập màn hình khóa trong quá trình cập nhật. Do đó, bạn nên tạm thời vô hiệu hóa tính năng bảo mật màn hình khóa để tránh gặp sự cố. Sau khi cập nhật hoàn tất, hãy bật lại tính năng bảo mật. Tạm thời tắt màn hình khóa trước khi cập nhật One UI 6.1 CHỤP MÀN HÌNH TOM'S GUIDE Giải phóng dung lượng lưu trữ Bản cập nhật One UI 6.1 có thể yêu cầu thêm dung lượng lưu trữ. Hãy kiểm tra dung lượng còn trống trên thiết bị và xóa các tập tin không cần thiết, hoặc chuyển dữ liệu sang thiết bị lưu trữ ngoài nếu cần. Sạc đầy pin Đảm bảo pin thiết bị của bạn được sạc đầy (hoặc đảm bảo mức pin trên 50%) trước khi bắt đầu cập nhật . Pin yếu trong quá trình cập nhật có thể dẫn đến gián đoạn hoặc gây ra lỗi phần mềm. Sử dụng kết nối Wi-Fi Nên sử dụng mạng Wi-Fi ổn định để tải xuống và cài đặt bản cập nhật. Việc tải xuống bản cập nhật dung lượng lớn qua mạng di động có thể mất nhiều thời gian và tốn kém chi phí. Ngoài ra, người dùng cũng nên đảm bảo thiết bị đáp ứng các yêu cầu tối thiểu để cập nhật One UI 6.1. Thông tin chi tiết về các yêu cầu này có thể được tìm thấy trên trang web hỗ trợ của Samsung. Việc tuân thủ các bước trên sẽ giúp người dùng trải nghiệm quá trình cập nhật One UI 6.1 một cách suôn sẻ và an toàn, tận hưởng tối đa các tính năng mới và nâng cao của phiên bản phần mềm này.",,"vô hiệu hóa, tính năng mới, cập nhật, điện thoại samsung",https://images2.thanhnien.vn/thumb_w/640/528068263637045248/2024/5/8/one-ui-61-new-1715139450168-17151394508642076515917.png,"[""https://images2.thanhnien.vn/thumb_w/640/528068263637045248/2024/5/8/one-ui-61-new-1715139450168-17151394508642076515917.png"", ""https://images2.thanhnien.vn/thumb_w/640/528068263637045248/2024/5/8/j6nnsjchifusufntwowqva-1715139538112-1715139538878148643359.jpg""]",,2024-05-10T09:10:00+07:00,2026-07-03T14:34:15.877628,Công nghệ,,,,
185240611215707432,https://thanhnien.vn/canon-phat-trien-ong-kinh-quay-video-cho-vision-pro-185240611215707432.htm,thanhnien.vn,,,,,,Canon phát triển ống kính quay video cho Vision Pro,"Tại hội nghị các nhà phát triển - WWDC 2024, Aple đã thông báo Canon sẽ ra mắt ống kính cho máy ảnh EOS R7 để giúp tạo video không gian cho Vision Pro.","Ở lần ra mắt Vision Pro, Apple đã khiến người dùng ngạc nhiên với trải nghiệm sống động mà thiết bị này đem đến. Hãng cũng hứa hẹn sẽ làm cho chiếc kính trở nên liền mạch hơn nữa với những nâng cấp đang thực hiện. Với việc hợp tác với Canon , hãng sẽ đảm bảo nội dung quay từ ống kính máy ảnh mới sẽ tạo ra nội dung tương thích hoàn hảo cho Vision Pro. Thông báo được Apple đưa ra cùng với bản cập nhật visionOS 2 dành cho dòng kính thực tế ảo của hãng. Cụ thể, Canon sẽ tung ra ống kính không gian RF-S 7.8mm f/4 STM DUAL dành riêng cho máy EOS R7 vào mùa thu năm nay. Với ống kính này, người dùng có thể quay video không gian ngay cả trong những điều kiện ánh sáng không phù hợp. Sau đó, ứng dụng EOS VR Utility sẽ chuyển đổi video được quay thành video không gian mà người xem có thể thưởng thức trên kính Vision Pro. Ống kính Canon RF-S 7.8mm f/4 STM DUAL dùng tạo video không gian cho Vision Pro CHỤP MÀN HÌNH CANON Ống kính mới có góc trường tương tự như trường nhìn của mắt người, được trang bị cơ chế lấy nét tự động tốc độ cao. Canon đã ra mắt hệ thống EOS VR để quay video chân thực và video VR từ năm 2021, đáp ứng nhu cầu sản xuất video trong nhiều lĩnh vực khác nhau bao gồm giải trí, du lịch và giáo dục. Hệ thống EOS VR có ống kính kép và sử dụng ống kính trái và phải để tạo nội dung có chiều sâu. Để hợp lý hóa quy trình sản xuất video, ánh sáng đi vào từ các ống kính được ghi lại trên cảm biến CMOS duy nhất, giúp loại bỏ nhu cầu điều chỉnh hoặc đồng bộ hóa vị trí máy ảnh hoặc nhu cầu ghép các cảnh lại với nhau sau khi quay phim. Ống kính RF-S 7.8mm f/4 STM DUAL là sản phẩm bổ sung mới nhất cho hệ thống EOS VR của Canon.",,"Apple, Vision Pro, Kính thực tế ảo, thực tế ảo",https://images2.thanhnien.vn/thumb_w/640/528068263637045248/2024/6/11/canon-apple-vision-pro-17181180919341256310601.png,"[""https://images2.thanhnien.vn/thumb_w/640/528068263637045248/2024/6/11/canon-apple-vision-pro-17181180919341256310601.png""]",,2024-06-12T14:45:00+07:00,2026-07-03T14:34:17.086046,Công nghệ,,,,
185250415102620502,https://thanhnien.vn/samsung-dua-one-ui-7-tro-lai-sau-khi-tam-dung-185250415102620502.htm,thanhnien.vn,,,,,,Samsung đưa One UI 7 trở lại sau khi tạm dừng,Samsung vừa thông báo bản cập nhật One UI 7 dựa trên nền tảng Android 15 đã quay trở lại đúng tiến độ sau một thời gian tạm dừng.,"Được phát hành lần đầu tiên vào ngày 7.4 cho các mẫu dòng Galaxy S24, Z Fold 6 và Z Flip 6, One UI 7 đã phải tạm dừng phát hành do một lỗi nghiêm trọng ảnh hưởng đến việc mở khóa thiết bị. One UI 7 sẽ được Samsung phát hành trở lại ngay trong ngày 15.4 ẢNH: SAMSUNG Vấn đề này chủ yếu xảy ra tại Hàn Quốc, buộc Samsung phải tạm dừng việc phát hành toàn cầu nhằm đảm bảo trải nghiệm người dùng liền mạch. Tuy nhiên, Ice Universe đã xác nhận Samsung sẽ khởi động lại quá trình triển khai vào ngày 15.4, điều này cho thấy hãng đã nhanh chóng khắc phục lỗi. Đại diện Samsung cũng thông báo: ""One UI 7 sẽ được triển khai tới người dùng dòng Galaxy S24 vào hôm nay"". One UI 7 hứa hẹn mang đến một thiết kế táo bạo với hình ảnh động mượt mà hơn, các tính năng AI (trí tuệ nhân tạo) được cải tiến và màn hình chính được đơn giản hóa. Tính năng Now Bar sẽ cung cấp các bản cập nhật màn hình khóa theo thời gian thực, trong khi các tiện ích được cải tiến và các điều khiển quyền riêng tư nâng cao sẽ tăng cường tính cá nhân hóa cho người dùng. Người dùng hết lời khen ngợi giao diện One UI 7 Những người thử nghiệm bản beta đã ca ngợi hiệu suất mượt mà và giao diện gắn kết của One UI 7, điều này khiến sự chậm trễ trở thành một trở ngại nhỏ trong một bản nâng cấp đầy hứa hẹn. Phản ứng nhanh chóng của Samsung cho thấy cam kết của hãng đối với chất lượng của phiên bản cho người dùng. Giới thiệu các tính năng mới đáng chú ý của One UI 7 Việc triển khai One UI 7 dự kiến sẽ tiếp tục trong vài ngày tới, bắt đầu với các điện thoại hàng đầu năm 2024 trước khi được mở rộng sang các thiết bị như Galaxy S23 và Galaxy Z Fold 5 vào tháng 5. Người dùng Galaxy nên theo dõi việc phát hành bản cập nhật vì giao diện được trau chuốt và các tính năng sáng tạo của One UI 7 sẽ định nghĩa lại trải nghiệm Samsung. Hiện khi truy cập vào trang One UI 7 của Newsroom của Samsung tại Việt Nam, nội dung bài viết về nền tảng này vẫn chưa thể truy cập.",,"bản cập nhật, giao diện người dùng, Android 15",https://images2.thanhnien.vn/thumb_w/640/528068263637045248/2025/4/13/1-1744587790610360551579.jpg,"[""https://images2.thanhnien.vn/thumb_w/640/528068263637045248/2025/4/13/1-1744587790610360551579.jpg""]",,2025-04-15T13:38:00+07:00,2026-07-03T14:34:17.167508,Công nghệ,,,,
185260326083735406,https://thanhnien.vn/galaxy-a57-so-huu-bluetooth-60-vuot-mat-nhung-dong-flagship-doi-cu-185260326083735406.htm,thanhnien.vn,,,,,,"Galaxy A57 sở hữu Bluetooth 6.0, vượt mặt những dòng flagship đời cũ",Galaxy A57 là mẫu smartphone tầm trung đầu tiên sở hữu 'vũ khí' kết nối của S26 Ultra.,"Theo Sammy Fans , trong khi người dùng còn đang bàn tán về mức giá, Samsung đã âm thầm trang bị cho Galaxy A57 một chuẩn kết nối không dây tiên tiến. Nhờ sức mạnh từ con chip Exynos 1680, Galaxy A57 không chỉ mạnh về trí tuệ nhân tạo (AI) mà còn trở thành smartphone tầm trung đầu tiên trên thế giới sở hữu chuẩn Bluetooth 6.0, biến mọi trải nghiệm không dây trở nên hoàn hảo hơn bao giờ hết. Galaxy A57 là điện thoại tầm trung đầu tiên sở hữu Bluetooth 6.0 ẢNH: SAMSUNG Công nghệ Bluetooth 6.0 trên Galaxy A57 mới ra mắt 'xịn' cỡ nào? Điểm đột phá nhất của Bluetooth 6.0 chính là công nghệ Bluetooth Channel Sounding. Nếu như trước đây, việc tìm kiếm tai nghe hay thẻ định vị qua Bluetooth thường có sai số lên tới nửa mét, thì với Bluetooth 6.0, độ chính xác đã đạt đến mức milimet. Khả năng này biến chiếc điện thoại của bạn thành một thiết bị định vị siêu cấp, hoạt động tương tự như công nghệ UWB (Ultra-Wideband) đắt tiền, giúp việc tìm đồ vật thất lạc trở nên dễ dàng hơn bao giờ hết. Với sự hỗ trợ của chuẩn LE Audio và codec LC3+, Galaxy A57 hứa hẹn mang đến chất lượng âm thanh thuần khiết khi kết nối với các dòng Galaxy Buds thế hệ mới. Đặc biệt, nhờ kỹ thuật chia nhỏ gói tin ISOAL tiên tiến, hiện tượng 'hình đi trước tiếng' khi xem phim hay chơi game sẽ hoàn toàn bị loại bỏ. Kết nối giờ đây cũng trở nên ổn định tuyệt đối ngay cả ở những nơi có mật độ sóng không dây dày đặc như quán cà phê hay văn phòng làm việc. Việc trang bị Bluetooth 6.0 cho thấy tham vọng của Samsung trong việc nâng tầm dòng Galaxy A. Với tốc độ tải xuống lên tới 3 Mbps cùng độ ổn định vượt trội, Galaxy A57 không chỉ là một chiếc điện thoại giải trí mà còn là một công cụ kết nối chuyên nghiệp. Mặc dù có mức giá nhỉnh hơn thế hệ trước, nhưng với những công nghệ kết nối 'đi trước thời đại' như Bluetooth 6.0, Galaxy A57 chắc chắn là một khoản đầu tư xứng đáng cho những ai muốn trải nghiệm công nghệ đỉnh cao trong một mức giá dễ tiếp cận.",,"smartphone tầm trung, Bluetooth 6.0, kết nối không dây, âm thanh, tìm đồ vật",https://images2.thanhnien.vn/thumb_w/640/528068263637045248/2026/3/26/samsung-1774489212468613180194.jpg,"[""https://images2.thanhnien.vn/thumb_w/640/528068263637045248/2026/3/26/samsung-1774489212468613180194.jpg""]",,2026-03-26T10:02:00+07:00,2026-07-03T14:34:17.311286,Công nghệ,,,,
18526032409381365,https://thanhnien.vn/apple-an-dinh-wwdc-2026-ios-27-se-co-gi-moi-18526032409381365.htm,thanhnien.vn,,,,,,"Apple ấn định WWDC 2026, iOS 27 sẽ có gì mới?","Apple đã chính thức công bố thời gian tổ chức Hội nghị các nhà phát triển toàn cầu (WWDC) 2026, diễn ra từ ngày 8 đến 12.6.","Theo PhoneArena , bài phát biểu khai mạc trực tuyến sẽ diễn ra vào ngày đầu tiên của WWDC 2026. Tại sự kiện này, bên cạnh việc giới thiệu iOS 27 , Apple cũng dự kiến sẽ công bố các hệ điều hành khác như iPadOS 27, macOS 27, watchOS 27, tvOS 27 và visionOS 27. Các nguồn tin cho biết, WWDC 2026 sẽ tập trung vào bộ công cụ trí tuệ nhân tạo Apple Intelligence, bao gồm những thông tin mới về Siri và sự hợp tác với Google Gemini. iOS 27 sẽ là một trong những điểm nhấn đáng chú ý nhất tại WWDC 2026 ẢNH: BGR Phó chủ tịch phụ trách Quan hệ Nhà phát triển Toàn cầu của Apple Susan Prescott cho biết: ""WWDC là một trong những sự kiện thú vị nhất của Apple, nơi cộng đồng nhà phát triển toàn cầu có cơ hội tham gia một tuần lễ sôi động để tôn vinh công nghệ, sự đổi mới và hợp tác. Chúng tôi rất mong được gặp gỡ nhiều người trong số các bạn trực tuyến và trực tiếp tại sự kiện này"". WWDC năm nay sẽ diễn ra trực tuyến, với một nhóm nhỏ tham dự trực tiếp tại Nhà hát Steve Jobs , trong khi hàng trăm phiên thảo luận sẽ được phát trực tuyến cho các nhà phát triển trên toàn thế giới. Nhiều tin tức đáng mong đợi từ Apple Phóng viên Mark Gurman của Bloomberg cho biết, iOS 27 sẽ tập trung vào việc sửa lỗi và chuẩn bị cho sự ra mắt của iPhone Fold cùng các sản phẩm khác. Người tiêu dùng cũng có thể mong đợi những cải tiến về Liquid Glass trên tất cả hệ điều hành, cùng với các tính năng mới từ Apple Intelligence. Bài phát biểu khai mạc WWDC 2026 sẽ đánh dấu một bước ngoặt quan trọng cho máy Mac, khi macOS 27 chỉ tương thích với chip Apple Silicon, đồng nghĩa với việc các máy Mac sử dụng bộ xử lý Intel sẽ không còn được hỗ trợ. Đối với các hệ điều hành khác, những thông tin hiện vẫn chưa rõ ràng, nhưng tvOS 27 có thể sẽ được chú ý tùy thuộc vào lịch trình ra mắt sản phẩm mới của Apple trong lĩnh vực thiết bị gia đình. Ngoài ra, WWDC 2026 có thể tiết lộ ít nhất hai sản phẩm mới của Apple: iPhone Fold và MacBook Pro màn hình cảm ứng. Để hỗ trợ các nhà phát triển tạo ra ứng dụng cho màn hình gập, Apple sẽ cần cung cấp các API mới. iPhone Fold dự kiến sẽ ra mắt chính thức cùng với các mẫu iPhone 18 Pro vào tháng 9, trong khi MacBook Pro mới với màn hình OLED và chip M6 có thể bị trì hoãn đến đầu năm 2027.",,"WWDC 2026, sự kiện công nghệ, iOS 27, iPhone Fold, macOS 27",https://images2.thanhnien.vn/thumb_w/640/528068263637045248/2026/3/24/1-1774319811439195937353.jpg,"[""https://images2.thanhnien.vn/thumb_w/640/528068263637045248/2026/3/24/1-1774319811439195937353.jpg""]",,2026-03-24T10:16:00+07:00,2026-07-03T14:34:17.897912,Công nghệ,,,,
185260226115225083,https://thanhnien.vn/google-tang-suc-manh-cho-goi-youtube-premium-lite-185260226115225083.htm,thanhnien.vn,,,,,,Google tăng sức mạnh cho gói YouTube Premium Lite,Google vừa có động thái mạnh với các trình chặn quảng cáo khi nâng tầm sức mạnh cho gói YouTube Premium giá rẻ.,"Trong vài năm trở lại đây, người dùng YouTube toàn cầu đã quá quen thuộc với chiến dịch trấn áp của Google nhắm vào các trình chặn quảng cáo (ad-blocker). Từ việc vô hiệu hóa bình luận, ẩn lượt xem, cố tình làm chậm thời gian tải video, cho đến việc chèn những đoạn quảng cáo dài không thể bỏ qua, YouTube đã biến trải nghiệm xem video miễn phí thành một sự đánh đố lòng kiên nhẫn của người xem. Tuy nhiên, với những động thái điều chỉnh mới nhất dành cho gói YouTube Premium Lite, cục diện dường như đã thay đổi. Các chuyên gia công nghệ nhận định, đây có thể là dấu chấm hết cho cuộc chiến dai dẳng này và phần thắng đang nghiêng về phía Google. Gói YouTube Premium Lite nhận thêm hai tính năng đáng giá ẢNH: CHỤP MÀN HÌNH DIGITAL TRENDS Sức mạnh của gói YouTube Premium Lite được nâng cấp Khi mới ra mắt tại Mỹ vào năm ngoái, gói Premium Lite với mức giá 7,99 USD/tháng từng gây thất vọng lớn. Dù loại bỏ dịch vụ YouTube Music để giảm giá thành, gói cước này lại bị 'cắt xén' quá tay khi không hỗ trợ tải video ngoại tuyến và phát video khi tắt màn hình. Điều này khiến nhiều người e ngại chi tiền cho gói dịch vụ giá rẻ. Giờ đây, Google đã có động thái đáng hoan nghênh. Với bản cập nhật tuần này, gói Lite giờ đây đã có thêm khả năng tải xuống và phát video trong nền đối với hầu hết nội dung trên nền tảng (ngoại trừ video âm nhạc và YouTube Shorts). Dù Google vẫn để ngỏ khả năng quảng cáo có thể xuất hiện khi tìm kiếm, đây rõ ràng là một món hời lớn so với trải nghiệm bị gián đoạn trước đây. Động thái này của YouTube không chỉ là giải pháp xoa dịu người dùng mà còn phản ánh xu hướng chung của internet. Trong bối cảnh nội dung do AI tạo ra bùng nổ và doanh thu từ quảng cáo truyền thống đang sụt giảm, các nền tảng lớn đều đang dịch chuyển dần sang mô hình thu phí (paywall). Việc lạm dụng trình chặn quảng cáo về lâu dài không chỉ gây thiệt hại cho tập đoàn mà còn 'bóp nghẹt' nguồn thu của các nhà sáng tạo. Với mức giá hợp lý hơn và các tính năng thiết yếu được khôi phục, YouTube Premium Lite đang mang đến một thỏa hiệp hoàn hảo: Người dùng được tận hưởng video một cách xuyên suốt, không cần cài đặt các phần mềm bên thứ ba, trong khi các nhà sáng tạo nội dung vẫn đảm bảo được thu nhập.",,"Nâng cấp, Tính năng, chặn quảng cáo",https://images2.thanhnien.vn/thumb_w/640/528068263637045248/2025/6/2/youtube-1748874521957474490032.jpg,"[""https://images2.thanhnien.vn/thumb_w/640/528068263637045248/2025/6/2/youtube-1748874521957474490032.jpg""]",,2026-02-26T14:20:00+07:00,2026-07-03T14:34:18.141372,Công nghệ,,,,
185251020165552629,https://thanhnien.vn/trung-quoc-thu-nghiem-may-phat-giay-ve-sinh-moi-185251020165552629.htm,thanhnien.vn,,,,,,Trung Quốc thử nghiệm máy phát giấy vệ sinh mới,"Một số khu vực tại Trung Quốc đang triển khai thử nghiệm máy phát giấy vệ sinh mới, yêu cầu người dùng quét mã QR và xem quảng cáo trực tuyến trước khi nhận giấy.","Các máy phát giấy vệ sinh được trang bị máy quét mã QR, yêu cầu người dùng sử dụng smartphone để kết nối và kích hoạt quảng cáo video kéo dài vài giây. Sau khi quảng cáo kết thúc, máy sẽ nhả ra một tờ giấy có độ dài được kiểm soát. Đối với những người không muốn xem quảng cáo, họ có thể bỏ qua quy trình này bằng cách trả 0,5 nhân dân tệ (khoảng 1.850 đồng). Người dùng Trung Quốc phải trả 0,5 nhân dân tệ để được phát giấy vệ sinh ẢNH: TECHSPOT Chính quyền địa phương cho biết chương trình này là một phần trong nỗ lực giảm thiểu lãng phí tại các cơ sở công cộng. Trong nhiều năm qua, đã có nhiều trường hợp cư dân và khách du lịch lấy giấy miễn phí một cách thái quá tại các khu vực đông đúc, dẫn đến việc một số thành phố thử nghiệm các biện pháp phân phối dựa trên công nghệ. Máy phát giấy vệ sinh mới này là sự phát triển từ các hệ thống trước đó, như máy nhận dạng khuôn mặt được lắp đặt tại một công viên ở Bắc Kinh vào năm 2017, cho phép người dùng nhận một lượng giấy nhỏ trong mỗi 9 phút. Hiện vẫn chưa rõ liệu các máy phát quảng cáo này có được triển khai rộng rãi sau giai đoạn thử nghiệm hay không. Dân Trung Quốc phẫn nộ vì máy phát giấy vệ sinh mới Những người ủng hộ cho rằng thiết bị mới sử dụng công nghệ quét kỹ thuật số đơn giản hơn giúp việc quản lý dễ dàng hơn. Mỗi thiết bị kết nối với một nền tảng quảng cáo có khả năng cung cấp nội dung video nhắm mục tiêu. Tuy nhiên, phản ứng của công chúng chủ yếu là tiêu cực. Nhiều video trên mạng xã hội cho thấy du khách bày tỏ sự thất vọng với quy trình này. Giới phê bình đã đặt câu hỏi về tính thực tế và ảnh hưởng đến phẩm giá công dân. Một người dùng trên X đã viết: ""Giấy vệ sinh ở Trung Quốc giờ đây yêu cầu phải xem quảng cáo - phẩm giá không còn miễn phí nữa, mà là được tài trợ"". Nhiều người khác cũng chỉ ra rằng hệ thống này gây bất lợi cho những ai không có sóng di động, pin yếu hoặc không có tiền lẻ. Cuộc tranh luận này cũng làm dấy lên những vấn đề về mô hình kinh tế lai của Trung Quốc. Sự phát triển nhanh chóng của thương mại điện tử và giao dịch không dùng tiền mặt đã tạo ra những đổi mới công nghệ, nhưng cũng đồng thời tạo ra những hình thức kiếm tiền mới trong cuộc sống hằng ngày. Trong mắt nhiều người, những gì bắt đầu như một giải pháp cho nạn trộm cắp giấy vệ sinh đã trở thành biểu tượng cho sự căng thẳng giữa cơ sở hạ tầng công cộng và lợi nhuận tư nhân.",,"trung quốc, Quảng cáo, trí tuệ nhân tạo, thanh toán trực tuyến, thương mại điện tử",https://images2.thanhnien.vn/thumb_w/640/528068263637045248/2025/10/20/1-1760953991147291244574.jpg,"[""https://images2.thanhnien.vn/thumb_w/640/528068263637045248/2025/10/20/1-1760953991147291244574.jpg""]",,2025-10-21T10:51:00+07:00,2026-07-03T14:34:18.323753,Công nghệ,,,,
185250918100148792,https://thanhnien.vn/38-trieu-nguoi-dung-tro-thanh-nan-nhan-cua-224-ung-dung-android-doc-hai-185250918100148792.htm,thanhnien.vn,,,,,,38 triệu người dùng trở thành nạn nhân của 224 ứng dụng Android độc hại,Chiến dịch độc hại SlopAds được lây lan bởi 224 ứng dụng Android được tải xuống đến 38 triệu lượt.,"Theo Bleeping Computer , một chiến dịch gian lận quảng cáo quy mô toàn cầu mang tên 'SlopAds' vừa bị phanh phui, phơi bày thủ đoạn tinh vi khi giấu mã độc trong các tệp hình ảnh vô hại. Google đã phải khẩn cấp gỡ bỏ 224 ứng dụng Android khỏi cửa hàng Play Store, vốn đã được tải xuống hơn 38 triệu lần trên toàn thế giới. Mã độc Android mới  khiến 38 triệu thiết bị bị ảnh hưởng Một báo cáo mới từ đội ngũ Satori Threat Intelligence của hãng bảo mật Human đã gióng lên hồi chuông cảnh báo về một trong những chiến dịch gian lận quảng cáo tinh vi nhất từng được ghi nhận. Chiến dịch SlopAds này đã nhắm mục tiêu vào người dùng Android tại nhiều quốc gia, lén lút tạo ra hàng tỉ lượt hiển thị quảng cáo gian lận mỗi ngày. Hàng chục triệu điện thoại Android trở thành nạn nhân của gian lận quảng cáo ẢNH: CHỤP MÀN HÌNH MALWARE BYTES Điểm khiến SlopAds trở nên cực kỳ nguy hiểm và khó phát hiện nằm ở cơ chế hoạt động hai mặt của nó. Cụ thể, khi người dùng tải ứng dụng trực tiếp từ Play Store , nó sẽ hoạt động hoàn toàn bình thường. Tuy nhiên, nếu việc cài đặt đến từ một cú nhấp chuột vào quảng cáo của kẻ xấu, ứng dụng sẽ kích hoạt chế độ độc hại ngay lập tức. Thủ đoạn tinh vi nhất của chúng nằm ở cách phát tán mã độc. Sau khi được cài đặt, ứng dụng sẽ tải về 4 tệp hình ảnh PNG có vẻ hoàn toàn vô hại. Nhưng trên thực tế, chúng sử dụng kỹ thuật che giấu tinh vi (stenography) các 'mảnh ghép' của một tệp APK độc hại bên trong. Các 'mảnh ghép' này sau đó được giải mã và lắp ráp lại trên thiết bị của nạn nhân để tạo thành một phần mềm độc hại hoàn chỉnh có tên 'FatModule'. Khi được kích hoạt, 'FatModule' sẽ âm thầm sử dụng các trình duyệt web ẩn (WebView) để liên tục truy cập vào các trang web do kẻ lừa đảo kiểm soát, tạo ra hơn 2 tỉ lượt hiển thị và nhấp quảng cáo ảo mỗi ngày, thu về lợi nhuận khổng lồ. Rủi ro thầm lặng và cách bảo vệ thiết bị Mặc dù không trực tiếp đánh cắp thông tin cá nhân, các ứng dụng adware như 'SlopAds' lại gây ra những tác hại nghiêm trọng và thầm lặng: Tiêu tốn dữ liệu di động do liên tục tải quảng cáo trong nền. Gây hao pin nghiêm trọng, làm giảm đáng kể thời gian sử dụng thiết bị. Làm chậm hiệu suất điện thoại và gây áp lực lên các linh kiện, khiến thiết bị nhanh bị hư hỏng hơn. Mặc dù vậy, có tin vui là người dùng không cần phải tự mình săn lùng 224 ứng dụng này. Google đã cập nhật hệ thống bảo mật tích hợp Google Play Protect. Hệ thống này sẽ tự động quét và gửi cảnh báo, yêu cầu người dùng gỡ bỏ các ứng dụng độc hại nếu chúng đang tồn tại trên điện thoại hoặc máy tính bảng. Để giữ an toàn, các chuyên gia khuyến cáo người dùng chỉ nên tải ứng dụng từ các nguồn chính thức như Play Store, đọc kỹ đánh giá và luôn cảnh giác trước những quảng cáo đáng ngờ. Việc cài đặt thêm một ứng dụng diệt virus uy tín cho Android cũng là lớp phòng vệ cần thiết. Sự tinh vi của chiến dịch 'SlopAds' cho thấy tội phạm mạng ngày càng có nhiều chiêu trò phức tạp. Người dùng cần hết sức cẩn trọng với mọi ứng dụng mình tải xuống để bảo vệ thiết bị và dữ liệu của mình.",,"ứng dụng, Quảng cáo, chiến dịch, Độc hại, Android, điện thoại, Play Store, Bảo mật",https://images2.thanhnien.vn/thumb_w/640/528068263637045248/2025/9/18/androidcallingserver-1758165270890-1758165271699768562934.png,"[""https://images2.thanhnien.vn/thumb_w/640/528068263637045248/2025/9/18/androidcallingserver-1758165270890-1758165271699768562934.png""]",,2025-09-18T14:29:00+07:00,2026-07-03T14:34:18.647645,Công nghệ,,,,
185251210130304466,https://thanhnien.vn/nguoi-dung-cpu-intel-huong-loi-lon-khi-dung-windows-11-25h2-185251210130304466.htm,thanhnien.vn,,,,,,Người dùng CPU Intel hưởng lợi lớn khi dùng Windows 11 25H2,Intel tung driver Wi-Fi 7 mới nhất mở khóa sức mạnh thực sự của Windows 11 25H2.,"Theo Neowin , bản cập nhật lớn Windows 11 25H2 của Microsoft đang dần được triển khai rộng rãi. Tuy nhiên, như thường lệ, các bản cập nhật lớn ban đầu thường đi kèm với những lỗi vặt khó chịu, đặc biệt là các vấn đề về tương thích phần cứng. Để giải quyết nỗi lo này cho người dùng, Intel vừa chính thức tung ra bộ driver mới, dọn đường cho quá trình nâng cấp hệ điều hành. 'Tấm vé thông hành' lên Windows 11 25H2 của Intel Trong động thái mới nhất, Intel đã phát hành phiên bản driver Wi-Fi (24.0.2) và Bluetooth (24.0.1). Điểm quan trọng nhất của bản phát hành này là sự tương thích hoàn toàn với Windows 11 25H2. Intel phát hành driver Wi-Fi 7 cho Windows 11 25H2 ẢNH: CHỤP MÀN HÌNH NEOWIN Điều này có nghĩa là nếu PC hoặc Laptop của người dùng sử dụng card mạng của Intel, việc cài đặt driver sẽ giúp giảm thiểu tối đa các lỗi mất kết nối, chập chờn hoặc xung đột phần cứng khi quyết định bấm nút cập nhật lên phiên bản Windows mới. Bên cạnh việc sửa lỗi và ổn định hiệu năng, bản cập nhật này còn mở rộng hỗ trợ cho chuẩn kết nối không dây thế hệ Wi-Fi 7 mới. Theo ghi chú phát hành, driver mới hỗ trợ các sản phẩm Intel Wi-Fi 7 mới như BE211 và BE213, bên cạnh các mẫu hiện có như BE202, BE201 và B200. Intel cũng lưu ý để tận dụng được băng tần 6 GHz siêu tốc của Wi-Fi 7 , người dùng bắt buộc phải chạy Windows 11 phiên bản 24H2 trở lên, do các phiên bản cũ hơn chưa hỗ trợ chuẩn này. Mặc dù Intel không liệt kê chi tiết từng lỗi nhỏ được sửa, nhưng hãng khẳng định bản cập nhật giúp cải thiện hiệu suất, độ ổn định và giải quyết các vấn đề nhỏ còn tồn đọng ở phiên bản trước. Người dùng có thể truy cập trang web hỗ trợ chính thức của Intel hoặc sử dụng công cụ Intel Driver & Support Assistant để tự động phát hiện và cài đặt.",,"Microsoft, bản cập nhật, CPU Intel, Wi-Fi 7, trình điều khiển, driver",https://images2.thanhnien.vn/thumb_w/640/528068263637045248/2025/12/10/1626403410intelwindows11story-1765346684143-1765346685160822257926.jpg,"[""https://images2.thanhnien.vn/thumb_w/640/528068263637045248/2025/12/10/1626403410intelwindows11story-1765346684143-1765346685160822257926.jpg""]",,2025-12-10T14:00:00+07:00,2026-07-03T14:34:18.756982,Công nghệ,,,,
185250210113806407,https://thanhnien.vn/vng-dong-chuc-nang-nap-tien-cho-game-bai-zingplay-185250210113806407.htm,thanhnien.vn,,,,,,VNG đóng chức năng nạp tiền cho game bài ZingPlay,"Sau khi ""mất kết nối"", các game bài trên Zing Play của VNG đã hoạt động trở lại nhưng không cho phép người dùng nạp tiền như trước.","Từ 0 giờ ngày 25.12.2024, những game bài nổi tiếng trên ZingPlay như Tiến lên miền Nam, Tú lơ khơ, Pocker VN đồng loạt báo "" mất kết nối "", người chơi không thể đăng nhập. Sự cố diễn ra cùng ngày Nghị định 147/2024/NĐ-CP của Chính phủ về quản lý, cung cấp, sử dụng dịch vụ internet và thông tin trên mạng, có hiệu lực. Khi đó, VNG cho biết căn cứ theo nghị định mới, các trò chơi điện tử sử dụng hình ảnh lá bài sẽ không được phép tiếp tục hoạt động tại Việt Nam. Công ty đã có kế hoạch cụ thể để tuân thủ quy định của cơ quan quản lý nhà nước. Tuy nhiên, sau sự cố ""mất kết nối"", người dùng ZingPlay cho biết họ bất ngờ vào lại được các game bài nhưng chức năng quan trọng là nạp tiền đã bị đóng. Võ Thành, nhân viên văn phòng tại TP.Thủ Đức, cho biết: ""Những ngày cận Tết Nguyên đán, tôi thử vào lại ZingPlay và phát hiện các game bài đã chơi lại được bình thường. Nhiều người trong cộng đồng cũng tỏ ra bất ngờ. Đến nay, giao diện và cách chơi vẫn không có gì thay đổi, chỉ có chức năng 'nạp gold' là không hoạt động"". Theo anh Thành, trước đây người chơi có thể dễ dàng nạp tiền vào game bài qua tin nhắn SMS, ZaloPay, thẻ ngân hàng hoặc ZingCard. Hiện tại, các phương thức này không còn khả dụng, người chơi chỉ có thể vào nhận thưởng miễn phí, chơi hết phải chờ đến hôm sau nhận lại. Ngoài các game đánh bài, tính năng nạp tiền vẫn khả dụng với các game khác trên ZingPlay. Người chơi game bài ZingPlay trên điện thoại ẢNH: KHƯƠNG NHA Đại diện VNG xác nhận sẽ chính thức đóng các game bài vào ngày 15.2. Vì game sắp dừng nên hoạt động nạp tiền sẽ không khả dụng. Trong thông báo, ZingPlay cho biết nền tảng sẽ có phương án đảm bảo quyền lợi , hỗ trợ người chơi chuyển đổi sang các trò chơi khác. Tuy nhiên chi tiết về phương thức và thời gian chuyển đổi vẫn chưa được công bố cụ thể. Trả lời Thanh Niên , đại diện VNG xác nhận công ty đang vận hành một số trò chơi trực tuyến có sử dụng hình ảnh lá bài. ""Trước đây, ngoài VNG còn có một số đơn vị khác từng được cấp phép cho loại hình trò chơi này. Tuy nhiên, việc phát triển game dùng hình ảnh lá bài cho giải trí thuần túy rất thách thức, chỉ còn VNG trụ lại được"", người này nói. Đại diện công ty cũng khẳng định game của họ không có tính chất ""đổi thưởng"" hay ""cờ bạc"", theo quy định của pháp luật . Theo thông tin trên kho ứng dụng, ZingPlay đang có game Tiến lên miền Nam; Tá lả; Mậu binh; Sâm lốc; Cờ tướng. Chiếu theo Nghị định 147/2024/NĐ-CP, 4/5 game của ZingPlay sẽ không còn được cấp phép tại Việt Nam. Việc phát hành các game không phép, game bài, game đánh bạc là vi phạm pháp luật. Các tổ chức, doanh nghiệp, cá nhân nước ngoài phải gỡ bỏ ứng dụng khi có yêu cầu của cơ quan quản lý. Nếu không tuân thủ, cơ quan chức năng sẽ triển khai các biện pháp kỹ thuật để ngăn chặn và xử phạt hành chính theo quy định của pháp luật. Trong năm 2024, cơ quan chức năng đã cấp 23 giấy phép G1 và 30 chứng nhận trò chơi điện tử G2, G3, G4. Theo ước tính của Cục Phát thanh, Truyền hình và Thông tin điện tử (Bộ Thông tin và Truyền thông), năm 2024, doanh thu ngành game ước đạt khoảng 12.500 tỉ đồng, giảm nhẹ so với năm 2023. Trong khi đó, nhân sự trong ngành game tăng 31%, lên khoảng 4.100 người trong năm 2024. VNG tiền thân là công ty game với tên gọi Công ty cổ phần Trò chơi Vi Na (VinaGame), sau đó công ty mở rộng sang các lĩnh vực khác như mạng xã hội, thanh toán, tài chính, trí tuệ nhân tạo (AI) và chuyển đổi số. Trong báo cáo tài chính tính đến ngày 30.9.2024, tổng doanh thu thuần của VNG đạt 4.314 tỉ đồng. Trong đó tổng booking (số tiền người dùng đã chi) của mảng Trò chơi trực tuyến đạt 3.613 tỉ đồng. Chiếm tỷ trọng lớn trong doanh thu của toàn công ty. Báo cáo của VNG cho biết mảng kinh doanh lõi Trò chơi trực tuyến đang ghi nhận doanh thu khả quan từ thị trường toàn cầu. Nửa đầu 2024, tổng booking từ thị trường quốc tế tăng 23% so với cùng kỳ. ZingPlay Game Studios (ZPS) lần đầu tiên xác nhận doanh thu quốc tế mảng Card & Board vượt doanh thu trong nước. Ước tính trong 6 tháng cuối năm 2024, ZPS sẽ phát hành hơn 10 tựa game local & casual (game dân gian và giải trí đơn giản) phù hợp văn hóa từng quốc gia. ZPS cũng định hướng trở thành một ""AI-first studio"", cung cấp các công cụ cần thiết cho người dùng tự sáng tạo các trò chơi của riêng mình.",,"game bài, Game, ZingPlay, Trò chơi, Zing",https://images2.thanhnien.vn/thumb_w/640/528068263637045248/2025/2/10/game-baivngzing-playthanh-nien-17391714790501203980364.jpg,"[""https://images2.thanhnien.vn/thumb_w/640/528068263637045248/2025/2/10/game-baivngzing-playthanh-nien-17391714790501203980364.jpg""]",,2025-02-10T15:12:00+07:00,2026-07-03T14:34:18.841156,Công nghệ,,,,
185260305093822958,https://thanhnien.vn/panasonic-gia-tri-doi-moi-sang-tao-khong-dung-lai-o-cai-tien-cong-nghe-185260305093822958.htm,thanhnien.vn,,,,,,Panasonic: Giá trị đổi mới sáng tạo không dừng lại ở cải tiến công nghệ,"Panasonic kế thừa trọn vẹn tinh thần Nhật Bản - tỉ mỉ, tinh giản và tận tâm - để kiến tạo công nghệ vì con người. Với Panasonic, đổi mới sáng tạo không chỉ là bước tiến công nghệ, mà còn là hành trình bền bỉ bảo vệ sức khỏe và nâng tầm chất lượng sống cho hàng triệu gia đình Việt.","Công nghệ nanoe™ X: Bước tiến công nghệ trong hành trình Panasonic đóng góp vì một Việt Nam khỏe mạnh Hơn nửa thế kỷ hiện diện tại Việt Nam, Panasonic bền bỉ mang tinh thần và chuẩn mực chất lượng Nhật Bản đến gần hơn với đời sống người tiêu dùng. Trong hành trình đó, nâng cao chất lượng không khí trong nhà được xác định là ưu tiên chiến lược, đặc biệt khi môi trường sống ngày càng chịu nhiều áp lực từ đô thị hóa và biến đổi khí hậu. Panasonic hơn nửa thế kỷ phụng sự người Việt với chất lượng chuẩn Nhật ẢNH: PANASONIC VIỆT NAM Ông Otsuki Shinsuke, Giám đốc Điều hành Panasonic Air-Conditioning Việt Nam chia sẻ: ""Trong bối cảnh biến đổi khí hậu và các vấn đề sức khỏe ngày càng gia tăng, các giải pháp HVAC hay còn gọi là giải pháp sưởi, thông gió và điều hòa không khí không chỉ dừng lại ở vai trò tạo sự thoải mái mà còn góp phần bảo vệ sức khỏe và thúc đẩy phát triển bền vững. Công nghệ nanoe™ của Panasonic đã đạt bước tiến mới trong việc hỗ trợ ức chế độc tố từ nấm mốc, đồng thời các giải pháp điều hòa thương mại tích hợp nanoe™ X thế hệ 3 cũng đạt được HACCP International chứng nhận phù hợp cho không gian kinh doanh, chế biến thực phẩm - khẳng định cam kết vì môi trường trong nhà an toàn và lành mạnh hơn"". Ông Otsuki Shinsuke chia sẻ về tầm nhìn, sứ mệnh của Panasonic Việt Nam và những cam kết về giải pháp chăm sóc sức khỏe toàn diện, góp phần kiến tạo cuộc sống bền vững ẢNH: PANASONIC VIỆT NAM Ở góc độ chiến lược, đổi mới sáng tạo tại Panasonic không được triển khai như những cải tiến ngắn hạn theo chu kỳ sản phẩm, mà là một chương trình nghiên cứu dài hạn với định hướng rõ ràng. Trong hơn 20 năm qua, công nghệ nanoe™ X được đầu tư phát triển liên tục, từng bước hoàn thiện về nền tảng khoa học và cơ chế hoạt động. nanoe™ X thế hệ 3 vì vậy không chỉ là một phiên bản nâng cấp, mà là kết quả của quá trình tích lũy nghiên cứu. Thế hệ này gia tăng mật độ gốc hydroxyl (OH) và bao bọc chúng trong phân tử nước nhằm kéo dài thời gian tồn tại, đồng thời mở rộng phạm vi phân tán trong không khí. Nhờ cơ chế đó, hiệu quả hỗ trợ ức chế vi khuẩn, virus, nấm mốc, độc tố từ nấm mốc và mùi trong không gian kín được nâng cao rõ rệt - những yếu tố có thể tác động trực tiếp đến sức khỏe người dùng. Theo định hướng này, hệ thống điều hòa tích hợp nanoe™ X không chỉ dừng ở chức năng kiểm soát nhiệt độ, mà được định vị như một giải pháp quản lý chất lượng không khí chủ động và toàn diện hơn. Đột phá hỗ trợ ức chế 90% độc tố nấm mốc ngay trong không khí chỉ trong 5 phút Kết quả thử nghiệm số H24NF036-1 do Trung tâm Phân tích sản phẩm Panasonic Nhật Bản thực hiện năm 2025 cho thấy công nghệ nanoe™ X thế hệ 3 có khả năng ức chế đến 90% ba loại độc tố nấm mốc phổ biến gồm Aflatoxin B1, Gliotoxin và Sterigmatocystin chỉ trong 5 phút, trong điều kiện thử nghiệm kiểm soát với buồng thể tích 45 lít. Tiếp nối kết quả này, thử nghiệm số 20-an-PND-1 (2025) cho thấy khi được tích hợp vào hệ thống điều hòa không khí, công nghệ này tiếp tục ghi nhận hiệu quả ức chế lên đến 94,3% Aflatoxin B1 sau 48 giờ vận hành. Đáng chú ý, Aflatoxin B1 là độc tố được Tổ chức Y tế thế giới (WHO) xếp vào nhóm chất có nguy cơ gây ung thư cao. Panasonic đã demo thực tế hiệu quả ức chế độc tố từ nấm mốc từ công nghệ nanoe™ thế hệ 3 ẢNH: PANASONIC VIỆT NAM Kết quả thử nghiệm và trình diễn thực tế cho thấy nanoe™ X thế hệ 3 không chỉ tác động đến bào tử nấm mốc trong không khí mà còn góp phần làm suy giảm khả năng phát triển của chúng thành hệ sợi trên bề mặt - yếu tố then chốt trong quá trình hình thành và lan rộng của nấm mốc trong không gian kín. Tiến sĩ Phạm Nguyễn Đức Hoàng - Viện trưởng Viện Công nghệ sinh học ứng dụng, Tổng thư ký Hội Nấm học châu Á chia sẻ: "" Nấm mốc là tác nhân ô nhiễm sinh học khó nhận diện và thường bị xem nhẹ trong môi trường sống. Khi nấm mốc xuất hiện, hàng loạt bào tử và độc tố từ nấm mốc thực chất đã âm thầm hiện diện trong không khí và trên bề mặt, gây hại rất nhiều cho con người. Việc tiếp xúc ở nồng độ thấp có thể chưa gây biểu hiện tức thì, song phơi nhiễm kéo dài sẽ làm gia tăng nguy cơ mắc các bệnh về hô hấp, rối loạn thần kinh, thậm chí gây ung thư về sau"". Tiến sĩ Phạm Nguyễn Đức Hoàng chia sẻ về nấm mốc và độc tố từ nấm mốc gây hại đến sức khỏe con người ẢNH: PANASONIC VIỆT NAM Ở góc độ khoa học về chất lượng không khí trong nhà, nanoe™ X thế hệ 3 thể hiện cách tiếp cận mang tính phòng ngừa: Hỗ trợ kiểm soát tác nhân gây hại ngay từ giai đoạn tồn tại vi mô trong không khí, thay vì chỉ xử lý hệ quả khi nấm mốc đã hình thành trên bề mặt. Cách tiếp cận này phản ánh xu hướng chuyển dịch từ ""xử lý sự cố"" sang ""quản trị rủi ro"" trong các giải pháp không khí hiện đại. Với định hướng mang lại một cuộc sống khỏe mạnh, tiện nghi và an toàn, Panasonic Việt Nam luôn nỗ lực tạo ra những giải pháp hiệu quả, phù hợp cho người tiêu dùng. Giá trị công nghệ vì thế không chỉ dừng ở hiệu năng sản phẩm, mà ở việc chăm sóc sức khỏe toàn diện cho người Việt, góp phần nâng chuẩn môi trường sống và chất lượng sống tại Việt Nam.",,"Công nghệ nanoe, Panasonic Việt Nam",https://images2.thanhnien.vn/thumb_w/640/528068263637045248/2026/3/5/1-1772677946026914683091.jpg,"[""https://images2.thanhnien.vn/thumb_w/640/528068263637045248/2026/3/5/1-1772677946026914683091.jpg"", ""https://images2.thanhnien.vn/thumb_w/640/528068263637045248/2026/3/5/2-1772677945997869138364.jpg"", ""https://images2.thanhnien.vn/thumb_w/640/528068263637045248/2026/3/5/3-1772677945973179741716.jpg"", ""https://images2.thanhnien.vn/thumb_w/640/528068263637045248/2026/3/5/4-17726779459441763533756.jpg""]",,2026-03-05T09:00:00+07:00,2026-07-03T14:34:20.118391,Công nghệ,,,,
185260205141505617,https://thanhnien.vn/nguoi-ham-mo-gta-6-don-tin-vui-vao-mua-he-nay-185260205141505617.htm,thanhnien.vn,,,,,,Người hâm mộ GTA 6 đón tin vui vào mùa hè này,"Mùa hè 2026 sẽ bùng nổ với GTA 6, tuy nhiên game thủ PC lại tiếp tục bị 'bỏ quên'?","Theo Neowin , cộng đồng game thủ toàn cầu đã trải qua một thời gian dài 'đứng ngồi không yên' kể từ khi đoạn trailer đầu tiên của GTA 6 xuất hiện vào năm 2023. Ban đầu được hứa hẹn cho khung thời gian 2025, nhưng tựa game đã trải qua hai lần trì hoãn khiến niềm tin của người hâm mộ lung lay. Tuy nhiên, trong báo cáo tài chính mới nhất, công ty mẹ Take-Two của Rockstar Games đã mang đến một tin vui, rằng mọi kế hoạch đang đi đúng hướng cho ngày phát hành 19.11.2026. GTA 6 chuẩn bị phát hành cuối năm nay ẢNH: ROCKSTAR GAMES GTA 6 hứa hẹn mùa hè rực lửa với chiến dịch truyền thông Theo xác nhận từ nhà phát hành, chiến dịch marketing tổng lực cho GTA 6 sẽ chính thức khởi động vào mùa hè năm 2026 (khoảng tháng 6 - 8 năm nay). Đại diện Take-Two tự tin tuyên bố: ""Chúng tôi vô cùng tự tin khi bước vào năm tài chính 2027 - giai đoạn hứa hẹn sẽ mang tính đột phá cho cả Take-Two và toàn bộ ngành công nghiệp giải trí - được dẫn dắt bởi sự ra mắt vào ngày 19.11 của Grand Theft Auto 6 "". Điều này đồng nghĩa với việc từ nay đến mùa hè, game thủ có thể sẽ không thấy thêm nhiều trailer hay thông tin nhỏ giọt nào khác. Tất cả đang được 'để dành' cho một cú nổ lớn vào giữa năm nay. Bác bỏ tin đồn 'chỉ bán bản Digital' Thời gian qua, cộng đồng xôn xao trước tin đồn GTA 6 sẽ loại bỏ hoàn toàn đĩa game vật lý để chuyển sang phát hành 100% kỹ thuật số (Digital). CEO của Take-Two, ông Strauss Zelnick, đã trực tiếp dập tắt lo ngại này. ""Đó không phải là kế hoạch của chúng tôi"", ông Zelnick khẳng định ngắn gọn nhưng chắc nịch. Đây là tin vui lớn cho giới sưu tầm và những game thủ vẫn ưa chuộng cảm giác sở hữu đĩa game truyền thống. Trong khi phiên bản tiền nhiệm GTA 5 vẫn đang 'hái ra tiền' với mốc doanh số kỷ lục 225 triệu bản, mọi sự chú ý đang đổ dồn về Vice City phiên bản mới. Hiện tại, GTA 6 mới chỉ được xác nhận phát hành trên hai hệ máy console đời mới là PlayStation 5 và Xbox Series X/S. Nhưng vẫn chưa có bất kỳ thông tin nào về ngày ra mắt cho nền tảng PC hay các hệ máy khác như Nintendo Switch 2 . Theo truyền thống của Rockstar, game thủ PC có thể sẽ phải chờ thêm một thời gian sau khi bản console lên kệ.",,"Take-Two, GTA 6, chiến dịch truyền thông, game thủ, PHÁT HÀNH",https://images2.thanhnien.vn/thumb_w/640/528068263637045248/2025/11/7/gta-6-17625236651131087218660.jpg,"[""https://images2.thanhnien.vn/thumb_w/640/528068263637045248/2025/11/7/gta-6-17625236651131087218660.jpg""]",,2026-02-05T19:46:00+07:00,2026-07-03T14:34:21.007034,Công nghệ,,,,
185250822091405023,https://thanhnien.vn/apple-vo-tinh-xac-nhan-ngay-ra-mat-iphone-17-185250822091405023.htm,thanhnien.vn,,,,,,Apple vô tình xác nhận ngày ra mắt iPhone 17,"Apple vốn nổi tiếng với sự kín tiếng, vì vậy mọi thông tin về sản phẩm của công ty như iPhone 17 vẫn chỉ ở dạng đồn đoán, ngoại trừ một số bất ngờ.","Và một trong những bất ngờ đã xảy ra khi Apple vô tình tiết lộ ngày diễn ra sự kiện ra mắt dòng iPhone 17 là 9.9.2025. Thông tin này được xác nhận qua một lời mời được thêm nhầm vào ứng dụng Apple TV, mặc dù sau đó đã nhanh chóng bị xóa. Hình ảnh cho thấy thiết kế của lời mời gợi nhớ đến hình nền của MacBook Air nguyên bản, có thể là một gợi ý dành cho mẫu iPhone 17 Air siêu mỏng sắp ra mắt. Đây là thành viên mới dự kiến thay thế iPhone 17 Plus trong dòng sản phẩm sắp tới và được xem là câu trả lời của Apple đối với Galaxy S25 Edge đến từ Samsung. Apple TV tiết lộ thông tin sự kiện sắp tới diễn ra vào ngày 9.9 ẢNH: PHONEARENA Nhiều kỳ vọng đối với dòng iPhone 17 Bên cạnh iPhone 17 Air, dòng iPhone 17 năm nay còn bao gồm iPhone 17 cơ bản, iPhone 17 Pro và iPhone 17 Pro Max. Hai mẫu Pro dự kiến sẽ có thiết kế mặt sau được làm mới đáng kể, thông tin này đã được xác nhận qua nhiều thiết kế ốp lưng gần đây. Các mẫu iPhone 17 dự kiến bổ sung nhiều tùy chọn màu sắc mới, bao gồm màu cam nổi bật cho iPhone 17 Pro, đồng thời chạy trên nền tảng hệ điều hành iOS 26 với giao diện Liquid Glass. Đối với giá bán, dòng iPhone 17 được cho là sẽ tăng giá khoảng 50 USD, với ngoại lệ dành cho iPhone 17 Pro khi Apple loại bỏ tùy chọn lưu trữ 128 GB để bắt đầu từ mức 256 GB. Dòng sản phẩm này sẽ cạnh tranh với Galaxy S25 và Pixel 10 nhằm mang đến cho người dùng những lựa chọn tốt nhất trong năm 2025. Ngoài các mẫu iPhone 17, sự kiện sắp tới cũng được kỳ vọng sẽ là nơi Apple giới thiệu Apple Watch Series 11 và phiên bản kế nhiệm của Apple Watch Ultra mang tên Apple Watch Ultra 2. Được biết, sự kiện ra mắt của Apple luôn được mong đợi, vì vậy thật thú vị khi chính công ty này lại để lộ thông tin về sự kiện của mình. Trong khi Apple thường rất nghiêm khắc với các rò rỉ thông tin, sự cố này cho thấy ngay cả gã khổng lồ công nghệ cũng không hoàn hảo.",,"sự kiện ra mắt, Apple TV, iPhone 17 Air, Apple Watch Ultra 2",https://images2.thanhnien.vn/thumb_w/660/528068263637045248/2025/8/22/1-1755828710922557251480.jpg,"[""https://images2.thanhnien.vn/thumb_w/660/528068263637045248/2025/8/22/1-1755828710922557251480.jpg"", ""https://images2.thanhnien.vn/thumb_w/660/528068263637045248/2025/8/22/2-17558287418431104898273.jpg""]",,2025-08-22T10:20:00+07:00,2026-07-03T14:34:21.066827,Công nghệ,,,,
18525042110293604,https://thanhnien.vn/iphone-da-co-the-chay-gia-lap-may-choi-game-nintendo-switch-18525042110293604.htm,thanhnien.vn,,,,,,iPhone đã có thể chạy giả lập máy chơi game Nintendo Switch,Cộng đồng game thủ iPhone và iPad giờ đây có thể giả lập game Switch mượt mà và không cần phải jailbreak máy.,"Theo 9to5Mac , một tin tức đáng mừng cho người dùng iPhone và iPad tại Liên minh châu Âu (EU) yêu thích game Nintendo: Việc giả lập các game Switch, thậm chí cả Wii/GameCube, ở tốc độ tối đa giờ đây đã trở nên dễ dàng hơn bao giờ hết mà không cần các thủ thuật phức tạp hay jailbreak máy. Tất cả là nhờ những cập nhật mới nhất từ AltStore PAL, cửa hàng ứng dụng thay thế tiên phong tại EU. iPhone và iPad đã có thể giả lập hoàn hảo máy Nintendo Switch Nhân kỷ niệm 1 năm ra mắt, AltStore PAL - một trong những kho ứng dụng thay thế đầu tiên xuất hiện tại EU sau Đạo luật Thị trường Kỹ thuật số (DMA) - đã tích hợp một phiên bản đặc biệt gọi là 'AltStore Classic'. Điều này cho phép người dùng EU cài đặt hàng trăm ứng dụng không chính thức (non-notarized), trong đó có cả các trình giả lập, một cách thuận tiện hơn nhiều so với trước đây. iPhone và iPad ở EU đã có thể giả lập Switch với tốc độ tối đa ẢNH: CHỤP MÀN HÌNH THE VERGE Điểm đặc biệt của AltStore Classic khi cài qua AltStore PAL tại EU là nó không bị giới hạn 7 ngày hết hạn, không yêu cầu tài khoản nhà phát triển Apple trả phí và không cần dùng máy tính (PC/Mac) với AltServer để cài đặt ban đầu. (Lưu ý: AltServer vẫn cần thiết để quản lý, làm mới các ứng dụng sau khi đã cài đặt). Quan trọng hơn, đi kèm với AltStore Classic là ứng dụng StikDebug mới. Công cụ này kích hoạt khả năng biên dịch JIT (Just-In-Time) ngay trên thiết bị iOS . Đây chính là 'chìa khóa' còn thiếu để các trình giả lập đòi hỏi cấu hình cao có thể hoạt động trơn tru. Nhờ có JIT trên thiết bị, các trình giả lập 'nặng đô' như Dolphin (giả lập Nintendo Wii/GameCube) và đặc biệt là meloNX (giả lập Nintendo Switch ) giờ đây có thể chạy game ở tốc độ tối đa trên iPhone/iPad của người dùng EU. Đây là một bước tiến lớn, biến chiếc điện thoại/máy tính bảng Apple thành một cỗ máy giả lập di động mạnh mẽ. Nhìn chung, đây thực sự là 'thời điểm vàng' cho những người hâm mộ Nintendo tại EU muốn trải nghiệm lại các tựa game yêu thích trên thiết bị iOS của mình. Việc giả lập chưa bao giờ đơn giản và hiệu quả hơn. Tuy nhiên, cần nhấn mạnh người dùng phải đảm bảo sở hữu bản quyền các trò chơi một cách hợp pháp trước khi tiến hành giả lập. Hiện tại, sự tiện lợi vượt trội này chủ yếu dành cho người dùng trong khu vực EU do các quy định của DMA.",,"Giả lập, Apple, AltStore, tốc độ, iPad, Game, Switch, IOS",https://images2.thanhnien.vn/thumb_w/640/528068263637045248/2025/4/21/switch-1745207396818985658064.jpg,"[""https://images2.thanhnien.vn/thumb_w/640/528068263637045248/2025/4/21/switch-1745207396818985658064.jpg""]",,2025-04-21T15:20:00+07:00,2026-07-03T14:34:22.000105,Công nghệ,,,,
185241123002357544,https://thanhnien.vn/da-tim-ra-3-doi-gianh-giai-tai-cuoc-thi-thach-thuc-net-zero-2024-185241123002357544.htm,thanhnien.vn,,,,,,Đã tìm ra 3 đội giành giải tại cuộc thi 'Thách thức Net Zero 2024',"Thách thức Net Zero là cuộc thi quốc tế có quy mô lớn nhất tại Việt Nam về tăng trưởng xanh, hướng tới mục tiêu trung hòa carbon. Hiện tại, cuộc thi này đã tìm ra 3 đội thắng chung cuộc.","Theo đó, vào chiều 22.11 tại TP.HCM đã diễn ra vòng chung kết cuộc thi Thách thức Net Zero 2024, với 9 đội thi được tuyển chọn từ 500 hồ sơ đến từ 55 quốc gia và vùng lãnh thổ trên thế giới . Trong đó, có một đội đến từ Việt Nam là RARE toles với giải pháp sơn phủ làm mát mái nhà, giúp tiết kiệm tới 30% năng lượng tiêu thụ thi ở lĩnh vực năng lượng tái tạo và trung hòa CO 2 . Các đội giành giải tại cuộc thi 'Thách thức Net Zero 2024' Ảnh: T.L Cuộc thi do quỹ đầu tư mạo hiểm Touchstone Partners (Việt Nam), Temasek Foundation (một tổ chức phi lợi nhuận đến từ Singapore) phối hợp cùng Viện Nghiên cứu Phát triển TP.HCM tổ chức. Cuộc thi năm nay nhận được sự quan tâm từ các đối tác đến từ đa lĩnh vực, quốc gia và vùng lãnh thổ. Trong đó có Tổng Lãnh sự quán Úc, Tổ chức Hợp tác Quốc tế Đức (GIZ), Dragon Capital, Sembcorp (tập đoàn phát triển đô thị và năng lượng hàng đầu Singapore), HaoShi Foundation (tổ chức phi lợi nhuận từ Đài Loan), Sopoong Ventures (quỹ đầu tư tiên phong về tác động tại Hàn Quốc). Điều này khẳng định cam kết mạnh mẽ từ cả khối tư nhân và chính phủ toàn cầu trong việc hỗ trợ các sáng kiến ứng phó với biến đổi khí hậu. Tổng giải thưởng trị giá 15 tỉ đồng không quy đổi cổ phần được trao cho 3 đội. Ngoài ra, Thách Thức Net Zero 2024 còn có hơn 6,5 tỉ đồng giải thưởng đầu tư và tiền mặt từ Touchstone Partners và các đối tác. Trải qua vòng thi chung kết căng thẳng, kết quả ban tổ chức đã chọn ra 3 đội thắng giải theo từng lĩnh vực. Cụ thể, đội CO2L Tech (Canada) với công nghệ thu hồi và chuyển hóa CO 2 thành các hóa chất như axit formic và muối formate, giúp giảm 90% lượng phát thải carbon thắng giải ở lĩnh vực năng lượng tái tạo và trung hòa CO 2 . Đội N&E Innovations (Singapore) với công nghệ lớp phủ và bao bì kháng khuẩn có khả năng phân hủy sinh học, được làm từ phế phẩm thực phẩm tái chế giúp giảm tổn thất sau thu hoạch ít nhất 20% thắng giải ở lĩnh vực hệ thống lương thực và nông nghiệp bền vững. Đội Bygen (Úc) với công nghệ sản xuất than hoạt tính từ chất thải công nghiệp với chi phí sản xuất thấp hơn 60% thắng giải ở lĩnh vực kinh tế tuần hoàn và quản lý rác thải. “Chúng tôi rất vui mừng khi thấy sự góp mặt của các công nghệ mới trong lĩnh vực kinh tế xanh tại Việt Nam và luôn sẵn sàng hỗ trợ những sáng kiến này. Chúng tôi luôn sẵn sàng tạo điều kiện thuận lợi nhất để những dự án, công nghệ này được phát triển ở quy mô rộng hơn và góp phần vào mục tiêu chuyển đổi xanh và phát triển bền vững”, ông Trương Minh Huy Vũ, Viện Trưởng Viện Nghiên cứu Phát triển TP.HCM chia sẻ.",,"công nghệ, năng lượng, Net Zero, Bền vững",https://images2.thanhnien.vn/thumb_w/640/528068263637045248/2024/11/22/cuocthi-1732295970020125236008.png,"[""https://images2.thanhnien.vn/thumb_w/640/528068263637045248/2024/11/22/cuocthi-1732295970020125236008.png""]",,2024-11-23T06:22:00+07:00,2026-07-03T14:34:22.127919,Công nghệ,,,,
185250618105807835,https://thanhnien.vn/intel-tiep-tuc-sa-thai-10000-cong-nhan-tren-toan-cau-185250618105807835.htm,thanhnien.vn,,,,,,Intel tiếp tục sa thải 10.000 công nhân trên toàn cầu,Đợt sa thải lớn tiếp theo của Intel sẽ ảnh hưởng trực tiếp đến lao động trong các nhà máy khi tập đoàn muốn cắt giảm thêm 15 - 20% việc làm mà không kèm các quyền trợ cấp như trước.,"Theo hồ sơ The Oregonian tiếp cận, Phó chủ tịch sản xuất của Intel Naga Chandrasekara đã thông báo với các công nhân của tập đoàn về kế hoạch loại bỏ 15 - 20% lao động trong các nhà máy Intel Foundry. ""Đây là động thái khó khăn nhưng cần thiết để thích nghi với những thách thức về tình hình tài chính hiện tại của công ty"", The Oregonian dẫn lời Chandrasekara. Đợt sa thải này sẽ bắt đầu từ giữa tháng 7. Khác những đợt cắt giảm trước, lần này Intel quyết định mạnh tay, không còn chính sách ưu tiên cho những người tự nguyện hoặc chương trình đền bù hậu hĩnh. Các tài liệu rò rỉ cho thấy danh sách thôi việc sẽ dựa trên các ưu tiên về chiến lược đầu tư của công ty, hiệu suất từng cá nhân. Những dự án không còn là mục tiêu chiến lược sẽ không được tài trợ, đồng nghĩa với việc bộ phận đó sẽ bị giải thể. Intel sẽ lựa chọn những nhân viên giỏi nhất để giữ lại. Nhà máy Intel tại Khu Công nghệ cao TP.HCM ẢNH: KHƯƠNG NHA Intel có 15 nhà máy sản xuất wafer trên toàn thế giới tại 10 địa điểm. Tại Việt Nam, Intel có nhà máy lắp ráp và kiểm định chip tại Khu Công nghệ cao (TP.HCM). Đây là nhà máy kiểm thử và đóng gói lớn nhất thế giới, chiếm hơn 50% sản lượng của tập đoàn. Trong khi đó, ""thánh địa"" của Intel tại Oregon đang được xem là sẽ bị ảnh hưởng nặng nề nhất. Nơi đây tập trung gần 20.000 nhân viên Intel tại Mỹ. Việc giảm nhân sự dưới ngưỡng cam kết trong thỏa thuận nhận 115 triệu USD trợ cấp từ bang có thể khiến Intel phải đối mặt với việc điều chỉnh hoặc hoàn trả một phần khoản hỗ trợ này. Intel không tiết lộ chính xác có bao nhiêu nhân viên làm việc trong các nhà máy sản xuất. Tuy nhiên, các báo cáo tài chính cho thấy công ty đang có một nửa lao động phụ trách sản xuất và các dịch vụ liên quan. Đại diện công ty từ chối bình luận về những thông tin cắt giảm nhân sự nhưng khẳng định ""sẽ đối xử với nhân viên một cách cẩn thận và tôn trọng khi thực hiện công cuộc quan trọng này"". Trong hồ sơ nộp lên cơ quan quản lý hằng năm, tính đến tháng 12.2024, Intel có tổng cộng 108.900 người. Nếu 50% nhân sự của Intel tham gia vào hoạt động sản xuất, tương đương khoảng 54.450 người. Kế hoạch cắt giảm 15 - 20% lao động nhà máy đồng nghĩa sẽ có khoảng 8.170 - 10.890 nhân sự trên toàn cầu của Intel bị mất việc. Intel đang vật lộn trong nhiều khó khăn từ cả bên trong lẫn bên ngoài. Kể từ khi CEO Lip-Bu Tan lên nắm quyền vào tháng 3, ông đã nhiều lần chỉ ra rằng công ty cần tập trung lại các mũi nhọn kinh doanh, tinh giản tổ chức và quay về với giá trị cốt lõi là kỹ thuật. Tháng 8 năm ngoái, Intel đã sa thải 15% nhân viên, tương đương khoảng 15.000 việc làm bị mất. Khi này, Intel đưa ra nhiều lựa chọn mềm mỏng như đề nghị nghỉ hưu sớm, bồi thường thất nghiệp... nhưng lần sa thải mới sẽ không còn những chính sách này. Intel đang ứng phó với tình trạng doanh số bán hàng giảm liên tục và triển vọng ảm đạm trong ngắn hạn do cạnh tranh gay gắt trong lĩnh vực PC và trung tâm dữ liệu. Việc bị chậm chân trong lĩnh vực AI cũng khiến tập đoàn chip của Mỹ phải chịu nhiều áp lực về tài chính, thị phần trên toàn cầu. Trong khi một số nguồn tin cho thấy khoản tài trợ của liên bang và tiểu bang cho công ty cũng đang không như mong đợi. Dự kiến Intel sẽ nhận được 7,9 tỉ USD từ Đạo luật CHIPS, 1 tỉ USD đã được chuyển vào năm ngoái nhưng phần còn lại vẫn chưa chắc chắn. Riêng bang Oregon cam kết 115 triệu USD từ quỹ công, nhưng phải đáp ứng các mục tiêu tuyển dụng và thu thuế. Việc cắt giảm hiện tại sẽ khó giúp Intel có thể cân bằng được các mục tiêu và yêu cầu để được hưởng ưu đãi.",,"công nghệ, Intel, cắt giảm, thất nghiệp",https://images2.thanhnien.vn/thumb_w/640/528068263637045248/2025/6/18/intelthanh-nien-1750223231383547766374.jpg,"[""https://images2.thanhnien.vn/thumb_w/640/528068263637045248/2025/6/18/intelthanh-nien-1750223231383547766374.jpg""]",,2025-06-18T14:41:00+07:00,2026-07-03T14:34:22.247154,Công nghệ,,,,
185251129101533347,https://thanhnien.vn/ai-tren-windows-11-manh-den-muc-microsoft-phai-phat-canh-bao-185251129101533347.htm,thanhnien.vn,,,,,,AI trên Windows 11 mạnh đến mức Microsoft phải phát cảnh báo,"Microsoft đang trong quá trình phát triển Windows 11, với kế hoạch chuyển đổi thành một 'agentic OS' trong tương lai.","Tuy nhiên, công ty đã đưa ra cảnh báo về những rủi ro tiềm ẩn liên quan đến tính năng mới này. Trước khi triển khai các tính năng thử nghiệm cho người dùng Windows Insider, Microsoft khuyến cáo người dùng Windows 11 chỉ nên kích hoạt các tính năng này nếu họ hiểu rõ về các tác động bảo mật. Người dùng được khuyến cáo cẩn thận với việc cấp quyền truy cập cho các thành phần tác nhân AI ẢNH: REUTERS Theo BGR , Microsoft xác nhận các thành phần tác nhân AI (trí tuệ nhân tạo) sẽ mặc định bị tắt do tính năng này có thể gây ra rủi ro tấn công cross-prompt injection (XPIA). Tấn công này xảy ra khi các ứng dụng AI được cấp quyền truy cập vào tệp người dùng, có thể dẫn đến việc rò rỉ dữ liệu hoặc cài đặt phần mềm độc hại. Tài khoản Agentic, được cấp khi các tính năng tác nhân AI được bật, sẽ có quyền truy cập hạn chế vào thư mục hồ sơ người dùng, nhưng vẫn có khả năng gây ra những hậu quả không mong muốn. Windows 11 chuẩn bị 'tiến hóa' vì AI Được gọi là Agent Workspace, các thành phần tác nhân AI thử nghiệm hiện đã có sẵn trong bản xem trước dành cho nhà phát triển và sẽ sớm được triển khai cho nhiều người dùng hơn. Mặc dù chưa có ứng dụng nào hỗ trợ tính năng này, Copilot sẽ sớm có quyền truy cập vào Agent Workspace. Tuy nhiên, điều này cũng đặt ra lo ngại về quyền riêng tư, khi Copilot có thể nhìn thấy toàn bộ màn hình của người dùng. Microsoft nhấn mạnh bảo mật không phải là một tính năng tạm thời mà là một cam kết liên tục sẽ được điều chỉnh theo thời gian. Agent Workspace được thiết kế để cho phép các ứng dụng AI truy cập vào tệp ở chế độ nền, trong khi người dùng tiếp tục sử dụng thiết bị của mình. Tuy nhiên, người dùng vẫn có thể quản lý quyền truy cập và dừng tác nhân khi cần thiết. Hiện tại, nhiều người vẫn bày tỏ sự lo ngại và bất đồng quan điểm về tính năng mới này trên các diễn đàn trực tuyến. Mặc dù vậy, Microsoft cho rằng, khi ngày càng nhiều người dùng tiếp cận các tính năng tác nhân AI thử nghiệm, họ sẽ có thêm thông tin về cách thức hoạt động và mức độ bảo mật của chúng.",,"Microsoft, cảnh báo, tác nhân AI, trí tuệ nhân tạo, tính năng mới, agentic OS",https://images2.thanhnien.vn/thumb_w/640/528068263637045248/2025/11/29/1-17643859275642072736161.jpg,"[""https://images2.thanhnien.vn/thumb_w/640/528068263637045248/2025/11/29/1-17643859275642072736161.jpg""]",,2025-11-29T19:33:00+07:00,2026-07-03T14:34:22.414010,Công nghệ,,,,
185250511072544933,https://thanhnien.vn/nhung-ung-dung-android-can-go-bo-gap-185250511072544933.htm,thanhnien.vn,,,,,,Những ứng dụng Android cần gỡ bỏ gấp,"Người dùng điện thoại Android đang phải đối mặt với một mối đe dọa mới mang tên ""Kaleidoscope"", một hình thức lừa đảo quảng cáo tinh vi.","Cuộc tấn công này lợi dụng các ứng dụng hợp pháp có sẵn trên Google Play cho người dùng Android, khiến họ vô tình cài đặt các ứng dụng độc hại thông qua cửa hàng bên thứ ba. Kẻ xấu đưa các ứng dụng trông như hợp pháp lên kho Google Play, trong khi phiên bản độc hại của chúng lại được phát tán qua các cửa hàng ứng dụng bên ngoài và mạng xã hội. Ví dụ về các quảng cáo gây phiền nhiễu xuất hiện trên điện thoại Android đã cài đặt ứng dụng độc hại ẢNH: IAS Theo báo cáo từ IAS Threat Labs, mối đe dọa này đã xâm nhập vào khoảng 2,5 triệu thiết bị mỗi tháng, trong đó 20% số vụ xảy ra tại Ấn Độ. Ngoài ra, Kaleidoscope cũng đã được phát hiện ở các quốc gia như Indonesia, Philippines và Brazil. Nguyên nhân chính dẫn đến sự gia tăng của mối đe dọa này là việc cài đặt ứng dụng độc hại thông qua các cửa hàng ứng dụng của bên thứ ba. Chiêu thức đưa ứng dụng độc hại vào thiết bị Android Cách thức hoạt động của Kaleidoscope rất tinh vi. Người dùng tải xuống một ứng dụng từ Google Play và tưởng rằng đó là ứng dụng hợp lệ. Sau đó, người dùng được mời gọi tải thêm phiên bản cập nhật từ một liên kết khác, thường là qua tin nhắn, mạng xã hội hoặc trang web lạ… để lôi kéo người dùng cài đặt qua các cửa hàng không chính thức chứa phần mềm độc hại. Nếu có bất kỳ ứng dụng nào trong số này trên điện thoại Android, hãy xóa chúng ngay lập tức ẢNH: FORBES Sai khi phiên bản độc hại được cài đặt, nó sẽ hiển thị các quảng cáo gây phiền toái, bao gồm hình ảnh và video toàn màn hình mà không cần sự tương tác của người dùng gây khó chịu và làm giảm trải nghiệm sử dụng điện thoại. Google đã nhanh chóng hành động bằng cách xóa các ứng dụng bị gắn cờ khỏi Google Play và cam kết bảo vệ người dùng Android khỏi các phiên bản đã biết của Kaleidoscope. Tuy nhiên, các nhà quảng cáo tham gia vào chương trình này vẫn chưa thực sự nghiêm túc trong việc kiểm tra chất lượng của kho quảng cáo mà họ phân phối. Hệ quả là phần mềm quảng cáo độc hại có thể khiến điện thoại quá nóng, tiêu tốn pin nhanh chóng và làm giảm hiệu suất thiết bị. Với số lượng cài đặt ứng dụng nhiễm Kaleidoscope lên tới 2,5 triệu mỗi tháng, tình hình đang trở nên nghiêm trọng và đe dọa đến sự an toàn của người dùng Android.",,"phần mềm độc hại, Quảng cáo, Kaleidoscope",https://images2.thanhnien.vn/thumb_w/640/528068263637045248/2025/5/11/1-17469230011582092940511.jpg,"[""https://images2.thanhnien.vn/thumb_w/640/528068263637045248/2025/5/11/1-17469230011582092940511.jpg"", ""https://images2.thanhnien.vn/528068263637045248/2025/5/11/2-1746923040031758849374.jpg""]",,2025-05-11T08:09:00+07:00,2026-07-03T14:34:22.849264,Công nghệ,,,,
185250114161724777,https://thanhnien.vn/dieu-gi-xay-ra-voi-tiktok-sau-ngay-191-185250114161724777.htm,thanhnien.vn,,,,,,Điều gì xảy ra với TikTok sau ngày 19.1?,"Theo ""luật cấm TikTok"" được chính quyền ông Joe Biden ban hành vào năm 2024, ByteDance sẽ phải bán TikTok trước ngày 19.1.2025.","Nếu việc bán TikTok không diễn ra như yêu cầu, ứng dụng này sẽ không còn có sẵn tại Mỹ. Điều này khiến giới truyền thông đặt ra câu hỏi về tương lai của TikTok khi thời hạn này đang đến gần. ByteDance có thể phải lựa chọn bán TikTok tại Mỹ để ứng dụng tiếp tục hoạt động ẢNH: REUTERS Theo Axios , tương lai của TikTok hiện phụ thuộc vào quyết định của Tòa án Tối cao Mỹ, nơi sẽ xem xét liệu lệnh cấm TikTok có phải là hành động vi hiến hay không. Mặc dù vậy, Axios cho rằng khả năng tòa án duy trì luật này là rất cao. Trong các lập luận bằng miệng vào ngày 10.1.2025, các thẩm phán đã chỉ ra rằng lệnh cấm có thể không vi phạm Hiến pháp Mỹ. Nguyên nhân của điều này bắt nguồn từ việc ""TikTok có thể tiếp tục hoạt động nếu sử dụng thuật toán khác với ByteDance"", trong khi ""ByteDance là một công ty Trung Quốc nên không được bảo vệ bởi Tu chính án thứ nhất trong Hiến pháp Mỹ"". Trung Quốc có thể bán TikTok cho tỉ phú Elon Musk Nếu lệnh cấm được thực thi đúng thời hạn và ByteDance không bán TikTok, người dùng tại Mỹ sẽ không thể tải xuống ứng dụng mới hoặc nhận bản cập nhật từ cửa hàng ứng dụng, dẫn đến việc TikTok trở nên không sử dụng được. Dĩ nhiên, ứng dụng sẽ không biến mất ngay lập tức khỏi điện thoại của người dùng nếu họ đã tải xuống trước đó. Mặc dù vậy, nếu đơn vị quản lý thư viện video của TikTok là Oracle quyết định ngừng cung cấp dịch vụ lưu trữ, việc đóng cửa ứng dụng có thể diễn ra nhanh chóng hơn, mặc dù điều này có thể ảnh hưởng tiêu cực đến giá cổ phiếu của Oracle. Có một cách khác là người dùng có thể truy cập TikTok qua trình duyệt bằng cách sử dụng VPN, nhưng nếu tài khoản cửa hàng ứng dụng của họ tại Mỹ, họ sẽ không thể tải xuống các bản cập nhật. Nhiều người chọn ứng dụng thay thế TikTok Báo cáo cũng cho thấy, một số người dùng TikTok đã bắt đầu chuyển sang các ứng dụng mạng xã hội khác. Tuy nhiên, một ứng dụng được TikTok giới thiệu như một lựa chọn thay thế có tên Lemon8 cũng có thể bị cấm tương tự do thuộc sở hữu của ByteDance. Ứng dụng video ngắn mới nổi là RedNote đang thu hút sự chú ý và dẫn đầu danh mục mạng xã hội tại App Store Mỹ. Các dịch vụ khác như YouTube Shorts hay Instagram Reels cũng đang thu hút người dùng TikTok khi nhiều người chia sẻ nội dung TikTok đã bắt đầu đến với các nền tảng này. Influencer người Mỹ hy vọng Tiểu Hồng Thư sẽ giữ được sóng người ""di cư"" từ TikTok Theo một cuộc khảo sát của Trung tâm nghiên cứu Pew, TikTok hiện có khoảng 170 triệu người dùng tại Mỹ, nhưng chỉ có 32% người Mỹ ủng hộ việc cấm ứng dụng này. Quyết định cấm TikTok của chính phủ Mỹ chủ yếu dựa trên những lo ngại về an ninh quốc gia liên quan đến các công ty Trung Quốc, bao gồm việc lan truyền thông tin sai lệch và hoạt động gián điệp. TikTok đã phản ứng bằng cách lập luận rằng lệnh cấm này là vi hiến và vi phạm quyền tự do ngôn luận theo Tu chính án thứ nhất. Nếu Tòa án Tối cao Mỹ quyết định duy trì lệnh cấm, TikTok có thể sẽ phải tìm đến ông Donald Trump, người sẽ nhậm chức tổng thống Mỹ vào ngày 20.1. Ông Trump từng ra lệnh cấm TikTok trong nhiệm kỳ đầu tiên của mình nhưng đã bày tỏ ý định giữ TikTok tồn tại nếu tái đắc cử.",,"Lệnh cấm, mạng xã hội, ứng dụng di động",https://images2.thanhnien.vn/thumb_w/640/528068263637045248/2025/1/14/1-1736846009240627719687.jpg,"[""https://images2.thanhnien.vn/thumb_w/640/528068263637045248/2025/1/14/1-1736846009240627719687.jpg""]",,2025-01-14T19:48:00+07:00,2026-07-03T14:34:23.162492,Công nghệ,,,,
185260522085739429,https://thanhnien.vn/chiec-smartphone-samsung-gia-re-dang-tro-thanh-lua-chon-ua-thich-185260522085739429.htm,thanhnien.vn,,,,,,Chiếc smartphone Samsung giá rẻ đang trở thành lựa chọn ưa thích,"Samsung đã giới thiệu một loạt smartphone với nhiều mức giá khác nhau, với một số sản phẩm được giới chuyên gia đánh giá cao.","Trên thị trường, người dùng có thể tìm thấy nhiều mẫu điện thoại Samsung với mức giá khác nhau. Ví dụ, Galaxy A17 5G có giá khoảng 4,99 triệu đồng, trong khi Galaxy S26+ lại có giá lên tới 30,49 triệu đồng. Tuy nhiên, giá cả có thể thay đổi tùy thuộc vào kiểu máy và dung lượng bộ nhớ mà người dùng chọn. Galaxy A25 được đánh giá cao nhờ sự cân bằng giữa nhiều yếu tố ẢNH: SAMSUNG Trong danh sách các mẫu smartphone hiện nay của Samsung, Galaxy A25 đang nổi bật ở phân khúc giá rẻ và nhận được đánh giá cao từ tạp chí tiêu dùng uy tín Consumer Reports . Với mức giá khoảng 4,59 triệu đồng tại Việt Nam, Galaxy A25 là một trong những lựa chọn smartphone Android giá rẻ đáng mua nhất hiện nay. Consumer Reports đã xếp hạng Galaxy A25 là một trong những smartphone tốt nhất năm 2026 nhờ hiệu năng vượt trội, dung lượng pin ấn tượng và chất lượng camera. Đây là một sản phẩm lý tưởng cho những ai tìm kiếm một chiếc smartphone chất lượng cao với mức giá phải chăng. Các thông số kỹ thuật trên Samsung Galaxy A25 Galaxy A25 sở hữu màn hình AMOLED 6,5 inch với độ phân giải 1.080 x 2.340, giúp hình ảnh sắc nét và giảm ánh sáng xanh, bảo vệ mắt người dùng. Điện thoại được trang bị camera trước 13 MP và ba camera sau cho các nhu cầu chụp ảnh khác nhau, cùng khả năng quay video mượt mà ở tốc độ 500 Hz. Người dùng có thể lựa chọn giữa tùy chọn bộ nhớ RAM 6 GB hoặc 8 GB, với 4 màu sắc khác nhau. Review Samsung Galaxy S26 Ultra sau 3 tháng sử dụng Pin của Galaxy A25 có thời gian sử dụng lên đến hai ngày trước khi cần sạc, máy còn hỗ trợ kết nối USB-C, hai khe cắm SIM và khả năng chống nước giúp người dùng yên tâm hơn khi sử dụng. Theo đánh giá trên Amazon, Galaxy A25 nhận được 4,4/5 sao với hơn 200 đánh giá, và cũng xếp hạng tương tự trên trang web chính thức của Samsung . Người dùng đánh giá cao Galaxy A25 ở hiệu năng, độ rõ nét của màn hình, thời lượng pin và mức giá hợp lý. Tuy nhiên, sản phẩm gặp phải một số phàn nàn liên quan đến việc pin nóng lên nhanh chóng và các vấn đề về giao hàng. Mặc dù có những ý kiến trái chiều, Galaxy A25 vẫn là một lựa chọn hấp dẫn trong phân khúc điện thoại giá rẻ, với nhiều tính năng nổi bật và hiệu năng tốt. Với sự đánh giá cao từ Consumer Reports và phản hồi tích cực từ người dùng, đây chắc chắn là một sản phẩm đáng để cân nhắc.",,"Galaxy A25, điện thoại giá rẻ, Consumer Reports, Galaxy A",https://images2.thanhnien.vn/thumb_w/640/528068263637045248/2026/5/22/1-17794148148072096737560.jpg,"[""https://images2.thanhnien.vn/thumb_w/640/528068263637045248/2026/5/22/1-17794148148072096737560.jpg""]",,2026-05-22T15:33:00+07:00,2026-07-03T14:34:23.517297,Công nghệ,,,,
185251113104549692,https://thanhnien.vn/dau-tu-cho-trung-tam-du-lieu-tang-manh-anthropic-rot-50-ti-usd-vao-my-185251113104549692.htm,thanhnien.vn,,,,,,"Đầu tư cho trung tâm dữ liệu tăng mạnh, Anthropic rót 50 tỉ USD vào Mỹ","Theo báo cáo mới nhất của Cơ quan Năng lượng Quốc tế (IEA), năm 2025, thế giới sẽ chi 580 tỉ USD cho các trung tâm dữ liệu (data center), nhiều hơn 40 tỉ USD so với đầu tư tìm nguồn cung dầu khí mới.","Anthropic rót 50 tỉ USD xây dựng trung tâm dữ liệu tại Mỹ Góp phần vào xu hướng đầu tư cho các trung tâm dữ liệu, Anthropic, startup AI đứng sau các mô hình Claude vừa công bố khoản đầu tư 50 tỉ USD để xây dựng loạt trung tâm dữ liệu mới tại Texas và New York, hợp tác cùng Fluidstack. Các trung tâm này được thiết kế riêng cho nhu cầu huấn luyện và vận hành mô hình AI thế hệ tiếp theo. CEO của Anthropic công bố khoản đầu tư 50 tỉ USD để xây dựng loạt trung tâm dữ liệu mới tại Texas và New York ẢNH: REUTERS Anthropic cho biết dự án sẽ tạo thêm hơn 3.000 việc làm mới, dự án dự kiến sẽ được vận hành từ năm 2026. Công ty nhấn mạnh khoản đầu tư phù hợp với mục tiêu của chính quyền Tổng thống Donald Trump nhằm củng cố vị thế dẫn đầu của Mỹ trong ngành AI. Được hậu thuẫn bởi Alphabet và Amazon , Anthropic hiện được định giá 183 tỉ USD và phục vụ hơn 300.000 khách hàng doanh nghiệp. Nhu cầu điện cho AI tăng gấp 5 lần trong 10 năm tới IEA cảnh báo điện năng tiêu thụ của các trung tâm dữ liệu phục vụ AI sẽ tăng gấp 5 lần vào cuối thập kỷ này, tương đương gấp đôi tổng mức tiêu thụ hiện nay. Mỹ chiếm một nửa mức tăng trưởng nhu cầu này, phần còn lại tập trung ở châu Âu và Trung Quốc. Các đô thị lớn trên 1 triệu dân đang là điểm nóng phát triển hạ tầng mới. Một nửa các dự án đang triển khai có quy mô tối thiểu 200 MW, và đa số xây dựng gần các cụm trung tâm dữ liệu hiện hữu để tối ưu hạ tầng. Ảnh chụp từ trên cao Trung tâm dữ liệu của Apple tại Mesa, gần Phoenix, bang Arizona (Mỹ) ẢNH: REUTERS Tuy nhiên, tốc độ bùng nổ này tạo ra nhiều thách thức như nghẽn lưới điện và thời gian chờ kết nối kéo dài. Ở Bắc Virginia, thời gian chờ đấu nối có thể lên tới 10 năm còn tại Dublin (Ireland) đã ngừng nhận yêu cầu đấu nối đến năm 2028. Chuỗi cung ứng thiết bị điện cũng trở thành điểm nghẽn, khi máy biến áp, tua-bin khí và khoáng sản quan trọng đều dự báo thiếu hụt trong vài năm tới. Cuộc đua tìm nguồn năng lượng mới cho các trung tâm dữ liệu Cũng theo IEA, từ nay đến 2035, nguồn năng lượng tái tạo sẽ cung cấp phần lớn điện cho các trung tâm dữ liệu mới, theo đó, 400 TWh sẽ đến từ năng lượng tái tạo, 220 TWh từ khí tự nhiên và 190 TWh có thể đến từ nhà máy hạt nhân mô-đun nhỏ (SMR) nếu công nghệ đạt kỳ vọng. Các công ty như Amperesand và Heron Power cũng đang phát triển máy biến áp thể rắn, hứa hẹn giúp tích hợp năng lượng tái tạo linh hoạt hơn và giảm áp lực lên lưới điện, dù công nghệ này cần ít nhất 1 đến 2 năm nữa mới được triển khai rộng rãi. Sự kiện Anthropic mạnh tay chi 50 tỉ USD chỉ là một phần của bức tranh lớn hơn: các tập đoàn công nghệ toàn cầu đang chạy đua xây dựng hạ tầng tính toán để kịp đáp ứng nhu cầu AI tăng vọt. Việc đầu tư vào trung tâm dữ liệu lần đầu tiên vượt thăm dò dầu khí cho thấy trọng tâm của nền kinh tế toàn cầu đang dịch chuyển từ nhiên liệu hóa thạch sang năng lượng tính toán, yếu tố cốt lõi quyết định năng lực cạnh tranh trong kỷ nguyên AI.",,"Data center, anthropic",https://images2.thanhnien.vn/thumb_w/640/528068263637045248/2025/11/13/ceo-anthropic-1763005081758247706546.jpg,"[""https://images2.thanhnien.vn/thumb_w/640/528068263637045248/2025/11/13/ceo-anthropic-1763005081758247706546.jpg"", ""https://images2.thanhnien.vn/thumb_w/640/528068263637045248/2025/11/13/trung-tam-du-lieu-tai-my-1763005262299558204820.png""]",,2025-11-13T11:22:00+07:00,2026-07-03T14:34:23.652249,Công nghệ,,,,
185250201211507372,https://thanhnien.vn/deepseek-r1-tao-noi-dung-doc-hai-gap-nhieu-lan-cac-ai-khac-185250201211507372.htm,thanhnien.vn,,,,,,DeepSeek R1 tạo nội dung độc hại gấp nhiều lần các AI khác,Nghiên cứu cho thấy DeepSeek R1 có thể tạo ra nội dung độc hại nhiều hơn các AI khác trên thị trường.,"Theo BGR , mặc cho sự phổ biến nhanh chóng và những lời khen ngợi về hiệu suất, DeepSeek R1 , mô hình AI (trí tuệ nhân tạo) mới đến từ Trung Quốc, đang đối mặt với làn sóng chỉ trích mạnh mẽ từ cộng đồng an ninh mạng. DeepSeek R1 tạo ra nội dung độc hại nhiều hơn các AI khác ẢNH: CHỤP MÀN HÌNH WIRED DeepSeek R1 có xu hướng tạo ra nội dung độc hại nhiều hơn Nghiên cứu mới nhất của Enkrypt AI cho thấy R1 có khả năng tạo ra nội dung độc hại cao hơn đáng kể so với các đối thủ như ChatGPT. Cụ thể, R1 bị phát hiện có xu hướng thiên vị, tạo ra mã độc , ngôn ngữ độc hại, nội dung cực đoan và thậm chí là thông tin liên quan đến vũ khí hóa học, sinh học nguy hiểm. Điều đáng lo ngại là những nội dung này có thể được tạo ra mà không cần bất kỳ kỹ thuật 'jailbreak' nào. Một số điểm đáng chú ý từ báo cáo: R1 thiên vị hơn gấp 3 lần so với Claude-3 Opus (Anthropic). R1 dễ bị lợi dụng để tạo ra mã độc hơn gấp 4 lần so với o1 (OpenAI). R1 có khả năng tạo nội dung độc hại cao gấp 11 lần so với o1. Những rủi ro này đặt ra câu hỏi lớn về tính an toàn của DeepSeek R1, đặc biệt trong bối cảnh ứng dụng này đang được sử dụng rộng rãi. Người dùng cần cẩn trọng khi tương tác với R1 và cân nhắc các lựa chọn thay thế an toàn hơn. Bên cạnh đó, DeepSeek cũng đang vướng vào nhiều tranh cãi khác như: Kiểm duyệt nội dung nhạy cảm với chính phủ Trung Quốc. Gửi dữ liệu người dùng về Trung Quốc, gây lo ngại về quyền riêng tư . Lưu trữ dữ liệu người dùng không an toàn. Mặc dù DeepSeek có thể cập nhật để cải thiện độ an toàn của R1, nhưng việc người dùng có thể cài đặt phiên bản AI này cục bộ và không được cập nhật tự động sẽ là một thách thức lớn. Tương lai của DeepSeek R1 vẫn còn là một dấu hỏi lớn, đặc biệt khi những lo ngại về an toàn và bảo mật vẫn chưa được giải quyết triệt để.",,"nội dung độc hại, an toàn, R1, người dùng, mã độc, vũ khí, Ngôn ngữ, dữ liệu",https://images2.thanhnien.vn/thumb_w/640/528068263637045248/2025/2/1/deepseek-1738419452059417211530.jpg,"[""https://images2.thanhnien.vn/thumb_w/640/528068263637045248/2025/2/1/deepseek-1738419452059417211530.jpg""]",,2025-02-02T08:54:00+07:00,2026-07-03T14:34:23.721848,Công nghệ,,,,
185251014212848222,https://thanhnien.vn/galaxy-z-fold7-mong-hon-de-lam-duoc-nhieu-hon-185251014212848222.htm,thanhnien.vn,,,,,,Galaxy Z Fold7: Mỏng hơn để làm được nhiều hơn,"Không chỉ là mẫu điện thoại gập mỏng nhất của Samsung, Galaxy Z Fold7 còn tối ưu trải nghiệm người dùng nhờ thiết kế linh hoạt, công nghệ AI và khả năng kết nối hệ sinh thái.","Khi độ mỏng không còn là giới hạn trên Z Fold7 Ở thời điểm điện thoại gập không còn là điều xa lạ với người dùng công nghệ, câu hỏi đặt ra không còn là “có thể gập được không?” mà là “gập để làm gì?”. Với Galaxy Z Fold7 , thế hệ mới nhất trong dòng Fold của Samsung, trả lời cho câu hỏi đó sẽ là những cải tiến hướng đến trải nghiệm thực tế. Thiết kế mỏng ấn tượng của Galaxy Z Fold7 khi mở ra gần như liền mạch, tạo nên tổng thể gọn gàng, tinh tế. ẢNH: KHẢI MINH Với độ dày chỉ 4.2mm khi mở và 8.9mm khi gập, Fold7 là mẫu smartphone gập mỏng nhất từ trước đến nay của Samsung . Nhưng thay vì dừng lại ở thông số, thiết bị còn đặt nền móng cho một lối thiết kế gập ngày càng thực dụng hơn từ bản lề bền bỉ, màn hình ít nếp gấp, cho đến hệ sinh thái liền mạch. Dù không còn là sản phẩm mới trên thị trường, Galaxy Z Fold7 vẫn đóng vai trò tiên phong trong việc đưa điện thoại gập trở thành thiết bị chính không chỉ vì có thể gập, mà vì thực sự làm được nhiều hơn nhờ những cải tiến sâu bên trong. Thiết kế mỏng nhẹ không còn đồng nghĩa với đánh đổi Cảm giác đầu tiên khi cầm Galaxy Z Fold7 là độ mỏng và gọn đáng kể so với các thế hệ trước. Máy nhẹ chỉ 215g – con số không quá ấn tượng trên giấy, nhưng trong thực tế sử dụng lại mang tới sự khác biệt rõ rệt. Thiết bị gập này dễ dàng bỏ vào túi áo, túi quần, cầm lâu cũng không mỏi – điều từng là rào cản lớn của các dòng Fold cũ. Với kích thước gọn gàng Galaxy Z Fold7 dễ dàng mang theo bên mình, phù hợp với nhịp sống linh hoạt hiện đại ẢNH: KHẢI MINH Phần bản lề Armor Flex mới đóng kín hơn, ít khe hở, giúp thao tác gập mở nhẹ tay hơn mà vẫn chắc chắn. Cấu trúc bản lề dạng giọt nước (water-drop) cho phép màn hình gập theo bán kính cong lớn hơn, giúp giảm áp lực tại điểm gập, đồng thời hạn chế việc tạo nếp gấp sâu sau thời gian dài sử dụng. Khi mở máy ở góc 90 độ, bản lề giữ máy ổn định, hỗ trợ tốt các tác vụ như gọi video, ghi chú hay chụp ảnh rảnh tay. Dù việc mở máy bằng một tay không dễ vì độ khít của bản lề, điểm này cũng góp phần tạo cảm giác an toàn hơn, hạn chế việc thao tác vội làm ảnh hưởng tới màn hình. Màn hình chính 8 inch duy trì chất lượng hiển thị cao, ít nếp gấp, hỗ trợ chống chói tốt. Trong các thử nghiệm sử dụng ban ngày hoặc dưới đèn phản chiếu mạnh, nội dung vẫn rõ ràng, không bị lóa nhiều như trên thế hệ cũ. Bản lề Fold7 mang lại cảm giác đóng mở nhẹ nhưng dứt khoát, phản ánh rõ triết lý thiết kế chính xác của Samsung ẢNH: KHẢI MINH Màn hình phụ 6.5 inch vừa vặn, dễ thao tác bằng một tay, đặc biệt phù hợp với người dùng có bàn tay nhỏ. Việc chuyển đổi giữa hai màn hình trở nên linh hoạt: xem nhanh nội dung từ ngoài, mở ra để xử lý công việc chi tiết hơn bên trong. AI và hệ sinh thái mở cho người dùng Galaxy Trên Fold7, Samsung tích hợp hàng loạt tính năng AI như: khoanh tròn để tìm kiếm, dịch nhanh toàn màn hình, tóm tắt nội dung và tạo phản hồi tự động. Các tính năng này hoạt động tốt trên màn hình lớn và đặc biệt hữu ích khi sử dụng ở chế độ chia đôi ứng dụng, một lợi thế rõ rệt so với các thiết bị điện thoại truyền thống. Z Fold7 cho thấy thiết bị gập không chỉ là hình thức, mà là trung tâm của trải nghiệm thông minh ẢNH: KHẢI MINH Thêm vào đó, Fold7 tương thích tốt với hệ sinh thái Galaxy và cả các nền tảng khác. Người dùng có thể chuyển tệp nhanh giữa máy tính bảng Galaxy Tab , máy tính Galaxy Book hoặc thậm chí là thiết bị Windows thông qua Quick Share, Nearby Share. Tính năng Multi Control cho phép sử dụng cùng một bàn phím và chuột để thao tác cả trên Fold7 lẫn tablet hoặc laptop, giúp công việc liền mạch hơn. Khả năng hỗ trợ Samsung DeX, chia sẻ nội dung nhanh giữa thiết bị di động và màn hình lớn càng mở rộng trải nghiệm làm việc, đặc biệt với người dùng văn phòng, sáng tạo nội dung hoặc hay di chuyển. Tổng kết lại, Galaxy Z Fold7 không chỉ là một thiết bị gập mỏng, mà là sản phẩm cho thấy Samsung đã đi được một chặng đường dài để biến công nghệ gập trở thành lựa chọn thực tế. Từ bản lề water-drop giúp thao tác êm hơn, khả năng chống bụi – nước tốt hơn, cho đến AI thông minh và hệ sinh thái mở, thiết bị này đang định nghĩa lại smartphone gập : không chỉ để khác biệt, mà để làm được nhiều hơn mỗi ngày.",,"Galaxy Z Fold7, điện thoại gập, người dùng, trải nghiệm",https://images2.thanhnien.vn/thumb_w/640/528068263637045248/2025/7/21/yuu1130-1753067480185108588848.jpg,"[""https://images2.thanhnien.vn/thumb_w/640/528068263637045248/2025/7/21/yuu1130-1753067480185108588848.jpg"", ""https://images2.thanhnien.vn/thumb_w/640/528068263637045248/2025/7/21/yuu1096-1753067479771322213952.jpg"", ""https://images2.thanhnien.vn/thumb_w/640/528068263637045248/2025/7/21/yuu1172-1753067480256608705265.jpg"", ""https://images2.thanhnien.vn/thumb_w/640/528068263637045248/2025/7/21/yuu1144-17530674802651792310831.jpg""]",,2025-10-15T10:55:00+07:00,2026-07-03T14:34:23.849379,Công nghệ,,,,
185250522092026044,https://thanhnien.vn/bitcoin-lien-tuc-pha-dinh-gia-cao-nhat-moi-thoi-dai-185250522092026044.htm,thanhnien.vn,,,,,,Bitcoin liên tục phá đỉnh giá cao nhất mọi thời đại,"Giá Bitcoin đã nhiều lần tăng vọt lên 109.000 sau đó cán mốc 110.000 USD mỗi token, thiết lập mức cao nhất trong lịch sử.","Dữ liệu từ Binance cho thấy, trong 24 giờ qua, giá Bitcoin (BTC) đã tăng 2,95%, thiết lập mức giá cao nhất lịch sử (ATH) 110.724 USD lúc 8 giờ ngày 22.5, theo giờ Việt Nam. Mức cao nhất mọi thời đại của Bitcoin trùng khớp với bảy nến xanh liên tiếp hằng tuần kể từ tháng 4, tính từ vùng giá phục hồi thấp nhất là 74.000 USD. Đà tăng này càng làm củng cố những phân tích cho thấy giá Bitcoin sẽ tiếp tục tăng và nhanh chóng đạt mốc 135.000 USD, sau đó là 320.000 USD. Giá Bitcoin đạt mức cao nhất mọi thời đại 110.000 USD vào sáng 22.5, theo giờ Việt Nam NGUỒN: BINANCE Dữ liệu từ blockchain cho thấy nếu đến ngày 25.5, Bitcoin vẫn duy trì mức giá trên 106.500 USD, đây sẽ là chuỗi tuần tăng giá liên tiếp dài nhất kể từ tháng 10.2023. Bitcoin sẽ tiếp tục tăng giá Với đà tăng giá của Bitcoin, nhà giao dịch tiền điện tử của Titan of Crypto lưu ý rằng mục tiêu giá 135.000 USD vẫn có thể đạt được trong năm 2025. Dựa trên các dữ liệu về lợi nhuận và mức kháng cự, hỗ trợ của thị trường trong hai năm qua, các chuyên gia dự báo đà tăng giá này vẫn chưa dừng lại. Các biểu đồ phân tích kỹ thuật cho thấy mục tiêu tiếp theo của Bitcoin sẽ nằm trong vùng giá 135.000 - 140.000 USD. Tuy nhiên nhà giao dịch kỳ cựu Peter Brandt lưu ý mức ATH mới của Bitcoin không có nhiều ý nghĩa về mặt kỹ thuật trong thị trường tăng giá. Ông cho biết: ""Bitcoin tăng luôn đạt ATH khi vào đúng chu kỳ. Hãy theo dõi xem BTC có đạt đỉnh mới là 125.000 - 150.000 USD vào tháng 8 này?"". Bitcoin lại trên đà tăng giá kỷ lục nhờ ông Trump Trong bài đăng gần đây trên X, nhà phân tích Van Lagen đã chỉ ra sự bứt phá của Bitcoin khỏi mô hình Megaphone tăng giá kéo dài 4 năm. Chỉ số này đánh dấu bằng các đường xu hướng phân kỳ với mức cao hơn và mức thấp hơn, báo hiệu xu hướng tăng mạnh tiềm năng sau khi phá vỡ ngưỡng kháng cự trước đó. Các dữ liệu cho thấy, Bitcoin có thể đang ở sóng cuối của chu kỳ giá. Điều này thường là dấu hiệu cho thấy đợt điều chỉnh tiếp theo có thể giúp Bitcoin tăng 170 - 190%. Trong khi cả thị trường đang hưng phấn trước đà tăng của Bitcoin, nhiều nhà phân tích kỳ cựu cũng khuyến cáo người chơi nên cẩn trọng, không nên quá FOMO (tâm lý sợ bị bỏ lỡ). João Wedson, CEO của Alphractal lưu ý các nhà đầu tư nên thận trọng và kiên nhẫn. Ông cho rằng biểu đồ nhiệt độ thị trường (heatmap) của BTC cho thấy giá chuyển động theo vùng đòn bẩy cao, các nhà tạo lập thị trường có thể nhắm mục tiêu vào những người quá tự tin, dẫn đến thanh lý. Wedson nhấn mạnh rằng tâm lý quá kỳ vọng của công chúng về mức giá kỷ lục mới có thể là bẫy của các tay chơi lớn, do đó người chơi nên quản lý rủi ro. Về tổng thể, đà tăng giá của Bitcoin được thúc đẩy từ nhiều yếu tố, đầu tiên là kinh tế vĩ mô khi cuộc chiến thuế quan của Mỹ - Trung được nới lỏng. Tiềm năng thiết lập ATH mới cũng một phần bị tác động bởi các quyết định của của Cục Dự trữ Liên bang. Việc Moody đã hạ xếp hạng nợ công của Mỹ góp phần giảm bớt lo ngại về suy thoái, tiền được bơm vào thị trường khiến giảm sức hấp dẫn của trái phiếu chính phủ, các nhà đầu tư sẽ ưu tiên cho những tài sản mới như Bitcoin.",,"Bitcoin, giá Bitcoin, bitcoin tăng, Việt Nam, ATH",https://images2.thanhnien.vn/thumb_w/640/528068263637045248/2025/5/22/gia-bitcointhanh-nien-17478804542721301717806.png,"[""https://images2.thanhnien.vn/thumb_w/640/528068263637045248/2025/5/22/gia-bitcointhanh-nien-17478804542721301717806.png""]",,2025-05-22T10:00:00+07:00,2026-07-03T14:34:23.979676,Công nghệ,,,,
185260414202307915,https://thanhnien.vn/game-vo-hiep-ta-la-cao-thu-vo-lam-gay-chu-y-truoc-ngay-ra-mat-185260414202307915.htm,thanhnien.vn,,,,,,Game võ hiệp: Ta Là Cao Thủ Võ Lâm gây chú ý trước ngày ra mắt,"Ta Là Cao Thủ Võ Lâm - game thẻ bài võ hiệp Kim Dung kết hợp cùng Action C mời Trầm Minh Hoàng làm người đại diện cùng các giải thưởng công nghệ giá trị và loạt tính năng đậm chất giang hồ trước thềm ra mắt 23.4. Đặc biệt, game đang mở cổng đăng ký sớm trên 2 store đến hết ngày 19.4, dành tặng ngay hiệp khách Trương Vô Kỵ 5 sao cho những game thủ báo danh","Thị trường game đang xôn xao về một tựa game mới - Ta Là Cao Thủ Võ Lâm được lấy cảm hứng từ thế giới võ hiệp Kim Dung. Sở hữu phong cách thể hiện mới mẻ khi kết hợp Action C mời Trầm Minh Hoàng làm đại diện hình ảnh, trò chơi nhanh chóng thu hút sự chú ý của cộng đồng trước ngày ra mắt chính thức 23.4. Ta Là Cao Thủ Võ Lâm - Game thẻ bài võ hiệp Kim Dung kết hợp Action C gây chú ý Trong bối cảnh dòng game võ hiệp đang hơi trầm lắng, Ta Là Cao Thủ Võ Lâm nổi lên như một sản phẩm đáng chú ý khi khai thác sâu chất liệu Kim Dung nhưng tiếp cận theo hướng hiện đại. Không chỉ dừng lại ở gameplay, trò chơi còn đầu tư vào các đoạn phim ngắn mang phong cách hành động, tạo cảm giác như đang theo dõi một bộ phim võ hiệp thu nhỏ. Việc lựa chọn Trầm Minh Hoàng (Khứa tóc dài) làm đại diện hình ảnh cũng phần nào cho thấy định hướng tiếp cận người chơi trẻ và tầm nhìn mới của NPH Joygames. ""Giang hồ này - Ta làm chủ"" được xem là thông điệp xuyên suốt, nhấn mạnh yếu tố làm chủ hành trình và tự do phát triển nhân vật - là một điểm nhấn cũng như khẳng định về việc tự do sáng tạo trong tựa game này. Chính thức ấn định ngày ra mắt 23 .4 .2026 Ta Là Cao Thủ Võ Lâm được cho là đã chính thức ấn định ngày ra mắt vào 23.4 với sự đồng hành của KOL Trầm Minh Hoàng cùng hàng loạt quà tặng giá trị đã được công bố. Đây được xem là thời điểm phù hợp khi thị trường game mobile đang có xu hướng ""khát"" các sản phẩm võ hiệp mang tính giải trí tươi trẻ nhưng vẫn giữ được chiều sâu chiến thuật. Việc ấn định ngày ra mắt sớm, kèm theo các hoạt động truyền thông trước ngày phát hành cho thấy nhà phát hành Joygames đã chuẩn bị rất kỹ lưỡng cho quá trình ra mắt sản phẩm võ hiệp Kim Dung này. Nếu giữ được tiến độ như dự kiến, trò chơi hoàn toàn có thể tạo được làn sóng quan tâm trong thời gian tới. Game kiếm hiệp 3D dung lượng nhẹ - Lựa chọn tối ưu cho game thủ mobile Với tiêu chí thân thiện với người dùng, Ta Là Cao Thủ Võ Lâm sở hữu bộ cài gọn nhẹ, giúp trò chơi tiếp cận dễ dàng tới nhiều đối tượng game thủ và vận hành ổn định trên hầu hết các dòng máy phổ thông hiện nay. Dù chưa có đánh giá chi tiết về đồ họa thực tế, nhưng nếu có thể cân bằng tốt giữa chất lượng hình ảnh và hiệu năng, Ta Là Cao Thủ Võ Lâm hoàn toàn có thể trở thành lựa chọn phù hợp cho nhu cầu giải trí nhanh, không yêu cầu cấu hình cao. Game ""chiều"" người chơi nhất năm: Tặng 2 .000 lượt rút và VIP miễn phí Chính sách ưu đãi của trò chơi gây ấn tượng mạnh với cộng đồng khi công bố số lượng lượt rút miễn phí lên tới con số hàng nghìn. Theo thông tin từ nhà phát hành Joygames, người chơi sẽ được tặng tới 2.000 lượt rút - một con số ""mạnh tay"" giúp game thủ dễ dàng xây dựng đội hình ngay trong giai đoạn khởi đầu. Bên cạnh đó, cơ chế VIP miễn phí và tích lũy thông qua quá trình chơi (thay vì nạp) cũng là yếu tố đáng ghi nhận. Điều này giúp người chơi tiếp cận đầy đủ tính năng mà không bị phụ thuộc quá nhiều vào các tính năng thu phí. Dưới góc nhìn thị trường, đây là chiến lược phổ biến nhằm thu hút người dùng mới được các NPH Joygames áp dụng, tuy nhiên tại Ta Là Cao Thủ Võ Lâm, mức đầu tư này được đánh giá là khá cao so với thị trường game hiện tại. Giữ trọn vẹn tinh hoa võ hiệp - tính năng ""Truyền công vô hạn"" - Tuyệt học trong tay, ai dám cản đường? Trong hệ thống tính năng, ""Truyền Công"" được xem là điểm nhấn mang đậm màu sắc võ hiệp, đồng thời là một trong những cơ chế đáng giá nhất của trò chơi khi tái hiện trọn vẹn tinh thần ""truyền thừa võ học"" quen thuộc trong nguyên tác Kim Dung. Đây là cơ chế cho phép các hiệp khách chia sẻ sức mạnh, mở rộng chiều sâu chiến thuật thay vì chỉ tập trung phát triển từng nhân vật riêng lẻ. Người chơi có thể kích hoạt truyền công bằng việc tiêu hao vật phẩm, từ đó mở khóa các hiệp khách đóng vai trò ""truyền công"". Nhìn nhận tổng thể, ""Truyền Công"" không chỉ đơn thuần là một tính năng gameplay, mà đây còn là ""chất"" võ hiệp cốt lõi - nơi tinh hoa võ học được kế thừa, phát triển và lan tỏa, đúng với tinh thần giang hồ mà NPH Joygames muốn truyền tải tới người chơi. Ta Là Cao Thủ Võ Lâm có phải tựa game đáng chú ý của dòng võ hiệp 2026? Với những thông tin đã công bố, Ta Là Cao Thủ Võ Lâm đang thu hút được nhiều sự quan tâm từ các fan game võ hiệp cùng một bộ phận Gen Z hiện nay từ: Đầu tư giải thưởng, sự hợp tác cùng Action C cùng Trầm Minh Hoàng sản xuất các video chất lượng cho đến các tính năng mang đậm chất võ hiệp. Dù vậy, giống như nhiều sản phẩm cùng thể loại, trải nghiệm thực tế sau khi ra mắt vẫn sẽ là yếu tố quyết định. Nếu giữ được sự cân bằng giữa nội dung, gameplay và yếu tố ""chiều"" người chơi, đây có thể là một cái tên đáng chú ý trong làn sóng game võ hiệp trở lại trong năm 2026.",,"võ hiệp Kim Dung, Action C, Game Mobile, Game võ hiệp",https://images2.thanhnien.vn/thumb_w/640/528068263637045248/2026/4/14/game-1-17761725866091211604637.png,"[""https://images2.thanhnien.vn/thumb_w/640/528068263637045248/2026/4/14/game-1-17761725866091211604637.png"", ""https://images2.thanhnien.vn/thumb_w/640/528068263637045248/2026/4/14/game-2-1776172586714276429482.png"", ""https://images2.thanhnien.vn/thumb_w/640/528068263637045248/2026/4/14/game-3-17761725866791979143944.png"", ""https://images2.thanhnien.vn/thumb_w/640/528068263637045248/2026/4/14/game-4-17761725866451171335922.png""]",,2026-04-15T09:00:00+07:00,2026-07-03T14:34:24.041012,Công nghệ,,,,
185691715,https://thanhnien.vn/tai-sao-cong-microusb-tren-smartphone-chua-het-thoi-185691715.htm,thanhnien.vn,,,,,,Tại sao cổng microUSB trên smartphone chưa hết thời?,"Hiện nay đã có một số mẫu smartphone sử dụng USB-C để làm cổng sạc/truyền dữ liệu và jack cắm tai nghe. Tuy nhiên, đại đa số các nhà sản xuất vẫn sử dụng cổng microUSB, vậy đâu là nguyên nhân?","Theo Androidauthority , USB-C là chuẩn kết nối cung cấp tốc độ truyền nhanh hơn, sạc nhanh hơn, tương thích rộng hơn và thiết kế thuận tiện (không lo cắm ngược). Điều này cho thấy USB-C nổi bật hơn rất nhiều so với microUSB. Vậy tại sao có nhiều nhà sản xuất (OEM) vẫn dùng microUSB trên smartphone của mình? Tính quen thuộc Một điều có thể chắc chắn không thể tránh khỏi đó là những người đam mê công nghệ thật khó chấp nhận chuyển sang USB-C một cách nhanh chóng bởi họ đã quá quen thuộc với microUSB. Hầu hết mọi người không nâng cấp điện thoại mỗi năm một lần và cũng không nhất thiết phải mở rộng phụ kiện cho điện thoại mới nhất. Họ dành tiền vào những thứ khác mà theo họ hợp lý hơn, chẳng hạn như mua sắm quần áo mới. Người dùng đã quá quen thuộc với cổng microUSB nên rất khó chuyển sang USB-C Vì vậy USB-C khó có thể phổ biến ""một sớm một chiều"". Trên thực tế, hầu hết người dùng không quan tâm đến nó. Họ chỉ thích sử dụng cổng kết nối đã quá quen thuộc, đặc biệt khi họ có một loại phụ kiện tương thích với kết nối mới. Đó là lý do tại sao nhiều OEM sản xuất điện thoại, đặc biệt là sản phẩm phân khúc tầm trung và phổ thông thường nhằm vào microUSB. Khả năng tương thích Một lý do khác khiến nhiều nhà sản xuất tránh USB-C là vì họ không nghĩ rằng thế giới đã sẵn sàng. Thực tế, hầu hết phụ kiện và thiết bị mà người dùng cắm vào máy tính hiện nay sử dụng cổng USB thông thường, điều này đòi hỏi một bộ chuyển đổi USB-C sang USB vốn không hề rẻ. Khả năng tương thích với phụ kiện hiện tại của USB-C là hạn chế hơn so với microUSB Điều này đủ để đảm bảo rằng một số lượng không nhỏ người dùng vẫn thực sự thích thiết bị của họ dựa trên công nghệ cũ, trong khi các công ty như Apple và Samsung phải đảm nhận nhiệm vụ nặng nề trong việc thuyết phục mọi người. Thậm chí ngay cả Microsoft cũng tránh USB-C trên Surface Pro 4 gần đây với lý do họ đưa ra là vì mọi người không muốn. Dĩ nhiên mọi thứ sẽ thay đổi theo thời gian, đặc biệt khi tầm ảnh hưởng của Apple và Samsung là rất lớn, buộc các công ty sản xuất phụ kiện phải quan tâm nhiều hơn đến USB-C. Vì những lý do riêng Đôi khi các nhà sản xuất có lý do của riêng họ. Samsung đã nói rằng lý do Galaxy S7 không có USB-C là vì họ vừa phát hành tai nghe Gear VR và họ không muốn xa lánh người dùng đã mua nó. Điều này có nghĩa nếu Galaxy S7 có cổng USB-C, những chiếc tai nghe Gear VR sẽ trở nên lỗi thời mặc dù Samsung có thể giải quyết vấn đề thông qua bộ chuyển đổi. Mặc dù quan tâm đến USB-C nhưng Samsung cũng chỉ trang bị cho Galaxy S7 cổng microUSB vì… Gear VR Phát hành một điện thoại không phải là điều đơn giản. Thông số kỹ thuật không thể được thực hiện theo ý thích. Chúng thường là một phần của kế hoạch lớn kéo dài trong nhiều năm, chính vì vậy việc chuyển đổi sẽ gây ra nhiều bất tiện, ảnh hưởng đến chiến lược của một hãng.",,"USB-C, Samsung, Apple, sạc nhanh, thiết bị di động, Android, Gear VR, microUSB",https://thanhnien.mediacdn.vn/uploaded/nthanhluan/2017_08_31/2_PFVY.jpg?width=500,"[""https://thanhnien.mediacdn.vn/uploaded/nthanhluan/2017_08_31/2_PFVY.jpg?width=500"", ""https://thanhnien.mediacdn.vn/uploaded/nthanhluan/2017_08_31/3_MLMQ.jpg?width=500"", ""https://thanhnien.mediacdn.vn/uploaded/nthanhluan/2017_08_31/4_ZAAP.jpg?width=500""]",,2017-08-31T11:07:59+07:00,2026-07-03T14:34:24.299758,Công nghệ,,,,
185260215161701141,https://thanhnien.vn/huong-dan-chup-phao-hoa-dem-giao-thua-bang-may-anh-va-dien-thoai-185260215161701141.htm,thanhnien.vn,,,,,,Hướng dẫn chụp pháo hoa đêm giao thừa bằng máy ảnh và điện thoại,"Khoảnh khắc giao thừa luôn được đánh dấu bằng những màn pháo hoa rực rỡ trên bầu trời. Với thiết lập hợp lý, cả máy ảnh lẫn điện thoại đều có thể ghi lại hình ảnh chụp pháo hoa ấn tượng.","Pháo hoa là chủ thể đặc biệt trong nhiếp ảnh đêm. Ánh sáng rất mạnh nhưng xuất hiện giữa nền trời tối, chuyển động nhanh và diễn ra trong thời gian ngắn. Nhiều bức ảnh chụp pháo hoa thất bại vì ảnh bị nhòe, cháy sáng hoặc bố cục đơn điệu. Tuy nhiên, đây không phải cuộc đua thiết bị, mà là bài toán về vị trí, tiêu cự và sự ổn định. Chuẩn bị thiết bị, vị trí và lựa chọn tiêu cự Đến sớm để chọn vị trí có tầm nhìn thoáng là bước quan trọng nhất. Bạn nên quan sát hướng bắn pháo hoa, tránh cây cối hoặc dây điện che khuất. Nếu có thể, hãy đưa thêm yếu tố tiền cảnh như cầu, mặt nước, tòa nhà hoặc bóng người vào khung hình để tăng chiều sâu thay vì chỉ chụp nền trời đen. Tripod là phụ kiện quan trọng khi chụp phơi sáng. Nếu không có, bạn cần tìm điểm tựa chắc chắn như lan can hoặc bệ tường. Ngoài ra, hãy kiểm tra pin và dung lượng lưu trữ trước khi sự kiện bắt đầu. Tripod, dây bấm mềm (hoặc remote điều khiển từ xa) luôn là những phụ kiện quan trọng nhất cho nhu cầu chụp ảnh phơi sáng ban đêm ẢNH: ANH TÚ Về ống kính, không nhất thiết phải dùng thiết bị cao cấp. Do đây là thể loại chụp phơi sáng dài với ISO thấp và khẩu độ trung bình, ống kính phổ thông vẫn cho kết quả tốt nếu thiết lập đúng. Điều quan trọng là tiêu cự phù hợp với khoảng cách đứng. Nếu đứng gần khu vực bắn, ống kính góc rộng từ 16 mm đến 35 mm giúp ghi lại toàn cảnh và hạn chế việc cắt mất phần pháo khi bung lớn. Tiêu cự ngắn cũng ít nhạy cảm với rung lắc trong môi trường đông người. Thiết lập thông số khi chụp pháo hoa Dù dùng máy ảnh hay điện thoại, mục tiêu chung là kiểm soát vùng sáng mạnh của pháo hoa và giữ được vệt sáng rõ nét. Tuy nhiên, cách thiết lập giữa hai thiết bị có khác biệt. Với máy ảnh, bạn nên sử dụng chế độ Manual (M) để chủ động kiểm soát ánh sáng. ISO không cần hạ xuống mức quá thấp, khoảng 100 đến 200 là đủ vì bạn đã sử dụng khẩu độ trung bình và phơi sáng dài. Khẩu độ cũng không cần khép quá sâu. Mức f/8 đến f/11 thường đã đủ cân bằng giữa độ nét và ánh sáng. Tốc độ màn trập nên để trong 6 - 8 giây để ghi lại vệt sáng đầy đủ. Khi đặt máy trên tripod, nên dùng hẹn giờ để hạn chế rung khi bấm máy. Khi chụp pháo hoa máy ảnh, ngoài thiết lập hợp lý, người dùng nên lưu file dạng RAW để có thể hậu kỳ tốt hơn ẢNH: KHẢI MINH Với điện thoại , việc kiểm soát ISO quan trọng hơn do cảm biến nhỏ và dễ nhiễu. Nếu có chế độ Pro, bạn nên hạ ISO xuống mức thấp nhất có thể và điều chỉnh thời gian phơi sáng trong giới hạn cho phép. Phần lớn điện thoại có khẩu độ cố định, vì vậy người dùng không thể điều chỉnh như máy ảnh. Tránh kéo thời gian phơi sáng quá dài vì vùng sáng dễ bị cháy. Một mẹo đơn giản là sử dụng tai nghe có dây hoặc không dây làm nút chụp từ xa. Trên nhiều thiết bị, nút âm lượng sẽ hoạt động như nút chụp, giúp giảm rung khi không cần chạm trực tiếp vào màn hình. Bố cục và hậu kỳ Không nên chỉ chụp mỗi pháo hoa trên nền trời đen. Đường chân trời, cầu hoặc bóng người có thể tạo điểm nhấn và giúp khung hình sinh động hơn. Thử đặt pháo hoa lệch khỏi trung tâm để bố cục tự nhiên và cân đối hơn. Hình ảnh pháo hoa chụp bằng điện thoại với thông số: tốc độ 1 giây, ISO 100, camera zoom 3x ẢNH: KHẢI MINH Sau khi chụp, bạn có thể giảm vùng cháy sáng, tăng nhẹ độ tương phản và điều chỉnh cân bằng trắng nếu ảnh bị ám màu. Tăng độ bão hòa ở mức vừa phải sẽ giúp màu pháo nổi bật hơn nhưng cần tránh chỉnh quá tay. Việc cắt cúp lại khung hình cũng giúp loại bỏ chi tiết thừa và làm bố cục gọn gàng hơn. Chụp pháo hoa đêm giao thừa không đòi hỏi thiết bị cao cấp. Hiểu rõ mối liên hệ giữa vị trí, tiêu cự và kỹ thuật phơi sáng mới là yếu tố quyết định. Với sự chuẩn bị kỹ lưỡng và một chút kiên nhẫn, bạn hoàn toàn có thể lưu giữ khoảnh khắc chuyển giao năm mới theo cách riêng của mình.",,"giao thừa, máy ảnh, camera",https://images2.thanhnien.vn/thumb_w/640/528068263637045248/2026/2/15/photo2026-02-1515-47-10-17711452461401082270181.jpg,"[""https://images2.thanhnien.vn/thumb_w/640/528068263637045248/2026/2/15/photo2026-02-1515-47-10-17711452461401082270181.jpg"", ""https://images2.thanhnien.vn/thumb_w/640/528068263637045248/2026/2/15/10230639382662640-1771145417124110003933.jpg"", ""https://images2.thanhnien.vn/thumb_w/640/528068263637045248/2026/2/15/edit-ss-1-17711688697721913459206.jpeg""]",,2026-02-16T09:07:00+07:00,2026-07-03T14:34:24.460582,Công nghệ,,,,
185250517010523906,https://thanhnien.vn/gozo-ra-mat-mo-hinh-nhuong-quyen-buu-cuc-chuan-hoa-ung-dung-cong-nghe-185250517010523906.htm,thanhnien.vn,,,,,,GOZO ra mắt mô hình nhượng quyền bưu cục chuẩn hóa ứng dụng công nghệ,"Công ty cổ phần GOZO vừa chính thức giới thiệu hệ thống nhận diện thương hiệu mới lấy tên GOZO Express (tiền thân là ABM Express), đồng thời công bố mô hình nhượng quyền bưu cục chuyển phát nhanh quốc tế chuẩn hóa đồng vận.","Sự kiện cũng đánh dấu bước tiến mở rộng sang thị trường Đông Nam Á với đối tác chiến lược tại Thái Lan, thể hiện định hướng phát triển GOZO thành hệ sinh thái logistics vận hành chuẩn mực minh bạch bền vững trong khu vực. GOZO không thu phí nhượng quyền, giúp đối tác khởi đầu linh hoạt và tập trung vào hiệu quả kinh doanh thực tế Ảnh: CTV Trong bối cảnh kinh tế toàn cầu chuyển động mạnh mẽ, logistics giữ vai trò then chốt trong chuỗi cung ứng hiện đại. Tại Việt Nam, ngành này ghi nhận tốc độ tăng trưởng 14 - 16% mỗi năm, với quy mô thị trường ước tính 40 - 50 tỉ USD thuộc nhóm dẫn đầu Đông Nam Á. Không chỉ dừng ở vận chuyển, logistics đang trở thành nền tảng công nghệ giúp doanh nghiệp tối ưu vận hành và nâng cao năng lực cạnh tranh. Trước xu hướng số hóa và thương mại điện tử bùng nổ, logistics ngày càng được xem là động lực thúc đẩy nền kinh tế số. Sau nhiều năm hoạt động trong lĩnh vực logistics, ông Phan Duy Minh, Founder - CEO GOZO, nhận thấy nhiều bất cập trong cách vận hành truyền thống của ngành. Cụ thể, quy trình thủ công, thiếu minh bạch và phụ thuộc vào con người khiến nhiều doanh nghiệp, đặc biệt là khối SME, gặp khó trong vận hành và mở rộng. Từ thực tế đó, ông Minh theo đuổi mục tiêu xây dựng một mô hình logistics tối ưu hơn, hiệu quả, minh bạch và đóng góp nhiều giá trị cho xã hội và các bên liên quan để giảm thiểu rủi ro và tạo ra giá trị bền vững cho toàn chuỗi cung ứng. Sau hơn 5 năm hoạt động, GOZO Express từng bước mở rộng quy mô, nâng cao năng lực vận hành và xây dựng mạng lưới phủ khắp 63 tỉnh thành. Tuy nhiên, trước thực trạng ngành logistics Việt Nam còn tồn tại nhiều điểm nghẽn như chi phí cao, hạ tầng thiếu đồng bộ và quy trình chưa minh bạch, ban lãnh đạo GOZO nhận định đây là thời điểm thích hợp để thực hiện bước chuyển lớn. Việc tái định vị không chỉ là phản ứng trước áp lực thị trường, mà còn là lựa chọn chiến lược xuất phát từ nội lực một đội ngũ luôn theo đuổi tư duy cải tiến và phát triển bền vững, hướng đến xây dựng hệ sinh thái logistics hiệu quả, minh bạch và chuẩn mực tại Việt Nam. Đặc biệt, mô hình này được thiết kế tối ưu cho các nhà đầu tư mới, với quy trình vận hành chuẩn hóa, phần mềm quản lý riêng, công nghệ tinh gọn và hệ thống đào tạo - truyền thông - hậu kiểm được chuyển giao toàn diện. Sức hút của mô hình này nằm ở ba trục tiềm năng chiến lược: Nhượng quyền thương hiệu, nhượng quyền dịch vụ, nhượng quyền bưu cục (logistics). GOZO không thu phí nhượng quyền, giúp đối tác khởi đầu linh hoạt và tập trung vào hiệu quả kinh doanh thực tế. Đây sẽ là cơ hội khởi nghiệp đầy tiềm năng cho những bạn trẻ muốn thử sức còn nhiều hạn chế về nguồn vốn. Là người trực tiếp cố vấn chiến lược và đồng kiến tạo hệ định vị mới cho GOZO, bà Tracy Vũ, Giám đốc chiến lược hệ sinh thái BrandMarcom DigiMind Group cho biết, với một ngành đặc thù như logistics vốn thiên về kỹ thuật và vận hành điều còn thiếu không phải là thêm một giải pháp, mà là một lý tưởng dẫn đường. ""Từ góc nhìn chiến lược, tôi cho rằng GOZO không chọn con đường mở rộng bằng mọi giá, mà đang chủ đích thiết lập một chuẩn mực phát triển mới: sống có định hướng, làm có chủ đích và xây dựng thương hiệu gắn với cam kết lâu dài. Lần tái định vị này không chỉ là một cuộc làm mới bộ nhận diện, mà là quá trình chuẩn hóa thương hiệu từ gốc rễ tư duy, hành vi, đến hệ vận hành"", bà Tracy Vũ chia sẻ.",,"ngành logistics, Nhượng quyền, Hệ sinh thái, công nghệ",https://images2.thanhnien.vn/thumb_w/640/528068263637045248/2025/5/16/vanchuyen-1747418563117532103652.png,"[""https://images2.thanhnien.vn/thumb_w/640/528068263637045248/2025/5/16/vanchuyen-1747418563117532103652.png""]",,2025-05-17T07:04:00+07:00,2026-07-03T14:34:24.812643,Công nghệ,,,,
18525121210082702,https://thanhnien.vn/but-pha-trai-nghiem-voi-san-pham-cong-nghe-tich-hop-ai-18525121210082702.htm,thanhnien.vn,,,,,,Bứt phá trải nghiệm với sản phẩm công nghệ tích hợp AI,"AI (trí tuệ nhân tạo) đang thay đổi cách thiết bị công nghệ vận hành: nhanh hơn, mượt hơn và thông minh hơn. Cùng khám phá những sản phẩm tích hợp AI tiêu biểu đã được vinh danh bởi giải thưởng uy tín Taiwan Excellence.",,,"sản phẩm công nghệ tích hợp AI, Bứt phá, giải thưởng uy tín Taiwan Excellence., trải nghiệm",https://images2.thanhnien.vn/528068263637045248/2025/12/12/artboardchuan-1-1765508744883594373954.jpg,"[""https://images2.thanhnien.vn/528068263637045248/2025/12/12/artboardchuan-1-1765508744883594373954.jpg""]",,2025-12-12T12:00:00+07:00,2026-07-03T14:34:25.006759,Công nghệ,,,,
185250904140704481,https://thanhnien.vn/apple-dat-ky-vong-lon-cho-doanh-so-iphone-fold-185250904140704481.htm,thanhnien.vn,,,,,,Apple đặt kỳ vọng lớn cho doanh số iPhone Fold,"Không phải là một chiếc iPhone Air siêu mỏng được giới công nghệ chờ đợi từ lâu, Apple đang đặt kỳ vọng cao vào một sản phẩm mới mẻ.","Dự kiến ra mắt lần đầu tiên vào năm sau, chiếc iPhone màn hình gập không chỉ khiến Apple mà cộng đồng công nghệ cũng đang nóng lòng chờ đợi. Điều này được thể hiện rõ với Apple khi công ty đã nâng cao dự báo doanh số cho mẫu sản phẩm mang tính cách mạng này. iPhone Fold là mẫu smartphone đang được người tiêu dùng chờ đợi ẢNH: APPLEINSIDER Mặc dù một số chuyên gia cho rằng Apple đã đến muộn trong thị trường smartphone gập, Apple vẫn tỏ ra lạc quan về sản phẩm này. Cụ thể, chuyên gia phân tích Ming-chi Kuo cho biết Apple đã điều chỉnh ước tính doanh số iPhone màn hình gập (tên tạm gọi iPhone Fold) để trở thành mẫu iPhone bán chạy thứ hai hoặc thứ ba của thương hiệu. Các con số cụ thể như sau: Năm 2026: Tăng từ 6 - 8 triệu máy lên 8 - 10 triệu máy. Năm 2027: Tăng từ 10 - 15 triệu máy lên 20 - 25 triệu máy. Lý do Apple tự tin với doanh số iPhone Fold Sự điều chỉnh này cho thấy Apple kỳ vọng doanh số iPhone Fold sẽ cao gấp đôi do nhu cầu từ khách hàng cao cấp. Nếu đạt được doanh số 10 triệu chiếc vào năm 2026, iPhone Fold được coi là thành công lớn, ngay cả trong phân khúc smartphone gập vẫn đang trong giai đoạn phát triển. Đặc biệt hơn, Apple kỳ vọng doanh số 25 triệu iPhone Fold bán ra vào năm 2027, cho thấy công ty tin rằng thị trường đã sẵn sàng đón nhận smartphone màn hình gập như một xu hướng chủ đạo. Công ty đang đặt cược sản phẩm sẽ giúp ""hồi sinh"" thị trường này. Trước khi iPhone Fold ra mắt, Apple sẽ dựa vào doanh số iPhone 17 series ẢNH: PHONEARENA Tuy nhiên, thách thức lớn nhất với iPhone Fold vẫn là giá cả. Các thiết bị màn hình gập hiện tại thường có giá cao hơn nhiều so với smartphone truyền thống và Apple không nổi tiếng với mức giá phải chăng. Các đối thủ cạnh tranh trong phân khúc này cũng có mức giá trên 2.000 EUR. Dù vậy, sự quan tâm từ người tiêu dùng vẫn đang gia tăng. Nếu Apple có thể mang đến một thiết kế hấp dẫn, độ bền cao và hệ sinh thái đặc trưng của thương hiệu, nhiều người sẽ sẵn sàng đầu tư vào sản phẩm mới này. iPhone Fold dự kiến sẽ là một phần của dòng iPhone 18, với thiết kế siêu mỏng lấy cảm hứng từ iPhone 17 Air. Đây chắc chắn sẽ là một trong những sản phẩm được bàn tán nhiều nhất trong thập kỷ tới.",,"iPhone Air, iPhone Fold, màn hình gập, doanh số bán hàng",https://images2.thanhnien.vn/thumb_w/640/528068263637045248/2025/9/4/1-1756969513152127072229.jpg,"[""https://images2.thanhnien.vn/thumb_w/640/528068263637045248/2025/9/4/1-1756969513152127072229.jpg"", ""https://images2.thanhnien.vn/thumb_w/640/528068263637045248/2025/9/4/2-17569694537791252627946.jpg""]",,2025-09-05T07:21:00+07:00,2026-07-03T14:34:25.565478,Công nghệ,,,,
185260415132149782,https://thanhnien.vn/giai-ma-su-khac-biet-cua-wi-fi-6e-va-wi-fi-6-lua-chon-nao-la-dung-185260415132149782.htm,thanhnien.vn,,,,,,"Giải mã sự khác biệt của Wi-Fi 6E và Wi-Fi 6, lựa chọn nào là đúng?",Wi-Fi 6E sẽ là bước nhảy vọt về tốc độ hay chỉ là chiêu trò marketing?,"Theo BGR , trong kỷ nguyên số, tốc độ internet không còn là một lựa chọn mà đã trở thành nhu cầu thiết yếu. Tuy nhiên, nhiều người dùng đang rơi vào tình cảnh trớ trêu là dù đã đăng ký gói cước tốc độ cao nhưng thực tế sử dụng lại thường xuyên gặp tình trạng mạng chậm và giật lag. Câu trả lời cho sự thất vọng này có thể nằm ở sự khác biệt giữa Wi-Fi 6 và chuẩn mới Wi-Fi 6E. Wi-Fi nhà bạn đang sử dụng chuẩn 6 hay 6E? ẢNH: CHỤP MÀN HÌNH LIFE HACKER Wi-Fi 6E là 'chìa khóa' giải cứu tình trạng tắc nghẽn mạng Wi-Fi 6E (Extended) không chỉ là một cái tên mới. Điểm khác biệt cốt lõi so với Wi-Fi 6 truyền thống chính là việc bổ sung dải tần 6 GHz. Nếu các dải tần 2,4 GHz và 5 GHz hiện nay giống như những 'con đường' đang bị quá tải bởi hàng chục thiết bị từ điện thoại, laptop đến đồ gia dụng thông minh, thì 6 GHz chính là một 'đại lộ siêu tốc' hoàn toàn mới. Dải tần này giúp loại bỏ sự cạnh tranh băng thông , cho phép các thiết bị cần tốc độ cao như kính VR, máy tính chơi game hay TV 8K hoạt động mượt mà mà không phải 'tranh giành' với bóng đèn thông minh hay camera giám sát. Giải quyết 'nỗi ám ảnh' nhiễu sóng từ hàng xóm Một trong những nguyên nhân phổ biến khiến Wi-Fi bị chậm ở các khu chung cư là sự chồng lấn kênh sóng với nhà hàng xóm. Wi-Fi 6E giải quyết triệt để vấn đề này nhờ các kênh băng thông rộng hơn (80 MHz và 160 MHz) và tính độc quyền cho thiết bị mới. Ngoài ra, Wi-Fi 6E còn sở hữu một lợi ích ít người biết là nó không bị nhiễu bởi các trạm phát sóng truyền hình hay radar sân bay - những tác nhân thường xuyên làm suy giảm tín hiệu của các chuẩn Wi-Fi cũ. Wi-Fi dễ nhiễu vì sự chồng chéo từ sóng của hàng xóm ẢNH: CHỤP MÀN HÌNH BGR Có nên nâng cấp lên Wi-Fi 6E hay không? Dù mang lại tốc độ và sự ổn định vượt trội, nhưng Wi-Fi 6E không phải là giải pháp cho mọi tình huống. Chuẩn này chỉ thực sự phát huy tác dụng nếu bạn sở hữu các thiết bị đời mới có hỗ trợ nhận sóng 6 GHz. Hơn nữa, một đặc tính vật lý quan trọng cần lưu ý là dải tần 6 GHz có bước sóng ngắn, dẫn đến khả năng xuyên tường kém hơn và phạm vi phát sóng hẹp hơn so với 2,4 GHz hay 5 GHz. Vì vậy, đối với những căn nhà có diện tích lớn hoặc nhiều tầng, việc đầu tư vào hệ thống Mesh Wi-Fi 6E sẽ là giải pháp tối ưu hơn để đảm bảo tốc độ Gigabit phủ khắp mọi ngóc ngách.",,"tốc độ mạng, Wi-Fi 6, dải tần 6 GHz, mạng chậm, nhiễu sóng Wi-Fi",https://images2.thanhnien.vn/thumb_w/640/528068263637045248/2026/4/15/router-17762341696191419547271.jpg,"[""https://images2.thanhnien.vn/thumb_w/640/528068263637045248/2026/4/15/router-17762341696191419547271.jpg"", ""https://images2.thanhnien.vn/thumb_w/640/528068263637045248/2026/4/15/intro-1766090575-1776234307373837596971.jpg""]",,2026-04-20T06:36:00+07:00,2026-07-03T14:34:25.735295,Công nghệ,,,,
18525121422074398,https://thanhnien.vn/ram-4-gb-co-the-tro-lai-tren-dien-thoai-do-khan-hiem-bo-nho-18525121422074398.htm,thanhnien.vn,,,,,,RAM 4 GB có thể trở lại trên điện thoại do khan hiếm bộ nhớ,"Tình trạng khan hiếm bộ nhớ buộc nhiều nhà sản xuất điện thoại phải xem xét giảm cấu hình RAM, thậm chí đưa RAM 4 GB quay trở lại trên các mẫu máy giá rẻ.","Theo một báo cáo mới từ TrendForce , tình trạng thiếu hụt nghiêm trọng nguồn cung bộ nhớ DRAM đang buộc các hãng sản xuất điện thoại thông minh phải cân nhắc điều chỉnh lại cấu hình phần cứng, cụ thể là giảm dung lượng RAM trên nhiều dòng sản phẩm. Trong khi các mẫu flagship đang chững lại ở mức 16 GB, thì phân khúc tầm trung và giá rẻ có thể sẽ chứng kiến sự quay trở lại của các thiết bị chỉ trang bị 4 GB RAM - mức dung lượng từng bị xem là lỗi thời trong bối cảnh hiện nay. Thiếu hụt DRAM buộc các nhà sản xuất phải điều chỉnh cấu hình, kéo lùi cuộc đua nâng cấp phần cứng trên smartphone hiện đại ẢNH: CHỤP MÀN HÌNH RAYMONDCODING Đáng chú ý, những dòng smartphone tầm trung vốn được trang bị 12 GB RAM có khả năng sẽ bị hạ xuống còn 8 GB ở phiên bản tiêu chuẩn. Một số thiết bị vốn được định vị ở phân khúc này có thể chỉ có từ 6 GB đến 8 GB RAM, do tình trạng thiếu hụt khiến chi phí sản xuất tăng cao. Trong khi đó, các thiết bị cao cấp với RAM 24 GB, từng được quảng bá như tiêu chuẩn mới cho điện thoại hỗ trợ AI (trí tuệ nhân tạo) có thể sẽ không còn xuất hiện trong thời gian tới. Samsung , một trong những nhà sản xuất lớn nhất thế giới về bộ nhớ, đang chuyển hướng khỏi các dòng DRAM cao cấp như HBM để tập trung vào DDR5 - dòng bộ nhớ đang có nhu cầu lớn hơn và lợi nhuận cao hơn. Điều này phần nào cho thấy mức độ nghiêm trọng của đợt khan hiếm lần này. Thực tế cho thấy, phần lớn doanh số smartphone hiện nay đến từ các dòng sản phẩm tầm trung và giá rẻ. Theo thống kê của Counterpoint Research, Galaxy A16 5G - một thiết bị thuộc phân khúc tầm trung của Samsung với 8 GB RAM, là mẫu điện thoại Android bán chạy nhất quý 3/2025. Nếu các hãng quyết định cắt giảm RAM, người dùng ở phân khúc phổ thông có thể sẽ buộc phải tăng ngân sách nếu muốn giữ nguyên trải nghiệm sử dụng hiện tại. Việc giảm RAM khiến lo ngại gia tăng về hiệu suất, đặc biệt trong bối cảnh điện thoại ngày càng phụ thuộc vào khả năng xử lý tại chỗ, bao gồm các tác vụ AI đòi hỏi nhiều tài nguyên. Dù có kỳ vọng rằng các hãng sẽ gây áp lực lên Google để tối ưu hóa Android hoạt động tốt hơn với ít RAM, tương tự cách Apple tối ưu iOS, nhưng điều đó không giải quyết được toàn bộ vấn đề về mặt phần cứng. Một số hướng đi đang được nghiên cứu nhằm khắc phục tình trạng này. Chẳng hạn, Apple đang tìm cách lưu trữ mô hình ngôn ngữ lớn (LLM) trên bộ nhớ flash thay vì RAM, trong khi Samsung được cho là đang phát triển loại bộ nhớ UFS đặc biệt để phục vụ cho các ứng dụng AI tạo sinh. Tuy nhiên, cho đến khi thị trường DRAM phục hồi, người dùng sẽ phải chuẩn bị tinh thần cho những thay đổi không mong muốn về hiệu năng và cấu hình phần cứng trong thời gian tới.",,"Lưu trữ, Dram, NAND Flash",https://images2.thanhnien.vn/thumb_w/640/528068263637045248/2025/12/14/screenshot-2025-12-14-220554-17657247584871800759923.png,"[""https://images2.thanhnien.vn/thumb_w/640/528068263637045248/2025/12/14/screenshot-2025-12-14-220554-17657247584871800759923.png""]",,2025-12-16T14:12:00+07:00,2026-07-03T14:34:26.118345,Công nghệ,,,,
1851488399,https://thanhnien.vn/giai-dau-rog-masters-apac-2022-chinh-thuc-khoi-tranh-1851488399.htm,thanhnien.vn,,,,,,Giải đấu ROG Masters APAC 2022 chính thức khởi tranh,Asus Republic of Gamers (ROG) vừa chính thức công bố ngày khởi tranh giải đấu eSports hàng đầu khu vực mang tên ROG Masters APAC 2022.,"Theo đó, giải đấu có tổng giải thưởng lên đến 40.000 USD (1 tỉ đồng), với sự tham gia của các đội tuyển Tom Clancy’s Rainbow Six: Siege giỏi nhất, nhằm tìm kiếm một suất tranh tài tại trận chung kết ở Bangkok, Thái Lan. Game thủ đến từ các khu vực Đông Nam Á, Nam Á, Nhật Bản và Hàn Quốc sẽ có thể đăng ký để cạnh tranh các vị trí vòng loại bắt đầu từ ngày 15.8, với giải đấu trực tuyến bắt đầu vào ngày 17.9. Sau khi vượt qua được vòng loại, các đội sẽ đi tiếp vào vòng chung kết khu vực và sau đó là trận chung kết tổng tại Game Show Thái Lan vào ngày 21.10. Các vòng Chung kết Khu vực và trận Chung kết sẽ được phát trực tiếp bằng nhiều ngôn ngữ, trong đó có tiếng Việt. “ Chúng tôi phát triển dòng sản phẩm ROG để tạo ra một nền tảng tuyệt vời nhất cho các game thủ ở mọi cấp độ phát triển kỹ năng , và ROG Masters APAC là sân chơi phù hợp nhất cho phép họ thể hiện tài năng đáng kinh ngạc của mình ” - ông Peter Chang, Tổng Giám đốc Khu vực Châu Á Thái Bình Dương , Bộ phận Kinh doanh Hệ thống của Asus cho biết. “ Năm nay với Rainbow Six: Siege, chúng tôi đặt mục tiêu tìm kiếm các đội tuyển giỏi nhất trên khắp Châu Á Thái Bình Dương để có một vòng chung kết đáng nhớ tại Bangkok. ” Ra mắt tại Châu Á Thái Bình Dương vào năm 2016, ROG Masters APAC là giải đấu eSports tuyệt vời nhất dành cho các game thủ trong toàn khu vực, với trọng tâm là tìm kiếm và nuôi dưỡng các tài năng địa phương, đồng thời hỗ trợ phát triển sự nghiệp quốc tế trong tương lai. Năm nay, lần đầu tiên ROG Masters APAC 2022 lựa chọn tựa game hành động chiến thuật nhịp độ nhanh Tom Clancy’s Rainbow Six: Siege làm bộ môn thi đấu chính thức. Các game thủ quan tâm có thể đăng ký tại trang chính thức của giải đấu tại địa chỉ www.rogmastersapac.gg . Thời gian đăng ký ROG Masters APAC 2022 sẽ bắt đầu từ ngày 15.8 và kết thúc vào ngày 15.9. Vòng loại khu vực sẽ diễn ra trực tuyến từ ngày 17 đến 18.9, các đội vượt qua vòng loại sẽ thi đấu Chung kết khu vực vào ngày 24/9. Trận chung kết sẽ diễn ra trực tiếp tại Game Show Thái Lan ở Bangkok từ ngày 21 đến 23.10.",,"Tom Clancy, Game show, ROG Masters APAC 2022, RAINBOW, ROG, Nam á, Esports, game thủ, Bangkok, SIX, Tại trận",https://thanhnien.mediacdn.vn/Uploaded/nthanhluan/2022_08_15/game-5205.png,"[""https://thanhnien.mediacdn.vn/Uploaded/nthanhluan/2022_08_15/game-5205.png""]",,2022-08-15T15:22:02+07:00,2026-07-03T14:34:26.421088,Công nghệ,,,,
185260507015202293,https://thanhnien.vn/ly-do-khien-airpods-gay-te-nhe-khi-su-dung-185260507015202293.htm,thanhnien.vn,,,,,,Lý do khiến AirPods gây 'tê nhẹ' khi sử dụng,Nhiều người dùng AirPods gần đây phản ánh về cảm giác giật điện đột ngột khi lấy tai nghe ra khỏi hộp.,"Tuy nhiên, Apple khẳng định đây không phải là lỗi kỹ thuật hay dấu hiệu cho thấy tai nghe AirPods bị hỏng. Hiện tượng này thực chất là do tĩnh điện, thường xảy ra trong điều kiện thời tiết khô hanh hoặc gió mạnh, khi điện tích tụ trên cơ thể hoặc thiết bị. Hiện tượng tĩnh điện không gây nguy hiểm với người dùng, nhưng có thể là rủi ro trong môi trường thiết bị nhạy cảm ẢNH: CNET Apple cho biết, tĩnh điện có thể tích tụ và gây ra cảm giác giật điện nhẹ khi AirPods tiếp xúc với da. Công ty cũng lưu ý rằng không chỉ AirPods mà các sản phẩm khác như máy tính Vision Pro và MacBook cũng có thể gặp phải hiện tượng tương tự. Ngoài điều kiện thời tiết, quần áo làm từ sợi tổng hợp cũng có thể làm tăng nguy cơ giật điện. Cách khắc phục vấn đề tĩnh điện trên AirPods Để giảm thiểu hiện tượng này, Apple khuyến nghị người dùng nên tăng độ ẩm trong không khí bằng cách sử dụng máy tạo độ ẩm hoặc máy điều hòa . Độ ẩm lý tưởng nên duy trì ở mức 40 - 60%. Ngoài ra, việc sử dụng bình xịt chống tĩnh điện và kem dưỡng da cũng có thể giúp ngăn ngừa giật điện. Người dùng cũng nên tránh mặc quần áo từ sợi tổng hợp và hạn chế ma sát giữa AirPods và quần áo khi ở ngoài trời. Mặc dù hiện tượng giật do tĩnh điện không gây nguy hiểm, nhưng trong một số môi trường làm việc với thiết bị nhạy cảm, nó có thể gây ra rủi ro. Người dùng nên cân nhắc sử dụng các thiết bị bảo vệ như vòng tay tiếp đất và thảm trải sàn để giảm thiểu sự tích tụ điện tích. Cuối cùng, Apple cảnh báo người dùng không nên sử dụng AirPods hoặc hộp sạc bị hỏng, vì điều này có thể dẫn đến nguy cơ cháy nổ hoặc điện giật. Việc giữ cho thiết bị khô ráo và tránh tiếp xúc với chất lỏng khi sạc cũng là điều cần thiết để đảm bảo an toàn. Để biết thêm thông tin chi tiết, người dùng có thể tham khảo tài liệu hỗ trợ từ Apple.",,"tai nghe không dây, Tĩnh điện, Apple, phụ kiện",https://images2.thanhnien.vn/thumb_w/640/528068263637045248/2026/5/6/1-17780922856201460498677.jpg,"[""https://images2.thanhnien.vn/thumb_w/640/528068263637045248/2026/5/6/1-17780922856201460498677.jpg""]",,2026-05-07T07:13:00+07:00,2026-07-03T14:34:26.532445,Công nghệ,,,,
185251012112716793,https://thanhnien.vn/ong-donald-trump-ra-don-770-ti-usd-boc-hoi-khoi-thi-truong-cong-nghe-my-185251012112716793.htm,thanhnien.vn,,,,,,"Ông Donald Trump 'ra đòn', 770 tỉ USD bốc hơi khỏi thị trường công nghệ Mỹ","Chỉ trong một ngày, các Big Tech đã mất hàng trăm tỉ USD vốn hóa sau tuyên bố gây chấn động của ông Donald Trump về việc tăng thuế với hàng hóa Trung Quốc.","Thị trường chứng khoán Mỹ chao đảo vào ngày 10.10 ngay sau tuyên bố của ông Donald Trump và khiến giới đầu tư công nghệ hoảng loạn. Không chỉ tăng thuế với hàng hóa, ông Trump còn siết chặt kiểm soát xuất khẩu phần mềm quan trọng. Theo CNBC, tổng cộng hơn 770 tỉ USD vốn hóa thị trường từ các ông lớn công nghệ như Amazon, Nvidia, Tesla và Microsoft đã bị ""thổi bay"" chỉ trong vài giờ. Cơn thịnh nộ thương mại của ông Trump khiến giới công nghệ Mỹ lao đao ẢNH: REUTERS Cổ phiếu của Amazon, Nvidia và Tesla đồng loạt giảm khoảng 5% trong phiên giao dịch chính thức và tiếp tục lao dốc thêm 2% sau giờ làm việc. Chỉ số Nasdaq sụt 3,6% và S&P 500 giảm 2,7%, đánh dấu ngày tệ nhất kể từ tháng 4.2025, thời điểm ông Trump từng cảnh báo sẽ áp thuế ""có đi có lại"" với các đối tác thương mại. Nhiều hãng công nghệ Mỹ 'lao dốc' Sau khi thị trường đóng cửa, ông Trump tuyên bố Mỹ sẽ áp thuế 100% với hàng hóa Trung Quốc và bắt đầu từ ngày 1.11 sẽ hạn chế xuất khẩu ""mọi phần mềm quan trọng"". Động thái này lập tức thổi bùng tâm lý bán tháo trên Phố Wall. Cú sốc đặc biệt giáng mạnh vào Nvidia, công ty đang dẫn đầu kỷ nguyên AI (trí tuệ nhân tạo) với vốn hóa 4.500 tỉ USD chỉ vài tuần trước. Đến cuối phiên, Nvidia bốc hơi gần 229 tỉ USD giá trị, làm gián đoạn chuỗi tăng trưởng được xem là ""chưa từng có"" trong lịch sử ngành chip. Ông Trump đánh thuế bổ sung 100% để trả đũa biện pháp 'bất ngờ' từ Trung Quốc Nhà đầu tư vào OpenAI, Microsoft, cũng không thoát khỏi vòng xoáy. Hãng mất 85 tỉ USD vốn hóa do lo ngại chi phí xây dựng trung tâm dữ liệu và mua sắm GPU Nvidia sẽ tăng mạnh. Trong khi đó, Amazon chứng kiến mức sụt giảm kỷ lục 121 tỉ USD, xóa sạch toàn bộ mức tăng từ đầu năm. Tesla mất 71 tỉ USD, Alphabet giảm 2%, còn Meta lùi gần 4%. Các chuyên gia nhận định, ""đòn thuế kép"" của ông Trump có thể mở ra giai đoạn biến động mới cho ngành công nghệ Mỹ, vốn đang dựa vào chuỗi cung ứng phần cứng, phần mềm xuyên biên giới. Dù vậy, giới phân tích cũng cho rằng thị trường sẽ sớm ổn định nếu chính quyền hiện tại hoặc giới lập pháp can thiệp để làm rõ chính sách thuế mới.",,"Donald Trump, cổ phiếu, Thị trường chứng khoán, thuế Mỹ",https://images2.thanhnien.vn/thumb_w/640/528068263637045248/2025/10/12/1-1760243031131766121171.jpg,"[""https://images2.thanhnien.vn/thumb_w/640/528068263637045248/2025/10/12/1-1760243031131766121171.jpg""]",,2025-10-12T17:52:00+07:00,2026-07-03T14:34:26.614887,Công nghệ,,,,
185240606002247678,https://thanhnien.vn/man-hinh-tuong-tac-co-ai-phuc-vu-chuyen-doi-so-giao-duc-185240606002247678.htm,thanhnien.vn,,,,,,Màn hình tương tác có AI phục vụ chuyển đổi số giáo dục,"Trí tuệ nhân tạo (AI) bắt đầu được bổ sung vào các dòng màn hình tương tác phục vụ trong lớp học để thúc đẩy chuyển đổi số giáo dục tại nhiều quốc gia, trong đó có Việt Nam.","Trong khuôn khổ sự kiện Computex 2024 đang diễn ra tại Đài Loan (từ ngày 4 tới 7.6), hãng điện tử ViewSonic vừa giới thiệu hai mẫu màn hình tương tác tên IFP53 và IFP105S với điểm nhấn là tích hợp sẵn AI. Đại diện hãng cho biết đây là giải pháp nhằm thúc đẩy hệ sinh thái chuyển đổi số giáo dục tại nhiều quốc gia, gồm cả Việt Nam. Màn hình tương tác có AI sẽ thúc đẩy chuyển đổi số giáo dục ở nhiều cấp học Anh Quân ""Chúng tôi đang hợp tác với các trường đại học tại Việt Nam, cụ thể là Hà Nội, để thử nghiệm và ứng dụng công nghệ này, phục vụ cho kế hoạch đào tạo"", đại diện hãng chia sẻ với truyền thông Việt Nam. Phiên bản IFP53 là model có kích thước nhỏ hơn trong bộ đôi nêu trên, được trang bị màn hình tiêu chuẩn cùng tỷ lệ 16:9. Trong khi đó, mẫu IFP105S sở hữu tỷ lệ màn hình 21:9, mang đến nhiều không gian hiển thị hơn. Cả hai đều là màn hình tương tác, tích hợp phần mềm myViewBoard cho phép người dùng viết hoặc vẽ trực tiếp lên màn hình đa điểm, thể hiện ngay trên các nội dung đang hiển thị. Nhờ khả năng truy cập internet, màn hình có thể đồng bộ dữ liệu giữa các thiết bị thông minh khác, xem nội dung trực tuyến để bổ sung sự sinh động cho bài giảng... Với kích thước hiển thị lớn của màn hình, người dùng cũng có thể tương tác với nhiều nội dung hay ứng dụng khác nhau, chia phương thức quản lý theo dạng cửa sổ đa nhiệm tương tự như trên máy tính. Giải thích thêm về tác dụng của AI, đại diện ViewSonic cho biết trí tuệ nhân tạo tích hợp trên thiết bị có khả năng nhận diện hình ảnh để khi người dùng viết, vẽ hay phác thảo nội dung trên màn, AI sẽ nhận dạng thông tin để từ đó hiển thị gợi ý về vật thể hoặc hình ảnh tương ứng. Là một thiết bị phục vụ cho môi trường giáo dục với nhiều người sử dụng cùng lúc, hai mẫu IFP53 và IFP105S đều trang bị sẵn tính năng khóa màn hình bằng thẻ gắn chip NFC để tăng tính bảo mật, hạn chế việc học sinh hoặc người khác tự ý sử dụng màn hình mà không có sự cho phép của giáo viên/người quản lý. Vị trí đặt chip NFC trên màn hình nằm ở góc rìa của cạnh dưới, cùng với một số cổng kết nối thiết bị ngoại vi chuẩn USB-C, HDMI hay USB-A. Model IFP105S có kích thước lớn Anh Quân",,"giáo dục, trí tuệ nhân tạo, AI, màn hình tương tác",https://images2.thanhnien.vn/thumb_w/640/528068263637045248/2024/6/5/4419563216850169837508704241544863497130310n-17176097407801780462292.jpg,"[""https://images2.thanhnien.vn/thumb_w/640/528068263637045248/2024/6/5/4419563216850169837508704241544863497130310n-17176097407801780462292.jpg"", ""https://images2.thanhnien.vn/thumb_w/640/528068263637045248/2024/6/5/4419651774629160363193172963112678017777502n-171760974079388042587.jpg""]",,2024-06-06T08:34:00+07:00,2026-07-03T14:34:27.700727,Công nghệ,,,,
18525062410580883,https://thanhnien.vn/galaxy-a56-sap-len-doi-one-ui-8-18525062410580883.htm,thanhnien.vn,,,,,,Galaxy A56 sắp 'lên đời' One UI 8,Samsung bất ngờ phát triển One UI 8 cho dòng Galaxy A tầm trung nhanh hơn dự kiến.,"Theo SamMobile , sau một năm đầy thất vọng với sự chậm trễ của One UI 7, Samsung dường như đang có một động thái 'sửa sai' mạnh mẽ và mang đến tin vui cho hàng triệu người dùng. Một phiên bản phần mềm thử nghiệm của One UI 8 (dựa trên Android 16) dành cho Galaxy A56, một mẫu điện thoại tầm trung, đã bất ngờ xuất hiện trên máy chủ của công ty. Đã có dấu hiệu của việc One UI 8 sớm đổ bộ Galaxy A56 ẢNH: CHỤP MÀN HÌNH SAMMOBILE One UI 8 sắp 'đổ bộ' điện thoại tầm trung Galaxy A56 Đây là một tín hiệu tích cực, cho thấy Samsung không còn chỉ ưu tiên phát triển phần mềm cho các dòng flagship đắt tiền. Việc bắt tay vào làm việc với One UI 8 cho một thiết bị tầm trung như Galaxy A56 ngay từ giai đoạn này cho thấy một nỗ lực rõ rệt nhằm đẩy nhanh tốc độ cập nhật cho toàn bộ danh mục sản phẩm của mình. Nếu xu hướng này tiếp tục, Galaxy A56 có thể trở thành chiếc điện thoại tầm trung đầu tiên của Samsung được chạy Android 16. Theo lịch trình của Google, phiên bản Android 16 ổn định sẽ được phát hành vào mùa hè năm nay tại Mỹ (khoảng tháng 6 - 8). Mặc dù chưa chắc chắn liệu các thiết bị tầm trung có được cập nhật ngay trong đợt đầu tiên cùng với dòng flagship Galaxy S25 hay không, nhưng đây vẫn là một dấu hiệu đáng mừng. Tuy nhiên, người dùng Galaxy A56 không nên quá kỳ vọng vào một chương trình beta công khai. Nhiều khả năng Samsung sẽ giới hạn chương trình thử nghiệm cho dòng S25 để đảm bảo tiến độ và tránh các sự cố không đáng có, nhằm mục đích phát hành bản ổn định đúng hẹn. Sau những phàn nàn về sự chậm trễ của One UI 7, việc Samsung đang hợp tác chặt chẽ với Google để tăng tốc quá trình cập nhật là một tin vui cho người hâm mộ.",,"One UI, Google, điện thoại tầm trung, GALAXY, Galaxy S25, điện thoại, cập nhật, Android, Phát hành, Phần mềm",https://images2.thanhnien.vn/thumb_w/640/528068263637045248/2025/6/24/a56-17507374355071471888540.jpg,"[""https://images2.thanhnien.vn/thumb_w/640/528068263637045248/2025/6/24/a56-17507374355071471888540.jpg""]",,2025-06-24T14:19:00+07:00,2026-07-03T14:34:27.961439,Công nghệ,,,,
185241207100003854,https://thanhnien.vn/anker-thu-hoi-hang-chuc-nghin-loa-bluetooth-vi-nguy-co-chay-no-185241207100003854.htm,thanhnien.vn,,,,,,Anker thu hồi hàng chục nghìn loa Bluetooth vì nguy cơ cháy nổ,"Anker tiếp tục có một đợt thu hồi thiết bị mới vì rủi ro quá nhiệt cháy nổ, lần này là loa không dây.","Theo BGR , hãng sản xuất phụ kiện điện tử nổi tiếng Anker vừa ra thông báo thu hồi hàng nghìn loa Bluetooth Soundcore và PowerConf do lo ngại về nguy cơ cháy nổ . Anker thông báo thu hồi nhiều loa Bluetooth vì rủi ro quá nhiệt Quyết định này được đưa ra sau khi Ủy ban An toàn Sản phẩm Tiê u dùng Mỹ (CPSC) nhận được 33 báo cáo về sự cố liên quan đến pin của thiết bị, gồm hiện tượng bốc khói, cháy và thậm chí một trường hợp gây bỏng nhẹ. Anker thông báo thu hồi nhiều loa Bluetooth vì nguy cơ cháy nổ ẢNH: CHỤP MÀN HÌNH BGR Các mẫu loa bị ảnh hưởng bao gồm A3102016, A3302011 và A3302031, được bán độc quyền trên sàn thương mại điện tử Amazon trong khoảng thời gian từ tháng 3 đến tháng 10.2023. Hiện ước tính có khoảng 69.000 sản phẩm đã được tiêu thụ tại Mỹ và gần 10.000 sản phẩm tại Canada. Anker khuyến cáo người dùng kiểm tra số sê-ri của loa trên trang web chính thức của hãng ( www.us.soundcore.com/pages/a3102-recall ) để xác định xem thiết bị của mình có thuộc diện thu hồi hay không. Nếu có, người dùng cần tắt nguồn thiết bị ngay lập tức và liên hệ với bộ phận chăm sóc khách hàng của Anker để được hướng dẫn trả lại hoặc xử lý an toàn. Hướng dẫn kiểm tra số sê-ri của loa Anker ẢNH: CHỤP MÀN HÌNH Lưu ý: Các mẫu loa Soundcore màu đỏ hoặc xanh lam, cũng như Soundcore 2 và Soundcore 3 mới hơn, không nằm trong đợt thu hồi này. CPSC cũng nhấn mạnh tầm quan trọng của việc xử lý pin lithium-ion bị thu hồi đúng cách. Người dùng cần tuân thủ quy định của địa phương về việc vứt bỏ pin nguy hại, không nên vứt vào thùng rác thông thường. Anker đang tích cực phối hợp với CPSC để đảm bảo an toàn cho người tiêu dùng và thu hồi các sản phẩm bị lỗi một cách hiệu quả.",,"Thu hồi, sản phẩm, Loa, Pin, thông báo, Bluetooth, an toàn",https://images2.thanhnien.vn/thumb_w/640/528068263637045248/2024/12/7/anker-soundcore-1733540483126253571003.jpg,"[""https://images2.thanhnien.vn/thumb_w/640/528068263637045248/2024/12/7/anker-soundcore-1733540483126253571003.jpg"", ""https://images2.thanhnien.vn/thumb_w/640/528068263637045248/2024/12/7/anker-serial-number-1733540449001765141804.jpg""]",,2024-12-07T20:18:00+07:00,2026-07-03T14:34:28.213111,Công nghệ,,,,
185250303065048311,https://thanhnien.vn/hmd-ra-mat-fusion-x1-danh-cho-thanh-thieu-nien-185250303065048311.htm,thanhnien.vn,,,,,,HMD ra mắt Fusion X1 dành cho thanh thiếu niên,"HMD Global vừa công bố loạt thiết bị mới tại MWC 2025 diễn ra ở Barcelona (Tây Ban Nha), trong đó Fusion X1 trở thành thành viên nổi bật nhất.","HMD Fusion X1 được trang bị nền tảng kiểm soát của phụ huynh Xplora giúp quản lý hoạt động của thanh thiếu niên. Được thiết kế để hạn chế sự mất tập trung, thiết bị đi kèm School Mode nhằm hạn chế một số ứng dụng trong giờ học. Với trọng lượng 202 gram, thiết bị chủ yếu được làm từ nhựa nhằm giảm giá thành. Hơn nữa, sản phẩm có khả năng chống nước bắn với xếp hạng IP54, giúp thiết bị bền bỉ khi sử dụng hằng ngày. HMD Fusion X1 nằm trong bộ sưu tập sản phẩm mới được HMD ra mắt tại MWC 2025 ẢNH: HMD GLOBAL Thông số kỹ thuật HMD Fusion X1 Bên cạnh sức mạnh đến từ chip Snapdragon 4 Gen 2, HMD Fusion X1 còn cung cấp 2 tùy chọn cấu hình bộ nhớ 6/128 GB hoặc 8/256 GB, cùng khả năng mở rộng qua thẻ microSD. Thiết bị trang bị màn hình LCD 6,56 inch với độ phân giải 720 x 1.612 pixel và tốc độ làm mới 90 Hz, kết hợp độ sáng tối đa lên đến 600 nit. Pin 5.000 mAh trên sản phẩm hỗ trợ sạc nhanh 33W, kết hợp jack cắm âm thanh 3,5 mm và công nghệ kết nối NFC. Ở mặt sau điện thoại trang bị camera chính có độ phân giải 1.080p kết hợp với cảm biến độ sâu 2 MP ở mặt sau, trong khi camera trước có độ phân giải 50 MP. Fusion X1 chạy trên nền tảng hệ điều hành Android 14 hứa hẹn nhận được 2 bản cập nhật lớn và 3 năm cập nhật bảo mật. Đặc biệt, Fusion X1 hỗ trợ nền tảng phụ kiện Fusion của HMD với 6 chân cắm thông minh ở mặt sau cho phép người dùng kết nối với nhiều phụ kiện như đèn vòng, bộ điều khiển chơi game và pin dự phòng. Ngoài ra, HMD cũng giới thiệu phiên bản đặc biệt mang tên Barca Fusion được thiết kế dành riêng cho người hâm mộ câu lạc bộ bóng đá Barcelona. Phiên bản này không chỉ có ốp lưng đặc biệt với chữ ký của cầu thủ phát sáng dưới đèn UV mà còn đi kèm bộ sưu tập hình ảnh, âm thanh theo chủ đề và một số ứng dụng của FC Barcelona được cài sẵn.",,"điện thoại giá rẻ, MWC 2025, smartphone",https://images2.thanhnien.vn/thumb_w/640/528068263637045248/2025/3/2/1-17409593026551972864429.jpg,"[""https://images2.thanhnien.vn/thumb_w/640/528068263637045248/2025/3/2/1-17409593026551972864429.jpg""]",,2025-03-03T07:16:00+07:00,2026-07-03T14:34:28.716561,Công nghệ,,,,
185260321213940888,https://thanhnien.vn/tai-sao-nen-rut-phich-cam-cuc-wi-fi-moi-tuan-185260321213940888.htm,thanhnien.vn,,,,,,Tại sao nên rút phích cắm cục Wi-Fi mỗi tuần?,Tại sao các chuyên gia luôn khuyên người dùng nên rút phích cắm cục Wi-Fi định kỳ?,"Bạn đóng tiền mạng đầy đủ nhưng Wi-Fi vẫn thường xuyên chập chờn hoặc hoạt động chậm chạp? Đừng vội gọi thợ sửa mạng, bởi đôi khi tất cả những gì thiết bị cần chỉ là một giấc ngủ ngắn trong 30 giây. Trong thế giới công nghệ, việc khởi động lại (restart) đã trở thành một 'liều thuốc vạn năng'. Từ máy tính, điện thoại cho đến các hệ thống phức tạp hơn, việc tắt đi bật lại giúp hệ điều hành được làm mới hoàn toàn. Và bộ định tuyến (router) Wi-Fi cũng không ngoại lệ. Bao lâu thì nên rút nguồn cục Wi-Fi một lần? ẢNH: CHỤP MÀN HÌNH FINDMYKIDSAPP Khi cục phát Wi-Fi cũng biết 'mệt mỏi' Thực tế, router Wi-Fi là một chiếc máy tính siêu nhỏ với CPU, RAM và hệ điều hành chuyên biệt. Khi hoạt động liên tục 24/7 từ tháng này qua năm khác, các tiến trình chạy ngầm và bộ nhớ đệm (cache) sẽ dần bị lấp đầy bởi các tệp tin rác hoặc lỗi phát sinh. Hệ quả là thiết bị trở nên nóng hơn, xử lý dữ liệu chậm đi và đôi khi dẫn đến tình trạng 'treo' mạng dù đèn tín hiệu vẫn báo xanh. Việc rút nguồn điện sẽ xóa sạch các tệp tin tạm thời này, dừng mọi tiến trình bị lỗi và buộc thiết bị phải thiết lập lại một kết nối 'sạch' và tối ưu nhất với modem nhà mạng. Tần suất bao lâu là 'tỷ lệ vàng'? Các chuyên gia về mạng internet khuyến nghị người dùng nên thực hiện việc khởi động lại hằng tháng, hoặc lý tưởng nhất là hằng tuần. Một số dòng router hiện đại thậm chí còn tích hợp sẵn tính năng tự động khởi động lại trong phần cài đặt quản trị hoặc ứng dụng di động. Bạn có thể thiết lập để thiết bị tự làm mới mình vào lúc 3 giờ (thời điểm không ai sử dụng mạng) để luôn đảm bảo tốc độ tối đa sau đó. Một lưu ý quan trọng mà người dùng cần biết là khởi động lại (Reboot/Power Cycle) khác hoàn toàn với Khôi phục cài đặt gốc (Reset). Rút nguồn (Reboot) : Chỉ đơn giản là tắt đi bật lại, mọi mật khẩu Wi-Fi và cài đặt vẫn được giữ nguyên. Reset : Phải dùng que chọc vào lỗ nhỏ phía sau máy. Hành động này sẽ xóa sạch mọi thông tin cấu hình, đưa thiết bị về trạng thái nguyên gốc như lúc mới mua. Bạn sẽ phải tốn công cài đặt lại từ đầu nếu lỡ tay thực hiện điều này.",,"khởi động lại, Router, Tối ưu, mạng chậm",https://images2.thanhnien.vn/thumb_w/640/528068263637045248/2026/3/21/router-17741040936901463958614.jpg,"[""https://images2.thanhnien.vn/thumb_w/640/528068263637045248/2026/3/21/router-17741040936901463958614.jpg""]",,2026-03-24T21:08:00+07:00,2026-07-03T14:34:29.085065,Công nghệ,,,,
185250526141144352,https://thanhnien.vn/xiaomi-dat-muc-tieu-tro-thanh-hang-smartphone-so-1-the-gioi-185250526141144352.htm,thanhnien.vn,,,,,,Xiaomi đặt mục tiêu trở thành hãng smartphone số 1 thế giới,"Trước đây chỉ nổi tiếng với smartphone, Xiaomi hiện hướng đến việc kiểm soát ba thị trường lớn, gồm điện thoại di động, đồ gia dụng và xe điện.","Mới đây, Chủ tịch của Midea Group Fan Hongbo đã chia sẻ thông tin chi tiết về kế hoạch tương lai của Xiaomi. Hongbo cho biết Chủ tịch Xiaomi , Lu Weibing, đã có chuyến thăm Midea vào năm ngoái, trong đó Lu đã trình bày các mục tiêu chiến lược của công ty. Theo Lu, Xiaomi đặt mục tiêu trở thành nhà bán lẻ smartphone hàng đầu thế giới trong vòng 3 năm tới và một trong năm nhà sản xuất ô tô hàng đầu trong vòng 10 năm. Xiaomi muốn trở thành nhà sản xuất smartphone hàng đầu thế giới trong 3 năm nữa ẢNH: REUTERS Ngoài ra, Xiaomi cũng có ý định lọt vào top ba nhà sản xuất thiết bị gia dụng hàng đầu tại Trung Quốc trong 3 năm tới. Fan Hongbo bày tỏ sự ngạc nhiên trước những thông tin trong bài thuyết trình của Lu. Nỗ lực không ngừng của Xiaomi Trong thực tế, tham vọng mà Lu Weibing đưa ra không phải không có cơ sở. Xiaomi đã có những bước tiến đáng kể trong các lĩnh vực này khi ra mắt các sản phẩm nhà thông minh và bắt đầu sản xuất xe điện. Công ty cũng đang nỗ lực thiết kế chip riêng nhằm thể hiện sự quan tâm đến những tiến bộ công nghệ. Để hiện thực hóa các mục tiêu này, Xiaomi đang đầu tư mạnh vào nghiên cứu và phát triển. Lôi Quân, CEO và nhà sáng lập của Xiaomi, đã công bố kế hoạch đầu tư 28 tỉ USD vào R&D trong giai đoạn từ năm 2026 đến năm 2030. Khoản đầu tư này sẽ được sử dụng để phát triển các công nghệ mới như chip, trí tuệ nhân tạo (AI) và thiết bị thông minh. Công ty cũng đặt tham vọng lớn trong lĩnh vực xe điện ẢNH: REUTERS Xiaomi tin rằng sự kết hợp giữa phần cứng và phần mềm sẽ giúp công ty thành công ở các thị trường mới. Kinh nghiệm trong lĩnh vực smartphone đã giúp Xiaomi trở thành một trong những công ty hàng đầu về thiết kế, sản xuất và trải nghiệm người dùng. Hiện tại, công ty đang tìm cách mở rộng kiến thức này sang các lĩnh vực khác. Tuy nhiên, con đường phía trước không hề dễ dàng. Xiaomi sẽ phải đối mặt với sự cạnh tranh khốc liệt từ các thương hiệu lâu đời trong mọi thị trường mà công ty đang tham gia. Dù vậy, với khoản đầu tư lớn và những mục tiêu rõ ràng, Xiaomi đã sẵn sàng vượt qua những thách thức mới và mở rộng sự hiện diện của mình trên thị trường công nghệ toàn cầu.",,"Tham vọng, mục tiêu kinh doanh, thiết bị gia dụng",https://images2.thanhnien.vn/thumb_w/640/528068263637045248/2025/5/26/1-174824340520222321325.jpg,"[""https://images2.thanhnien.vn/thumb_w/640/528068263637045248/2025/5/26/1-174824340520222321325.jpg"", ""https://images2.thanhnien.vn/thumb_w/640/528068263637045248/2025/5/26/2-1748243440861686488215.jpg""]",,2025-05-27T10:51:00+07:00,2026-07-03T14:34:29.353532,Công nghệ,,,,
185250227222400969,https://thanhnien.vn/iphone-16e-gay-an-tuong-voi-thoi-luong-pin-khung-185250227222400969.htm,thanhnien.vn,,,,,,iPhone 16e gây ấn tượng với thời lượng pin 'khủng',"Dung lượng pin thực tế vượt trội so với iPhone 16 thông thường, khẳng định vị thế dẫn đầu trong dòng iPhone 6,1 inch.","Theo MacRumors , mới đây, các bài kiểm tra thực tế đã tiết lộ dung lượng pin chính xác của iPhone 16e , mẫu iPhone mới nhất của Apple. Theo đó, iPhone 16e sở hữu viên pin dung lượng 3.961 mAh, cao hơn đáng kể so với mức 3.561 mAh của iPhone 16 thông thường. iPhone 16e có thời lượng pin ấn tượng Kết quả được đưa ra không chỉ khẳng định lời hứa của Apple về thời lượng pin ấn tượng trên iPhone 16e, mà còn đưa mẫu máy này trở thành 'vua pin' trong phân khúc iPhone 6,1 inch. Trong các bài kiểm tra thực tế, iPhone 16e cho thấy thời lượng pin vượt trội so với iPhone 16. Dave Lee từ kênh YouTube Dave2D đã thực hiện bài kiểm tra tải liên tục trang web Reddit qua Wi-Fi, kết quả cho thấy iPhone 16e trụ được 12 giờ 54 phút, trong khi iPhone 16 chỉ đạt 11 giờ 17 phút. Bài kiểm tra thời lượng pin iPhone 16e của kênh Dave2D ẢNH: CHỤP MÀN HÌNH MACRUMORS Tuy nhiên, các bài kiểm tra khác từ Tom's Guide lại cho kết quả khá tương đồng giữa hai mẫu máy, với thời lượng pin trung bình khoảng 12 giờ 40 phút. Dù vậy, thời lượng pin tối đa mà iPhone 16e đạt được trong bài kiểm tra này vẫn ấn tượng, lên đến 12 giờ 49 phút. Nhà báo Patrick Holland từ trang CNET cũng có những đánh giá tích cực về thời lượng pin của iPhone 16e. Anh cho biết đã sử dụng máy trong 6 ngày và chỉ phải sạc 3 lần, ngay cả khi sử dụng nhiều tác vụ nặng như chơi game đồ họa và kiểm tra các tính năng AI (trí tuệ nhân tạo). Có thể thấy, iPhone 16e hứa hẹn sẽ là lựa chọn lý tưởng cho những người dùng ưu tiên thời lượng pin, đáp ứng tốt nhu cầu sử dụng cả ngày.",,"Apple, Thời lượng, Pin, bài kiểm tra, Kết quả, Iphone",https://images2.thanhnien.vn/thumb_w/640/528068263637045248/2025/2/27/iphone-16e-1740670013714473632062.jpg,"[""https://images2.thanhnien.vn/thumb_w/640/528068263637045248/2025/2/27/iphone-16e-1740670013714473632062.jpg""]",,2025-02-28T14:30:00+07:00,2026-07-03T14:34:29.576400,Công nghệ,,,,
185260522100910241,https://thanhnien.vn/lenovo-muon-thay-doi-cach-nguoi-ham-mo-xem-world-cup-2026-185260522100910241.htm,thanhnien.vn,,,,,,Lenovo muốn thay đổi cách người hâm mộ xem World Cup 2026,"FIFA World Cup 2026 được kỳ vọng trở thành giải đấu ứng dụng AI mạnh nhất lịch sử, với hàng loạt công nghệ mới do Lenovo phát triển.","Lenovo vừa được chỉ định là ""Đối tác Công nghệ Chín h thức của FIFA World Cup 2026"", với kế hoạch triển khai hàng loạt giải pháp trí tuệ nhân tạo (AI) nhằm thay đổi cách người hâm mộ thưởng thức sự kiện thể thao lớn nhất thế giới. Trong thực tế, đây không phải là lần đầu tiên Lenovo đầu tư mạnh vào công nghệ AI khi công ty đã giới thiệu nhiều sản phẩm công nghệ ý tưởng mới thú vị trong quá khứ. Lenovo sẽ áp dụng những công nghệ AI tiên tiến cho mùa World Cup năm nay ẢNH: LENOVO Điểm nhấn trong kế hoạch của Lenovo cho giải đấu năm nay là việc tích hợp các hình đại diện kỹ thuật số 3D, được tạo ra từ các mô hình 3D và công nghệ AI tiên tiến. Lenovo khẳng định những hình đại diện này, cùng với công cụ Football AI Pro mới, sẽ nâng cao công nghệ trọng tài và hỗ trợ các quyết định của trọng tài FIFA. Người hâm mộ sẽ được trải nghiệm những hình ảnh động 3D trong các pha quay chậm tình huống việt vị giúp cung cấp bối cảnh trực quan tốt hơn cho người xem, cả ở nhà lẫn trên sân vận động. Ngoài ra, Lenovo sẽ tích hợp công nghệ AI vào các hệ thống camera gắn trên người trọng tài và các hoạt động thu thập thông tin hiện có của FIFA. Công ty cũng dự định tạo ra ""bản sao kỹ thuật số"" của từng địa điểm để cải thiện việc giám sát. Người hâm mộ sẽ có cơ hội khám phá những cách thức mới để xem các trận đấu và tương tác với các thành phố nơi diễn ra sự kiện. AI sẽ can thiệp sâu vào World Cup 2026, người hâm mộ 'lo ngại' Các giải pháp công nghệ này đã được công bố tại sự kiện đổi mới công nghệ Tech World của Lenovo trong khuôn khổ Triển lãm Điện tử Tiêu dùng (CES) diễn ra hồi đầu năm. Tại đây, Chủ tịch FIFA Gianni Infantino và Chủ tịch kiêm CEO Lenovo Yuanqing Yang đã chia sẻ những điều cần mong đợi khi xem World Cup sắp tới. Ông Yang cho biết: ""Chúng tôi nghĩ rằng World Cup 2026 sẽ là sự kiện tích hợp AI nhiều nhất. Bạn sẽ thấy AI trong bóng đá, từ các cầu thủ nổi tiếng đến camera ghi hình trọng tài"". Người hâm mộ vẫn lo ngại trải nghiệm World Cup 2026 năm nay sẽ trở nên nhàm chán vì AI can thiệp quá nhiều ẢNH: FIFA Infantino cũng nhấn mạnh tầm quan trọng của việc kết hợp dữ liệu và công nghệ để tạo ra những trải nghiệm tuyệt vời cho người hâm mộ tại FIFA World Cup 2026 và FIFA Women's World Cup 2027. Tuy nhiên, việc sử dụng công nghệ AI trong thể thao cũng đặt ra nhiều câu hỏi. Một số người hâm mộ có thể cảm thấy nhàm chán với các hình ảnh 3D, và có nguy cơ trọng tài sẽ quá phụ thuộc vào phân tích hình ảnh để đưa ra quyết định. Đã có nhiều ý kiến trái chiều về VAR, với 97% người hâm mộ Ngoại hạng Anh cho rằng VAR không làm cho việc xem bóng đá thú vị hơn. Mặc dù vậy, những cải tiến của Lenovo trong công nghệ camera đeo trên người trọng tài có thể mang lại nhiều hứa hẹn. Với tên gọi mới ""Referee View"", công nghệ này hứa hẹn sẽ nâng cao trải nghiệm cho người hâm mộ. Cuối cùng, người hâm mộ trên toàn thế giới sẽ có cơ hội tự mình đánh giá liệu Lenovo có thực sự cải thiện môn thể thao này hay không khi World Cup 2026 khởi tranh.",,"Gianni Infantino, FIFA, World Cup, Lenovo",https://images2.thanhnien.vn/thumb_w/640/528068263637045248/2026/5/22/1-17794190002621009296812.jpg,"[""https://images2.thanhnien.vn/thumb_w/640/528068263637045248/2026/5/22/1-17794190002621009296812.jpg"", ""https://images2.thanhnien.vn/thumb_w/640/528068263637045248/2026/5/22/2-17794191420961051195000.jpg""]",,2026-05-23T07:33:00+07:00,2026-07-03T14:34:30.020956,Công nghệ,,,,
185260203175206486,https://thanhnien.vn/ha-noi-chuyen-doi-so-de-phat-trien-khong-phai-vi-phong-trao-185260203175206486.htm,thanhnien.vn,,,,,,"'Hà Nội chuyển đổi số để phát triển, không phải vì phong trào'","Lãnh đạo TP.Hà Nội cho biết, một trong những quan điểm xuyên suốt trong công tác chuyển đổi số của thủ đô là để phát triển kinh tế số, chứ không phải vì phong trào.","Thông tin nêu trên được Phó chủ tịch UBND TP.Hà Nội Trương Việt Dũng nêu ra tại buổi ra mắt Chợ chuyển đổi số (DTMarket) và Sàn giao dịch công nghệ Hà Nội (HanoTEX), do Sở KH-CN Hà Nội tổ chức vào chiều 3.2. Phó chủ tịch UBND TP.Hà Nội Trương Việt Dũng phát biểu tại sự kiện chiều 3.2 ẢNH: XUÂN HẢI 2 mô hình này được vận hành tại Khu liên cơ 258 Võ Chí Công (P.Tây Hồ, Hà Nội), kết hợp hệ thống chuyển nhận văn bản, tạo thành 3 cấu phần trọng tâm trong việc triển khai các chủ trương về KHCN và chuyển đổi số của thủ đô. Trong đó, HanoTEX là hạ tầng trung tâm kết nối, giao dịch và chuyển giao công nghệ của thành phố. Tại đây, kết quả nghiên cứu khoa học, công nghệ và đổi mới sáng tạo được niêm yết, giới thiệu, đánh giá, thử nghiệm và kết nối cung - cầu để tiến tới thương mại hóa. DTMarket là cấu phần chuyên sâu của HanoTEX. Đây là nơi kết nối cung - cầu các giải pháp, sản phẩm và dịch vụ chuyển đổi số. Thông qua Chợ chuyển đổi số, các cơ quan, địa phương và doanh nghiệp có thể tiếp cận, lựa chọn, thử nghiệm và triển khai giải pháp phù hợp với nhu cầu thực tiễn. Cấu phần thứ ba được đưa vào vận hành là hệ thống chuyển nhận văn bản trực tuyến giữa các tổ chức, doanh nghiệp và cơ quan thuộc UBND TP.Hà Nội. Hệ thống nhằm chuẩn hóa và số hóa quy trình phối hợp, rút ngắn thời gian xử lý, tăng tính minh bạch, hiệu quả trong hoạt động quản lý nhà nước, cải thiện môi trường làm việc điện tử tại thủ đô. Các đại biểu tham quan Sàn giao dịch công nghệ Hà Nội ẢNH: XUÂN HẢI Theo ông Cù Ngọc Trang, Giám đốc Sở KH-CN Hà Nội, thách thức lớn nhất hiện không còn nằm ở việc tạo ra công nghệ, mà ở việc tổ chức thị trường để công nghệ đi vào cuộc sống và tạo ra giá trị thực. Trên thế giới, những trung tâm đổi mới sáng tạo hàng đầu đều cho thấy xu hướng rất rõ, đó là: chính quyền không dừng ở ban hành chính sách, mà từng bước tổ chức thị trường cho công nghệ vận hành. Và đây chính là động lực hình thành HanoTEX và DTMarket. Phát biểu tại sự kiện, ông Trương Việt Dũng, Phó chủ tịch UBND TP.Hà Nội, đã nêu rõ 3 quan điểm xuyên suốt trong triển khai chuyển đổi số của thủ đô. Cụ thể, Hà Nội chuyển đổi số để phát triển kinh tế số chứ không phải vì phong trào. Chợ chuyển đổi số không phải nơi trình diễn công nghệ mà là nơi công nghệ tạo ra giá trị kinh tế. Và điều quan trọng nhất là Hà Nội đã nói là làm, làm nhanh, làm đúng, làm hiệu quả và làm đến cùng. Theo ông Dũng, thủ đô xác định đổi mới sáng tạo khoa học, công nghệ và chuyển đổi số là động lực trực tiếp để đạt mục tiêu tăng trưởng từ 11% trở lên trong năm 2026. ""Việc ra mắt HanoTEX và DTMarket được kỳ vọng không chỉ phục vụ phát triển của Hà Nội mà còn tạo mô hình thí điểm để Trung ương hoàn thiện thể chế và nhân rộng trên phạm vi cả nước"", ông Dũng nói.",,"chuyển đổi số Hà Nội,phát triển kinh tế số,HanoTEX,DTMarket,công nghệ và đổi mới sáng tạo",https://images2.thanhnien.vn/thumb_w/640/528068263637045248/2026/2/3/pho-chu-tich-ha-noi-17701157009821837036458.jpg,"[""https://images2.thanhnien.vn/thumb_w/640/528068263637045248/2026/2/3/pho-chu-tich-ha-noi-17701157009821837036458.jpg"", ""https://images2.thanhnien.vn/thumb_w/640/528068263637045248/2026/2/3/cho-cong-nghe-so-17701157734952113466236.jpg""]",,2026-02-03T18:18:00+07:00,2026-07-03T14:34:30.156844,Công nghệ,,,,
185260203091247117,https://thanhnien.vn/gia-bitcoin-hom-nay-322026-quy-1-ti-usd-cua-binance-keo-btc-phuc-hoi-185260203091247117.htm,thanhnien.vn,,,,,,Giá Bitcoin hôm nay 3.2.2026: Quỹ 1 tỉ USD của Binance kéo BTC phục hồi,"Giá Bitcoin hôm nay tăng 3,66% trong vòng 24 giờ khi Binance khởi động quá trình chuyển đổi quỹ SAFU trị giá 1 tỉ USD sang BTC.","Dữ liệu từ Binance, sàn giao dịch tài sản mã hóa lớn nhất thế giới, cho thấy giá Bitcoin hôm nay đã phục hồi sau cú sập vào đầu tuần. Tính đến 10 giờ 40 ngày 3.2, mỗi Bitcoin (BTC) được giao dịch quanh mốc 78.052 USD. Ethereum, tiền mã hóa lớn thứ hai thế giới, tăng 6,56%. Các token khác như Solana, XRP, BNB lần lượt tăng 7,19%, 4,67% và 5,29%. Vốn hóa toàn thị trường mã hóa tăng 4,15% lên 2.630 tỉ USD. Diễn biến giá Bitcoin trong 24 giờ qua, tính đến 10 giờ 40 ngày 3.2 NGUỒN: BINANCE Giá Bitcoin phục hồi trong bối cảnh Binance tuyên bố mua thêm 1.315 Bitcoin đầu tiên trong kế hoạch chuyển đổi cho Quỹ Bảo vệ tài sản người dùng (Secure Asset Fund for Users - SAFU). Theo dữ liệu từ Blockchain.com , Binance đã mua số Bitcoin này ở vùng giá 77.409 USD, tương đương 101 triệu USD. Sàn giao dịch tiền mã hóa lớn nhất thế giới sẽ chuyển số tiền còn lại trong số 1 tỉ USD của quỹ SAFU từ stablecoin sang Bitcoin trong vòng 27 ngày tới. Cointelegraph dẫn lời phát ngôn viên của Binance cho biết SAFU tiếp tục được dùng như biện pháp dự phòng cho người dùng trong trường hợp xảy ra các sự cố hoặc tổn thất nghiêm trọng. Quỹ này ra mắt năm 2018, được thiết kế để bảo vệ người dùng, được tài trợ bởi phí giao dịch của Binance. Năm 2024, Binance chuyển phần stablecoin của SAFU từ BUSD sang USDC. Binance giải thích động thái này như một cách để giữ cho quỹ khẩn cấp có tính thanh khoản, đáng tin cậy và gắn liền với USD. Việc chuyển đổi sang BTC sẽ loại bỏ hoàn toàn stablecoin khỏi SAFU, có nghĩa quỹ khẩn cấp sẽ được bảo chứng hoàn toàn bằng Bitcoin. Động thái của Binance diễn ra khi thị trường chứng kiến đợt chao đảo mạnh, giá Bitcoin giảm sâu xuống dưới 75.000 USD. Ngoài Binance, Strategy - công ty tư nhân nắm giữ Bitcoin nhiều nhất thế giới - cũng tuyên bố ""bắt đáy"". Dữ liệu từ Blockchain cho thấy Strategy đã mua 855 BTC. Theo hồ sơ gửi lên Ủy ban Chứng khoán và Giao dịch Mỹ hôm 2.2, trung bình giá Bitcoin công ty mua vào là 87.974 USD/BTC. Thương vụ đã nâng tổng số Bitcoin Strategy nắm giữ lên 713.502 BTC, trung bình giá của kho Bitcoin này là 76.052 USD. Giá Bitcoin vẫn có thể giảm sâu Mặc dù tuần qua Bitcoin đã giảm mạnh 11%, có lúc về dưới 75.000 USD nhưng đây vẫn chưa phải nỗi lo lớn nhất của nhà đầu tư. Một số phân tích cho thấy giá Bitcoin có thể điều chỉnh mạnh về vùng 58.000 USD, giảm thêm 25% so với giá hiện nay. Ngoài một số quỹ lớn, Bitcoin gần như không thu hút thêm được nhà đầu tư cá nhân trong bối cảnh tâm lý lo ngại về ""mùa đông tiền mã hóa"". Theo lịch sử, Bitcoin thường đạt đỉnh vào quý 4 của chu kỳ năm thứ tư. Lần này, giá đã đạt mức cao nhất mọi thời đại 126.000 USD hồi tháng 10 vừa qua. Mức giá hiện tại giảm khoảng 40% so với đỉnh. Tuy nhiên, đây có thể vẫn chưa phải đáy của chu kỳ. Những dữ liệu hiện tại cho thấy thị trường vẫn đang tuân thủ theo chu kỳ 4 năm giá sẽ lên đỉnh một lần và sau đó giảm giá. Lý thuyết này được củng cố bởi thuật toán của Bitcoin Having (giảm một nửa nguồn cung mới sau bốn năm). Nguồn cung bị khan hiếm đẩy giá Bitcoin lên đỉnh, sau đó giảm mạnh. ""Mùa đông tiền mã hóa"" năm 2015, Bitcoin được giao dịch quanh mức 200 USD, sử dụng đường trung bình động 200 ngày (200-WMA) làm mức hỗ trợ. Đến chu kỳ 2018 - 2019, đường 200-WMA nằm ở mức giá trên 3.000 USD, đóng vai trò là mức hỗ trợ. Trong chu kỳ trước, Bitcoin đã giảm xuống dưới đường trung bình động 200 ngày (200-WMA) vào tháng 6.2022, dưới 22.000 USD và duy trì trong thời gian dài. Giá không vượt qua được đường 200-WMA cho đến tháng 10.2023, khẳng định vai trò hỗ trợ như xu hướng dài hạn. Mặc dù không có gì đảm bảo, nhưng việc giá giảm xuống đường 200-WMA cho thấy thị trường có thể bước vào giai đoạn giảm giá kéo dài.",,"Giá Bitcoin hôm nay, SAFU, giá Bitcoin, Binance",https://images2.thanhnien.vn/thumb_w/640/528068263637045248/2026/2/3/gia-bitcoin-hom-nay-ngay-32-17700901443081401649966.png,"[""https://images2.thanhnien.vn/thumb_w/640/528068263637045248/2026/2/3/gia-bitcoin-hom-nay-ngay-32-17700901443081401649966.png""]",,2026-02-03T14:12:00+07:00,2026-07-03T14:34:30.254257,Công nghệ,,,,
185251128085924133,https://thanhnien.vn/pinecare-day-manh-cong-nghe-ve-sinh-gia-dung-than-thien-moi-truong-185251128085924133.htm,thanhnien.vn,,,,,,PineCare đẩy mạnh công nghệ vệ sinh gia dụng thân thiện môi trường,"Ngày 27.11, Công ty CP đầu tư và thương mại Thông Việt Nam, chủ sở hữu thương hiệu PineCare, công bố hợp tác chiến lược với NAMSAPA nhằm phân phối dòng viên rửa bát sinh học sản xuất tại Việt Nam.","Sự kiện đánh dấu bước tiến trong việc đưa các giải pháp vệ sinh gia dụng thân thiện môi trường đến gần hơn với người tiêu dùng trong nước. Theo biên bản ghi nhớ ký kết tại TP.HCM, NAMSAPA - nhà phân phối thiết bị gia dụng và máy rửa bát quy mô lớn - sẽ trở thành đối tác phân phối chính thức của PineCare. Các sản phẩm sẽ được đưa vào hệ thống siêu thị và chuỗi cửa hàng gia dụng, tạo điều kiện để người tiêu dùng tiếp cận dễ dàng hơn với các sản phẩm xanh, an toàn và có nguồn gốc từ thực vật. Viên rửa bát Eco PineCare dùng cho máy rửa bát, làm từ tinh dầu thông và enzyme thực vật, phân hủy sinh học, không dùng hóa chất công nghiệp ẢNH: PINECARE Sản phẩm chủ lực trong hợp tác lần này là  Eco PineCare - được thiết kế dành riêng cho máy rửa bát , sử dụng tinh dầu thông và enzyme thực vật trong công thức độc quyền PinePower. Dòng sản phẩm này có khả năng phân hủy sinh học hoàn toàn, giúp loại bỏ dầu mỡ hiệu quả mà không cần đến hóa chất công nghiệp. Bên cạnh đó, PineCare còn cung cấp muối làm mềm nước, nước làm bóng và viên vệ sinh máy rửa bát - tất cả đều phát triển trên nền tảng tinh dầu thông, đảm bảo an toàn cho sức khỏe và thân thiện với môi trường. Đại diện PineCare, ông Đặng Trần Huy, khẳng định sự hợp tác với NAMSAPA là bước đi chiến lược giúp thương hiệu nội địa vươn tầm cạnh tranh cùng các sản phẩm ngoại nhập. Trong khi đó, ông Trần Hữu Tài - Phó Giám đốc NAMSAPA - nhấn mạnh nhu cầu ngày càng cao đối với các sản phẩm phụ trợ an toàn và cam kết đồng hành cùng PineCare trong mục tiêu phát triển bền vững. Việc đưa sản phẩm viên rửa bát sinh học vào hệ sinh thái tiêu dùng trong nước thể hiện nỗ lực của doanh nghiệp Việt trong quá trình chuyển đổi xanh, đồng thời góp phần giảm thiểu ô nhiễm hóa học và thúc đẩy lối sống thân thiện môi trường.",,"Tiêu dùng, sản phẩm, Gia dụng",https://images2.thanhnien.vn/thumb_w/640/528068263637045248/2025/11/28/2980173result-17642944740551142054930.jpg,"[""https://images2.thanhnien.vn/thumb_w/640/528068263637045248/2025/11/28/2980173result-17642944740551142054930.jpg""]",,2025-11-28T09:05:00+07:00,2026-07-03T14:34:30.683773,Công nghệ,,,,
185260115131805624,https://thanhnien.vn/nhung-tinh-nang-gemini-giup-nang-cap-siri-185260115131805624.htm,thanhnien.vn,,,,,,Những tính năng Gemini giúp nâng cấp Siri,"Sau thông báo của Apple về việc trợ lý ảo Siri sẽ được nâng cấp nhờ sức mạnh từ Gemini, The Information đã công bố một bài viết chi tiết về sự hợp tác này.","Theo đó, Apple dự kiến sẽ tích hợp nhiều tính năng mới cho Siri được sự hỗ trợ bởi Gemini , vượt xa những gì được giới thiệu tại Hội nghị nhà phát triển (WWDC) do Apple tổ chức năm 2024. Người dùng Siri sở hữu một số tính năng dựa trên Gemini mà Android không có ẢNH: Chụp màn hình CNBC Giờ đây, Siri sẽ không còn phải đưa ra những trả lời như ""Tôi không thể giúp bạn về vấn đề đó"", mà sẽ có khả năng trả lời các câu hỏi thực tế, kể chuyện, thậm chí cung cấp hỗ trợ cảm xúc. Một nguồn tin quen thuộc cho biết, Siri có thể giúp người dùng đặt chuyến đi tiếp theo. Những tính năng này có thể được công bố trong bài phát biểu chính tại WWDC 2026 , bao gồm khả năng ghi nhớ các cuộc hội thoại trước đó và đề xuất hành động dựa trên dữ liệu ứng dụng. Những tính năng 'độc quyền' Gemini mang đến Siri Theo báo cáo, ba tính năng được đồn đoán sẽ không có sẵn cho người dùng Android. Đầu tiên là hỗ trợ cảm xúc, nơi Siri có thể làm tốt hơn. Hai tính năng nổi bật sắp ra mắt là khả năng ghi nhớ các cuộc hội thoại trước đó hiện chỉ có cho người dùng Gemini trả phí và khả năng thực hiện hành động dựa trên dữ liệu ứng dụng. Mặc dù Google đang triển khai tính năng ghi nhớ cho người dùng Gemini miễn phí trên iOS và Android, tuy nhiên người dùng vẫn cần yêu cầu trợ lý ghi nhớ một điều cụ thể. Ngược lại, Apple cung cấp tính năng này cho tất cả người dùng Siri. Chưa rõ liệu đây là tính năng do Apple tự phát triển hay Google sẽ công bố một số tính năng tương tự tại hội nghị I/O sắp tới. Báo cáo chỉ ra rằng Apple sẽ không sử dụng thương hiệu Gemini để quảng bá Siri. Ở thời điểm hiện tại, chi tiết về sự hợp tác vẫn chưa rõ ràng, Apple có thể tiếp tục sử dụng dịch vụ điện toán đám mây riêng để xử lý các tính năng đám mây, trong khi vẫn duy trì các quy trình cục bộ cho các tác vụ khác.",,"siri, Apple, trợ lý ảo, Google",https://images2.thanhnien.vn/thumb_w/640/528068263637045248/2026/1/15/1-17684577373221806527686.jpg,"[""https://images2.thanhnien.vn/thumb_w/640/528068263637045248/2026/1/15/1-17684577373221806527686.jpg""]",,2026-01-15T15:35:00+07:00,2026-07-03T14:34:30.759274,Công nghệ,,,,
185260420094921671,https://thanhnien.vn/hai-lo-tren-dien-thoai-galaxy-dung-de-lam-gi-185260420094921671.htm,thanhnien.vn,,,,,,Hai lỗ trên điện thoại Galaxy dùng để làm gì?,"Khi cầm Galaxy S26 Ultra hay nhiều điện thoại Galaxy khác, người dùng sẽ nhận thấy hai lỗ nhỏ ở phía trên khung máy.","Mặc dù cả hai lỗ có kích thước giống nhau, nhưng chức năng của chúng lại hoàn toàn khác biệt. Một lỗ là micro, trong khi còn lại là lỗ thông hơi. Tính năng này không chỉ xuất hiện trên dòng Galaxy S26 mà còn có mặt trên các dòng điện thoại Galaxy cao cấp khác của Samsung, như Galaxy S25. Hai lỗ nhỏ phía trên điện thoại Galaxy S26 Ultra không đơn giản như nhiều người nghĩ ẢNH: YOUTUBE Trong khi đó, một số mẫu điện thoại Galaxy cũ hơn lại có thiết kế khác biệt. Chẳng hạn như Galaxy S23, nơi mà lỗ micro thứ hai và lỗ thông hơi nằm ở phía dưới, trong khi các dòng Galaxy S22 và S21 cũng chỉ có hai lỗ dành riêng cho micro. Lý do điện thoại Galaxy phải có nhiều lỗ nhỏ Được biết, Samsung đã thiết kế nhiều lỗ trên điện thoại Galaxy nhằm mục đích khử tiếng ồn và tăng khả năng chống nước. Micrô giúp giảm tiếng ồn, trong khi lỗ thông hơi cân bằng áp suất để bảo vệ lớp chống nước. Công nghệ này sử dụng một lớp màng tương tự như Gore-Tex để ngăn nước xâm nhập, đồng thời cũng hỗ trợ khả năng thoáng khí cho thiết bị. Vấn đề trong thiết kế lỗ nhỏ mới từ Samsung chính là chúng có thể gây nhầm lẫn cho người dùng vì rất khó để phân biệt lỗ nào là micro, còn lỗ nào để thông hơi. Thông thường, lỗ bên phải là lỗ thông hơi, trong khi lỗ bên trái là micro. Nhưng để xác nhận chính xác, người dùng có thể tham khảo hướng dẫn sử dụng trực tuyến của Samsung cho từng kiểu điện thoại cụ thể. Một chi tiết khác mà người dùng cũng nên biết chính là việc sử dụng ốp lưng điện thoại cũng cần được chú ý, vì một chiếc ốp lưng không vừa vặn có thể che phủ các lỗ này, dẫn đến việc micro hoạt động kém hiệu quả và làm giảm chất lượng cuộc gọi. Ngoài Samsung, một số hãng điện thoại khác cũng trang bị nhiều lỗ xung quanh thân máy, thậm chí bao gồm cả lỗ micro thứ ba ở phía dưới khung máy, như trường hợp của Pixel 9 Pro. Thiết kế này của Pixel 9 Pro giúp cải thiện khả năng khử nhiễu, trong đó lỗ micro dưới tập trung thu giọng nói của người dùng, trong khi các lỗ khác thu âm thanh xung quanh để nâng cao độ rõ nét của âm thanh trong các cuộc gọi.",,"Galaxy S26 Ultra, Lỗ thông hơi, Samsung, thiết kế",https://images2.thanhnien.vn/thumb_w/640/528068263637045248/2026/4/20/1-17766532529011925271989.jpg,"[""https://images2.thanhnien.vn/thumb_w/640/528068263637045248/2026/4/20/1-17766532529011925271989.jpg""]",,2026-04-20T10:48:00+07:00,2026-07-03T14:34:30.874529,Công nghệ,,,,
185260228111133483,https://thanhnien.vn/thoi-luong-pin-galaxy-a37-va-a57-ghi-diem-truoc-galaxy-s26-185260228111133483.htm,thanhnien.vn,,,,,,Thời lượng pin Galaxy A37 và A57 ghi điểm trước Galaxy S26,Samsung vừa ra mắt dòng Galaxy S26 và đang chuẩn bị cho sự xuất hiện của bộ đôi tầm trung Galaxy A37 và A57.,"Theo Android Authority , người hâm mộ thương hiệu Hàn Quốc có thể mong chờ nhiều sản phẩm tầm trung, màn hình gập... sẽ được Samsung giới thiệu trong thời gian tới. Nếu các rò rỉ mới đây chính xác, bộ đôi Galaxy A37 và A57 có thể sớm được giới thiệu với chi tiết thú vị liên quan đến thời lượng pin trên chúng. Bộ đôi sản phẩm kế nhiệm Galaxy A36 và A56 hứa hẹn cho thời lượng pin khá tốt ẢNH: T.L Được phát hiện bởi NieuweMobiel.NL, nhãn năng lượng của Galaxy A37 và A57 đã được công bố với những cải tiến đáng kể so với các phiên bản tiền nhiệm, thậm chí ấn tượng hơn cả Galaxy S26 ở phân khúc cao cấp hơn. Những ấn tượng ban đầu về Galaxy A37 và A57 Cụ thể, Galaxy A37 đã đạt được xếp hạng A - một bước tiến lớn so với xếp hạng C của Galaxy A36 năm ngoái. Nhãn năng lượng ghi nhận pin của Galaxy A37 gây ấn tượng khi tăng từ 41 giờ 28 phút lên 53 giờ chỉ với một lần sạc, mặc dù thời gian này chỉ áp dụng khi ở chế độ chờ. Báo cáo cũng cho biết thêm Galaxy A37 đạt chuẩn IP68 và đạt xếp hạng B về khả năng chống va đập, nhưng chỉ nhận được xếp hạng C về khả năng sửa chữa, với 1.200 chu kỳ sạc trước khi dung lượng pin giảm xuống 80%. Nhãn năng lượng lần lượt dành cho Galaxy A37 (mã SM-A376B/DS) và A57 (mã SM-A576B/DS) ẢNH: NieuweMobiel.NL Trong khi đó, Galaxy A57 cũng có sự nâng cấp từ xếp hạng B lên A. Thời lượng pin của Galaxy A57 được cải thiện lên 52 giờ, chỉ kém Galaxy A37 một giờ. Điện thoại nổi bật hơn về khả năng chống hư hại do rơi vỡ với xếp hạng A, nhưng khả năng sửa chữa vẫn ở mức C. Tuy nhiên, sản phẩm lại thua kém Galaxy A56 về số chu kỳ sạc, khi chỉ cho phép 1.200 lần sạc trước khi dung lượng pin giảm xuống 80%, trong khi mẫu tiền nhiệm có thể lên đến 2.000 lần. Được biết, những nhãn năng lượng nói trên đã xuất hiện trong cơ sở dữ liệu EPREL của EU, cho thấy thời điểm ra mắt đang đến gần. Tuy nhiên, Samsung vẫn chưa đưa ra thông báo chính thức nào về sự xuất hiện của các sản phẩm mới. Vào năm ngoái, công ty ra mắt Galaxy A36 và A56 vào đầu tháng 3.",,"Galaxy A57, Samsung, Galaxy S26, nhãn năng lượng, thời lượng pin",https://images2.thanhnien.vn/thumb_w/640/528068263637045248/2026/2/28/edit_photo_mukrvtsxnj-1772251559.jpg,"[""https://images2.thanhnien.vn/thumb_w/640/528068263637045248/2026/2/28/edit_photo_mukrvtsxnj-1772251559.jpg"", ""https://images2.thanhnien.vn/thumb_w/660/528068263637045248/2026/2/28/2-17722517833359103641.jpg"", ""https://images2.thanhnien.vn/thumb_w/660/528068263637045248/2026/2/28/3-17722517833411394140416.jpg""]",,2026-03-01T10:59:00+07:00,2026-07-03T14:34:31.433768,Công nghệ,,,,
18526012915452606,https://thanhnien.vn/khung-hoang-ram-xiaomi-tung-redmi-note-15-pro-noi-dong-coi-da-18526012915452606.htm,thanhnien.vn,,,,,,"Khủng hoảng RAM, Xiaomi tung Redmi Note 15 Pro 'nồi đồng cối đá'",Cuộc khủng hoảng RAM làm tăng giá linh kiện và khiến các thương hiệu smartphone Android như Xiaomi phải chọn hướng đi khác.,"Thay vì tập trung nâng cấp thông số RAM, Xiaomi đã giới thiệu hai mẫu smartphone tầm trung mới mang tên Redmi Note 15 Pro 5G và Redmi Note 15 Pro Plus 5G, với hứa hẹn mang đến độ bền vượt trội. Smartphone tầm trung bước vào cuộc chơi độ bền ẢNH: ANDROID AUTHORITY Cả hai mẫu điện thoại mới của Xiaomi đều sở hữu màn hình AMOLED 6,83 inch với độ phân giải 1,5K (2.772 x 1.280 pixel) và độ sáng tối đa lên đến 3.200 nit. Màn hình được bảo vệ bởi kính Gorilla Glass Victus 2 và hỗ trợ HDR10+ cũng như Dolby Vision. Trong khi phiên bản Pro có thiết kế phẳng, phiên bản Pro Plus lại có khung viền mỏng hơn và màn hình cong tạo cảm giác thanh thoát hơn. Về hiệu năng, Redmi Note 15 Pro 5G được trang bị chip MediaTek Dimensity 7400 Ultra 4nm, trong khi Pro Plus sử dụng chip Snapdragon 7s Gen 4 4nm. Cả hai đều có RAM LPDDR4X và bộ nhớ trong UFS 2.2. Đặc biệt, bộ đôi này đều trang bị cảm biến camera chính Samsung ISOCELL HPE 200 MP với khẩu độ f/1.7 và hỗ trợ tính năng chống rung quang học (OIS), kết hợp camera siêu rộng 8 MP. Redmi Note 15 Pro 5G có pin dung lượng 6.580 mAh hỗ trợ sạc nhanh 45W, trong khi Pro Plus có pin dung lượng 6.500 mAh nhưng hỗ trợ sạc nhanh 100W. Cả hai đều hỗ trợ sạc ngược 22,5W và đi kèm bộ sạc nhanh trong hộp. Redmi Note 15 Pro 5G (xám) và Redmi Note 15 Pro Plus 5G (nâu) ẢNH: ANDROID AUTHORITY Xiaomi xoay trục chiến lược với công thức 'dùng lâu, khó hỏng' Độ bền là một điểm nổi bật của cả hai mẫu điện thoại mới từ Xiaomi, với khả năng chống bụi và nước đạt tiêu chuẩn IP66/IP68/IP69/IP69K. Mặt lưng của chúng làm bằng sợi thủy tinh, được cho là có khả năng chống va đập gấp 10 lần so với mặt kính thông thường. Cả hai đều được chứng nhận có thể chịu những cú rơi từ độ cao 2,5 m xuống mặt đá granit. Xiaomi cũng trang bị cho cả hai mẫu điện thoại Redmi của mình tính năng Xiaomi Offline Communication, cho phép truyền giọng nói lên đến một kilomet trong không gian mở không có sóng mạng. Cả hai điện thoại đều chạy Hyper OS 2 được phát triển dựa trên Android 15, với cam kết cập nhật hệ điều hành Android trong 4 năm và bảo mật trong 6 năm. Tại thị trường Ấn Độ, Redmi Note 15 Pro 5G có các màu xanh, xám và đen, kèm giá từ 29.999 rupee (8,5 triệu đồng), trong khi Redmi Note 15 Pro Plus 5G có các màu nâu, xanh và đen, kèm giá từ 37.999 rupee (10,76 triệu đồng).",,"smartphone tầm trung, Redmi Note 15 Pro 5G, Redmi Note 15 Pro Plus 5G, độ bền",https://images2.thanhnien.vn/thumb_w/640/528068263637045248/2026/1/29/1-1769676095162806136955.jpg,"[""https://images2.thanhnien.vn/thumb_w/640/528068263637045248/2026/1/29/1-1769676095162806136955.jpg"", ""https://images2.thanhnien.vn/thumb_w/660/528068263637045248/2026/1/29/2-17696761133171320733551.jpg"", ""https://images2.thanhnien.vn/thumb_w/660/528068263637045248/2026/1/29/3-17696761133401158752365.jpg""]",,2026-01-30T07:54:00+07:00,2026-07-03T14:34:31.528809,Công nghệ,,,,
185250513221655721,https://thanhnien.vn/loi-ky-la-tren-iphone-khien-tin-nhan-thoai-bien-mat-bi-an-185250513221655721.htm,thanhnien.vn,,,,,,Lỗi kỳ lạ trên iPhone khiến tin nhắn thoại biến mất bí ẩn,"Người dùng iPhone vừa phát hiện một lỗi kỳ lạ trên iPhone, khiến tin nhắn thoại không hề đến đích sau khi gửi.","Theo 9to5Mac , giới công nghệ vừa qua xôn xao trước một phát hiện kỳ lạ rằng những tin nhắn thoại trên iPhone đề cập đến tên một chuỗi nhà hàng cụ thể - Dave & Buster's - bỗng dưng 'bốc hơi' không lời giải, không thể gửi tới người nhận. Cuộc điều tra vén màn bí ẩn này, được khởi xướng bởi podcaster tò mò PJ Vogt, đã dẫn đến những khám phá thú vị về cách iOS xử lý những ký tự tưởng chừng vô hại. Bí ẩn về tin nhắn thoại tự động biến mất trên iPhone PJ Vogt, chủ nhân của podcast 'Search Engine' nổi tiếng, vốn được biết đến với khả năng biến những sự thật tưởng chừng đơn giản thành những câu chuyện điều tra hấp dẫn và đầy bất ngờ. Khi tình cờ biết được sự cố tin nhắn thoại không gửi được khi nhắc đến tên chuỗi nhà hàng Dave & Buster's, anh đã không ngần ngại lao vào tìm hiểu. Hành trình khám phá của Vogt, được chia sẻ chi tiết và lôi cuốn trên podcast của anh, đã nhanh chóng thu hút sự chú ý lớn từ cộng đồng công nghệ . Nhiều người dùng thậm chí đã thử nghiệm và xác nhận lỗi này. Tin nhắn thoại tự động biến mất trên iPhone vì lỗi xử lý ký tự của iOS ẢNH: CHỤP MÀN HÌNH HOW-TO-GEEK Với sự trợ giúp của chuyên gia an ninh mạng Alex Stamos, Vogt đã tìm ra 'thủ phạm' chính là cách iOS xử lý ký tự '&' trong tên Dave & Buster’s. Cụ thể, khi tin nhắn thoại được hệ điều hành chuyển đổi thành văn bản để xử lý nội bộ (transcribe), nó đã hiểu nhầm ký tự '&' này thành một phần của mã lệnh thay vì một ký tự văn bản đơn thuần. Trong thế giới lập trình, để tránh tình trạng này, các nhà phát triển thường sử dụng một kỹ thuật gọi là 'escaping'. Kỹ thuật này nhằm báo cho hệ thống biết rằng ký tự đó nên được hiểu theo nghĩa đen của nó là văn bản, chứ không phải là một lệnh cần thực thi. Tuy nhiên, lời giải thích này vẫn chưa đủ làm thỏa mãn nhà phát triển kiêm blogger công nghệ Gui Rambo. Anh muốn đào sâu hơn để biết chính xác điều gì đã xảy ra bên trong hệ thống của iPhone khi nó nhận được tin nhắn 'gây rối' này. Bằng cách 'mổ xẻ' các bản ghi lỗi (error log) của hệ thống, Rambo đã chỉ rõ trên blog cá nhân của mình cách iOS gặp sự cố. Anh cho thấy hệ điều hành đã mong đợi một đoạn mã lệnh tiếp theo sau ký tự '&', nhưng vì không có mã nào được cung cấp, quá trình phân tích cú pháp và chuyển ngữ tin nhắn đã bị sụp đổ, khiến tin nhắn không thể được xử lý trọn vẹn. Apple đã chính thức xác nhận với PJ Vogt về lỗi này. Gã khổng lồ công nghệ cho biết họ đang có kế hoạch vá lỗi trong một bản cập nhật iOS sắp tới.",,"tin nhắn thoại, Ký tự, IOS, công nghệ, Iphone, xử lý, Tin nhắn, hệ điều hành, khám phá",https://images2.thanhnien.vn/thumb_w/640/528068263637045248/2025/5/13/voice-17471497606121461199949.jpg,"[""https://images2.thanhnien.vn/thumb_w/640/528068263637045248/2025/5/13/voice-17471497606121461199949.jpg""]",,2025-05-15T19:42:00+07:00,2026-07-03T14:34:31.871764,Công nghệ,,,,
18526012414184515,https://thanhnien.vn/vi-sao-microsoft-luon-phat-hanh-ban-va-windows-vao-thu-ba-18526012414184515.htm,thanhnien.vn,,,,,,Vì sao Microsoft luôn phát hành bản vá Windows vào thứ ba?,"Trong vài thập kỷ qua, cụ thể là từ tháng 10.2003, các bản cập nhật Windows đã trở thành một phần không thể thiếu trong lịch trình của Microsoft.","Được phát hành cố định vào thứ ba tuần thứ hai mỗi tháng, bản cập nhật mang tên Patch Tuesday này nhằm mục đích cung cấp các bản vá lỗi và bảo mật cho các phiên bản Windows . Tuy nhiên, có bao giờ mọi người đặt câu hỏi rằng: ""Tại sao Microsoft lại chọn thứ ba để phát hành các bản cập nhật, thay vì bất kỳ ngày nào khác trong tuần?"". “Patch Tuesday” được Microsoft duy trì lịch phát hành cố định trong suốt hơn 20 năm qua ẢNH: BLEEPING COMPUTER Lý do rất đơn giản: Việc không phát hành vào thứ hai cho phép các quản trị viên CNTT có thời gian để xem xét các vấn đề phát sinh từ tuần trước, thậm chí là từ cuối tuần. Thứ ba trở thành lựa chọn lý tưởng, vì khi Microsoft phát hành các bản cập nhật vào lúc 10 giờ sáng, các quản trị viên CNTT sẽ có cả tuần để triển khai, theo dõi tác động và xử lý các sự cố có thể xảy ra. Microsoft cũng theo dõi các lỗi được khách hàng báo cáo, từ doanh nghiệp đến người tiêu dùng, để phát triển các bản vá và phát hành chúng ngoài lịch trình nếu cần thiết. Chiến lược cập nhật giúp Microsoft giảm rủi ro lỗi Với việc các bản cập nhật được phát hành hằng tháng, chúng thường lớn hơn và quan trọng hơn, giúp các quản trị viên CNTT không phải luôn trong trạng thái cảnh giác để triển khai các bản vá nhỏ ngay lập tức. Mặc dù xu hướng tích hợp trí tuệ nhân tạo (AI) vào các hệ thống ngày càng gia tăng, Microsoft đã sử dụng công nghệ AI trong gần một thập kỷ qua để đảm bảo quá trình cập nhật Patch Tuesday diễn ra suôn sẻ. Ông John Cable, Phó chủ tịch phụ trách Quản lý sản phẩm, dịch vụ và phân phối Windows của Microsoft, đã chia sẻ vào năm 2018 rằng: ""Chúng tôi liên tục thu thập dữ liệu về trải nghiệm cập nhật và điều chỉnh các mô hình của mình để xác định thiết bị nào sẽ có trải nghiệm cập nhật tích cực và thiết bị nào cần chờ đợi cho đến khi có độ tin cậy cao hơn"". Mục tiêu của Microsoft là đảm bảo các bản cập nhật an toàn và đáng tin cậy, tiến hành nhanh nhất có thể mà vẫn an toàn. Mặc dù lịch trình cập nhật được lên kế hoạch tỉ mỉ giúp các quản trị viên CNTT và tổ chức có thêm thời gian chuẩn bị, nhưng thực tế cho thấy quy trình này không hoàn hảo. Dù đã có kế hoạch, thử nghiệm và thu thập phản hồi từ khách hàng, lỗi vẫn có thể xảy ra, một vấn đề có thể hiểu được khi phát triển một hệ điều hành phục vụ hàng trăm triệu người dùng.",,"Windows, bản cập nhật, Patch Tuesday, hệ điều hành",https://images2.thanhnien.vn/thumb_w/640/528068263637045248/2026/1/24/1-17692388785591587898401.jpg,"[""https://images2.thanhnien.vn/thumb_w/640/528068263637045248/2026/1/24/1-17692388785591587898401.jpg""]",,2026-01-24T14:40:00+07:00,2026-07-03T14:34:32.508850,Công nghệ,,,,
185250829161420242,https://thanhnien.vn/dong-thai-moi-cua-apple-tai-trung-quoc-185250829161420242.htm,thanhnien.vn,,,,,,Động thái mới của Apple tại Trung Quốc,"Lần đầu tiên Apple mở cửa hàng trực tuyến trên ứng dụng Douyin (TikTok phiên bản Trung Quốc), đánh dấu bước ""tiến hóa"" thứ ba sau gần 20 năm hoạt động tại thị trường quan trọng này.","Ngày 29.8, người dùng Douyin của Trung Quốc bất ngờ phát hiện Apple đã mở tài khoản trên mạng xã hội video ngắn và Apple Store online trên nền tảng. Điều này đánh dấu sự mở rộng hơn nữa của nhà sản xuất iPhone tại thị trường Trung Quốc. Việc mở cửa hàng trên Douyin cho phép người dùng có thể mua sắm các sản phẩm mới nhất từ mạng xã hội trong khi vẫn được hưởng đầy đủ dịch vụ chuyên nghiệp và bảo hành chính hãng từ Apple. Một Apple Store tại Trung Quốc ẢNH: APPLE Apple cho biết việc mở Apple Store trên nền tảng của ByteDance mở ra một kênh mua sắm mới, thuận tiện cho người tiêu dùng và làm phong phú thêm hệ sinh thái nội dung của Douyin Mall. Trên cửa hàng online mới mở, người dùng có thể tìm kiếm, mua các sản phẩm từ iPhone, iPad, MacBook đến AirPods, Apple Watch và nhiều phụ kiện chính hãng khác. Đặc biệt, khách hàng cũng có thể nhận được hướng dẫn mua sắm trực tiếp và các đề xuất được cá nhân hóa từ chuyên gia Apple thông qua tính năng trò chuyện trực tiếp. Ngoài ra, cửa hàng flagship của Apple Store trên Douyin cũng sẽ thường xuyên đăng nội dung video ngắn do chính Apple sản xuất nhằm giúp người dùng hiểu sâu hơn về sản phẩm, cách sử dụng, ứng dụng thực tế trong cuộc sống. Mục tiêu của Apple là nâng cao trải nghiệm của người dùng, hướng đến mục tiêu ""xem mà học, học mà mua"". Từ việc mở cửa hàng vật lý đầu tiên đến việc ""chuyển nhà"" đến mạng xã hội video ngắn Douyin, Apple đã có những bước tiến dài trong gần 20 năm bán lẻ tại thị trường Trung Quốc. Từ triết lý bán sản phẩm, giờ đây nhà sản xuất iPhone chuyển sang chiến lược ""kết bạn mọi lúc, mọi nơi"". Quay về năm 2008 khi Apple Store đầu tiên được mở tại khu phố Sanlitun, Bắc Kinh, Apple từng khiến nhiều người Trung Quốc tò mò. Họ xếp hàng vào xem iPhone nhiều hơn để mua iPhone. Bắt đầu từ đó, những sản phẩm công nghệ gắn logo ""táo khuyết"" dần trở nên quen thuộc với người dùng nơi đây. Đến năm 2014, Apple tiếp tục có bước đi quan trọng khi gia nhập sàn thương mại điện tử Tmall. Đây là cột mốc đánh dấu lần đầu tiên nhà sản xuất iPhone đưa trải nghiệm mua sắm ngoại tuyến lên trên màn hình điện thoại di động. Khi đó thứ Apple bán không còn là sự tò mò, mới lạ mà nhấn mạnh vào các yếu tố như ""an tâm, sản phẩm chính hãng"". Chiến thuật này đã giúp Apple loại bỏ được nhiều rắc rối liên quan đến vấn nạn hàng xách tay nhập khẩu. Theo các chuyên gia, việc mở cửa hàng chính hãng trên Douyin thoạt nhìn chỉ là kênh bổ sung trong tham vọng bao phủ thị trường của Apple. Tuy nhiên, nếu nhìn lại quá trình hãng hoạt động tại Trung Quốc có thể thấy đây là lần ""tiến hóa"" thứ ba trong chiến lược bán lẻ của Apple tại thị trường quan trọng này. Từ triết lý ""tôi mở cửa hàng, bạn ghé mua"" đến ""bạn ở đâu cửa hàng Apple ở đó"", nhà sản xuất iPhone cho thấy họ liên tục thay đổi để thích ứng với thói quen mua sắm của người dùng Trung Quốc. Đây cũng là minh chứng cho thấy Apple liên tục thay đổi và nhắm đến nhóm khách hàng mới, đặc biệt người dùng trẻ.",,"Apple, trung quốc, Apple Store, mạng xã hội, nhà sản xuất iPhone, Iphone",https://images2.thanhnien.vn/thumb_w/640/528068263637045248/2025/8/29/apple-jingan-china-media-preview-storefrontfull-bleed-imagejpglarge-17564614929701054821870.jpg,"[""https://images2.thanhnien.vn/thumb_w/640/528068263637045248/2025/8/29/apple-jingan-china-media-preview-storefrontfull-bleed-imagejpglarge-17564614929701054821870.jpg""]",,2025-08-31T11:44:00+07:00,2026-07-03T14:34:32.649256,Công nghệ,,,,
185260315155705521,https://thanhnien.vn/nghien-cuu-moi-he-lo-vi-sao-pin-lithium-ion-co-the-hong-dot-ngot-185260315155705521.htm,thanhnien.vn,,,,,,Nghiên cứu mới hé lộ vì sao pin lithium-ion có thể hỏng đột ngột,Các nhà khoa học đã tiến hành nghiên cứu để quan sát sự phát triển của các cấu trúc kim loại nhỏ có tên gọi là dendrite lithium bên trong pin lithium-ion.,"Dendrite lithium thường phát triển trên cực dương và nếu chúng dài đủ có thể xuyên qua lớp ngăn cách bên trong, dẫn đến đoản mạch và hư hại pin. Đây là phát hiện giúp giải quyết nguyên nhân gây hỏng pin và hiện tượng đoản mạch nguy hiểm có thể xảy ra với pin lithium-ion . Các nhà nghiên cứu đã phát triển các nền tảng chuyên dụng để kiểm tra hành vi cơ học của các nhánh tinh thể lithium ẢNH: Viện Công nghệ New Jersey Mặc dù đã có nhiều nghiên cứu về các nhánh tinh thể này, nhưng hành vi cơ học của chúng trong quá trình phát triển bên trong pin hoạt động vẫn chưa được hiểu rõ. Việc quan sát dendrite rất khó khăn do chúng hình thành ở cấp độ nano và nằm trong các tế bào pin kín. Trong nghiên cứu mới, các nhà khoa học từ Mỹ và Singapore đã kết hợp thí nghiệm và mô phỏng để nắm bắt cách các nhánh tinh thể hình thành và hoạt động. Để kiểm tra cấu trúc, nhóm nghiên cứu đã phát triển các nền tảng thí nghiệm chuyên dụng có khả năng phân lập và thử nghiệm các nhánh tinh thể dendrite từ pin đang hoạt động. Do lithium dễ phản ứng, các mẫu phải được xử lý trong môi trường kín để tránh tiếp xúc với không khí. Nghiên cứu sinh tại Đại học Rice (Mỹ), Boyu Zhang, cho biết: ""Chúng tôi đã phát triển các nền tảng chuẩn bị mẫu và đặc tính cơ học tùy chỉnh cho công việc này"". Cấu trúc nhỏ hơn sợi tóc 100 lần có thể làm hỏng pin lithium-ion Theo báo cáo được công bố trên tạp chí Science , các nhà nghiên cứu đã sử dụng kính hiển vi điện tử độ phân giải cao để quan sát cách các nhánh tinh thể biến dạng dưới tác động của lực, cho phép phân tích độ bền và hành vi cấu trúc của chúng. Theo phát hiện, các nhánh tinh thể lithium rất nhỏ, mỏng hơn khoảng 100 lần so với chiều rộng của một sợi tóc người và phát triển từ cực dương trong suốt chu kỳ sạc pin. Sự phát triển của chúng đã được liên kết với sự suy giảm hiệu suất pin và các rủi ro an toàn. Máy bay hạ cánh khẩn vì cháy pin lithium trong hành lý xách tay Xing Liu, trợ lý giáo sư tại Viện Công nghệ New Jersey (Mỹ), cho biết: ""Các nhánh tinh thể lithium được công nhận là một trong những trở ngại lớn nhất đối với việc thương mại hóa pin lithium-kim loại"". Trái với suy nghĩ trước đây rằng các nhánh này mềm và dẻo, nghiên cứu cho thấy chúng thực chất cứng và giòn, dễ gãy dưới tác động của lực. Khi các nhánh phát triển, chúng được phủ một lớp mỏng gọi là lớp giao diện điện phân rắn (SEI), làm cho chúng cứng hơn và có hình dạng giống như kim. Điều này có thể làm thủng màng ngăn và chất điện phân của pin, từ đó làm tăng nguy cơ đoản mạch . Khi bị vỡ, các mảnh vỡ tích tụ thành lithium chết bên trong pin và làm giảm hiệu suất pin. Liu nhấn mạnh: ""Hiện không có phương pháp thực tế nào để loại bỏ các nhánh tinh thể khỏi một cell pin đang hoạt động"". Tuy nhiên, việc hiểu rõ cách các cấu trúc này hình thành và bị phá vỡ có thể giúp các kỹ sư thiết kế ra những loại pin thế hệ tiếp theo an toàn hơn. Những phát hiện từ nghiên cứu cũng có thể định hướng các chiến lược như điều chỉnh vật liệu cực dương hoặc sử dụng hợp kim lithium để hạn chế gãy giòn và sự phát triển của các nhánh tinh thể.",,"Dendrite lithium, Đoản mạch, nghiên cứu, tinh thể lithium, chu kỳ sạc",https://images2.thanhnien.vn/thumb_w/640/528068263637045248/2026/3/15/1-17735645656181110968506.jpg,"[""https://images2.thanhnien.vn/thumb_w/640/528068263637045248/2026/3/15/1-17735645656181110968506.jpg""]",,2026-03-18T20:52:00+07:00,2026-07-03T14:34:32.889929,Công nghệ,,,,
185260502113325489,https://thanhnien.vn/trai-nghiem-chup-anh-voi-camera-zeiss-tren-vivo-v70-185260502113325489.htm,thanhnien.vn,,,,,,Trải nghiệm chụp ảnh với camera ZEISS trên vivo V70,"Không đặt trọng tâm vào cấu hình thuần túy, vivo V70 được xây dựng theo hướng phục vụ tốt hơn cho nhu cầu chụp ảnh hằng ngày.","Ở nhóm smartphone cận cao cấp, khác biệt giữa các sản phẩm ngày càng khó tạo ra nếu chỉ nhìn vào màn hình, thiết kế hay hiệu năng. Phần lớn máy hiện nay đều đủ nhanh cho nhu cầu phổ thông, đủ mỏng để tạo cảm giác cao cấp và đủ đẹp để dễ gây thiện cảm từ cái nhìn đầu tiên. Vì vậy, thứ quyết định bản sắc của một mẫu máy thường nằm ở trải nghiệm sử dụng cụ thể. Với vivo V70 , hãng chọn đặt trọng tâm vào camera, rõ nhất là cụm ZEISS ở mặt lưng và hệ thống ống kính gồm camera chính 50 MP có chống rung quang học OIS, tele 50 MP và camera siêu rộng 8 MP; phía trước là camera selfie 50 MP lấy nét tự động. Về mặt thông số, đây là một cấu hình đủ cho thấy V70 không muốn chỉ đứng ở vị trí ""chụp ổn"", mà muốn tiến gần hơn tới một chiếc điện thoại thiên về hình ảnh trong tầm giá. Thiết kế mặt lưng nổi bật của vivo V70 và v70 FE ẢNH: KHẢI MINH Điều đáng chú ý là vivo không chỉ gắn ZEISS như một yếu tố nhận diện. Cách hãng xây dựng sản phẩm cho thấy camera mới là phần được ưu tiên kể chuyện. V70 được nhấn vào khả năng tele 3x quang học, zoom số 10x cũng như khung viền hợp kim nhôm. Những chi tiết này, nếu nhìn riêng lẻ, có thể dễ bị xem là ngôn ngữ tiếp thị quen thuộc. Nhưng khi nhìn vào ảnh chụp thực tế, có thể thấy V70 ít nhất cũng đang cố tạo ra một hướng dùng rõ ràng hơn là chỉ trang bị camera để đủ thông số. Kích thước nhỏ gọn với các góc được bo cong sẽ giúp thao tác chụp ảnh dễ dàng hơn ẢNH: KHẢI MINH Từ những ảnh chụp thực tế, có thể thấy vivo V70 theo đuổi kiểu xử lý khá bắt mắt. Ảnh ngoài trời có màu sắc tươi, độ tương phản rõ, bầu trời và mảng cây lá thường được làm nổi lên thay vì giữ hoàn toàn trung tính. Đây là kiểu xử lý dễ tạo thiện cảm ngay khi xem trên màn hình điện thoại, đặc biệt với người dùng thích chụp xong là đăng. Bù lại, sự bắt mắt đó đôi khi cũng làm ảnh rời nhẹ khỏi cảm giác thật của bối cảnh, V70 ưu tiên ảnh có tính trình bày tốt hơn là cố giữ sự trung tính tuyệt đối. Một số hình ảnh chụp ban ngày với camera chính của vivo V70 ẢNH: KHẢI MINH Đó là lựa chọn không mới, nhưng hợp lý với nhóm người dùng mà dòng V hướng tới. Một chiếc điện thoại thiên chụp ảnh cho số đông thường không cần quá kỹ tính theo kiểu máy ảnh, mà quan trọng là ảnh ra đủ sắc, đủ sáng, màu da dễ nhìn và bố cục có nhiều không gian sáng tạo hơn nhờ tiêu cự linh hoạt. V70 có vẻ đang đi đúng công thức đó. Phần đáng nói nhất trên vivo V70 vẫn là ống kính tele 50 MP. Trên lý thuyết, camera này hỗ trợ zoom quang 3x và được đặt như một trong những điểm nhấn chính của sản phẩm. Trên thực tế, đây cũng là thành phần giúp V70 khác hơn so với khá nhiều smartphone cùng tầm giá, nơi camera tele vẫn chưa phải trang bị phổ biến. Một số hình ảnh chụp bằng camera tele và zoom của vivo V70 ẢNH: KHẢI MINH Qua các ảnh chụp hoa, máy bay, chân dung hay vật nuôi, tele trên V70 cho thấy giá trị rõ ràng hơn so với kiểu zoom để có thêm lựa chọn. Khi chụp hoa, tiêu cự dài giúp gom khung hình gọn hơn, tách chủ thể khỏi hậu cảnh dễ hơn và giữ được cảm giác nổi khối khá rõ. Với ảnh máy bay, camera tele không biến chiếc điện thoại thành công cụ chụp siêu xa, nhưng đủ để mở ra một kiểu ảnh mà camera chính khó làm tốt nếu chỉ crop. Còn với chân dung, đây là nơi lợi thế thể hiện rõ nhất: khuôn mặt lên thuận mắt, phối cảnh bớt méo, nền lùi ra sau tự nhiên hơn và khung hình có cảm giác đúng tiêu cự hơn cho ảnh. Một số hình ảnh chụp chân dung bằng vivo V70 ẢNH: KHẢI MINH Ảnh chân dung từ V70 cũng cho thấy máy thiên về hướng nịnh mắt. Tông da sáng, gương mặt được làm nổi khá rõ, nền xóa vừa phải và tổng thể ảnh phù hợp với thói quen chia sẻ mạng xã hội. Đây là điểm mạnh nếu nhìn từ góc độ sử dụng phổ thông. Tuy nhiên, với người thích ảnh thật màu hoặc muốn hệ camera giữ nguyên cá tính ánh sáng của bối cảnh, V70 có thể vẫn hơi ưu tiên xử lý phần mềm. Sự dễ nhìn của ảnh trong nhiều trường hợp đến từ cách máy tăng tương phản và tinh chỉnh màu khá chủ động. Tựu trung, vivo V70 không tạo cảm giác là một cú nhảy vọt lớn về nhiếp ảnh di động, nhưng đây là một mẫu máy có hướng đi cụ thể. Điểm đáng giá nhất không nằm ở việc camera mạnh tới đâu mà ở chỗ máy tạo ra được một trải nghiệm chụp ảnh tương đối nhất quán: chất ảnh tươi sáng, màu sắc rõ ràng, chân dung nổi bật và tele thực sự có ích. Trong một thị trường đang có nhiều smartphone tầm trung vẫn dừng ở mức chụp ổn định, đó là một khác biệt đủ để V70 được chú ý.",,"camera phone, ZEISS, camera tele",https://images2.thanhnien.vn/528068263637045248/2026/5/2/edit_photo_tyofhbhjzw-1777700096.jpg,"[""https://images2.thanhnien.vn/528068263637045248/2026/5/2/edit_photo_tyofhbhjzw-1777700096.jpg"", ""https://images2.thanhnien.vn/528068263637045248/2026/5/2/edit_photo_agwkmscpmh-1777700096.jpg"", ""https://images2.thanhnien.vn/528068263637045248/2026/5/2/edit_photo_hlojgzcdhc-1777700096.jpg"", ""https://images2.thanhnien.vn/528068263637045248/2026/5/2/edit_photo_sqqhtrpnuk-1777700096.jpg"", ""https://images2.thanhnien.vn/528068263637045248/2026/5/2/edit_photo_xpraavxdvz-1777700096.jpg"", ""https://images2.thanhnien.vn/528068263637045248/2026/5/2/edit_photo_lcpfxlsbmw-1777700096.jpg"", ""https://images2.thanhnien.vn/528068263637045248/2026/5/2/edit_photo_oxiiazrpmh-1777700096.jpg"", ""https://images2.thanhnien.vn/528068263637045248/2026/5/2/edit_photo_utmyvzgolh-1777700096.jpg"", ""https://images2.thanhnien.vn/528068263637045248/2026/5/2/edit_photo_eeipobzupx-1777700096.jpg"", ""https://images2.thanhnien.vn/528068263637045248/2026/5/2/edit_photo_rkxhgblsof-1777700096.jpg"", ""https://images2.thanhnien.vn/528068263637045248/2026/5/2/edit_photo_ykollvpksp-1777700096.jpg""]",,2026-05-02T19:01:00+07:00,2026-07-03T14:34:33.852038,Công nghệ,,,,
185250815150230255,https://thanhnien.vn/nhung-mau-robot-apple-co-the-dang-phat-trien-185250815150230255.htm,thanhnien.vn,,,,,,Những mẫu robot Apple có thể đang phát triển,"Apple được cho là đang lên kế hoạch sản xuất loạt thiết bị mới đầy tham vọng, trong đó có robot được tích hợp trợ lý Siri được nâng cấp như người thật, loa thông minh có màn hình và camera an ninh gia đình.","Bloomberg dẫn nguồn tin thân cận cho biết robot của Apple dự kiến ra mắt vào năm 2027, trong khi đó loa thông minh có màn hình sẽ ra mắt năm sau. Đây là một phần trong nỗ lực thúc đẩy các thiết bị nhà thông minh giá rẻ. Hãng cũng đặt cược vào cơ hội tăng trưởng mới - camera an ninh. Apple chưa đưa ra bình luận. Cổ phiếu công ty đã tăng vọt sau khi thông tin được đăng tải. Các nhà phân tích cho rằng cách tiếp cận này sẽ giúp sản phẩm của hãng trở nên gắn bó hơn với người dùng. Robot thông minh như người Thông tin Apple làm robot đã rộ lên từ năm ngoái. Khi đó truyền thông phương Tây cho rằng hãng đang phát triển mã sản phẩm mới tên J595. Giờ đây, mọi thứ trở nên rõ ràng hơn. Đây có thể là robot để bàn, trông như một chiếc iPad có thể di chuyển, xoay và đổi vị trí để dõi theo các chuyển động của người dùng. Nó cũng có thể quay về phía người đang nói thậm chí thu hút sự chú ý của người đối diện. Khách hàng có thể đặt robot trên bàn làm việc, quầy bếp và dùng nó để làm việc, giải trí hoặc quản lý công việc. Thiết bị sẽ được trang bị thêm chức năng gọi FaceTime. Trong một cuộc họp, robot có thể di chuyển quanh khán phòng. Các nhà phân tích kỳ vọng Apple sẽ đưa AI vào cuộc sống theo cách các nhà sản xuất phần cứng khác chưa làm được. Minh họa robot của Apple được vẽ bởi ChatGPT của OpenAI Điểm nổi bật của robot là bản nâng cấp trợ lý Siri , cho phép trợ lý ảo tự tham gia vào các cuộc trò chuyện giữa người với người, tương tác cả ngày và dễ dàng ghi nhớ các thông tin quan trọng. Về tổng thể, robot sẽ hiện diện như một thành viên trong phòng. Nó có thể chen vào cuộc trò chuyện của nhóm bạn, bàn về kế hoạch ăn tối, gợi ý các nhà hàng gần đó hoặc công thức nấu ăn. Thiết bị cũng có thể thảo luận về việc lên kế hoạch cho chuyến du lịch hoặc nhiệm vụ đặc biệt, tương tự cách trợ lý giọng nói của OpenAI phát triển. Ngoài ra, Apple được cho đang phát triển thêm một robot có bánh xe, tương tự Astro của Amazon. Hãng cũng đã thảo sơ bộ về các mô hình robot hình người và có một nhóm phát triển cánh tay cơ khí lớn dùng trong sản xuất, xử lý công việc ở cửa hàng bán lẻ. Tuy nhiên có thể phải mất vài năm nữa những robot này mới ra mắt. Nỗ lực tìm lại hào quang của Apple Theo Bloomberg, Apple đang cố gắng khôi phục lại sức hút của mình sau khi dự án Vision Pro thất bại về doanh số. Trong khi đó, thiết kế của những sản phẩm chủ lực gần như không thay đổi trong nhiều năm. Apple cũng đang bị chỉ trích vì bỏ lỡ cuộc cách mạng Gen AI. OpenAI thậm chí có lúc đe dọa vị thế của Apple khi phát triển các thiết bị AI với sự trợ giúp của cựu Giám đốc thiết kế Apple Jony Ive. Trong cuộc họp với nhân viên mới đây, CEO Tim Cook nói rằng Apple phải chiến thắng trong cuộc đua AI và hé lộ về các thiết bị sắp ra mắt. ""Tôi chỉ có thể nói rằng dòng sản phẩm mới thật tuyệt vời. Các bạn sẽ sớm thấy chúng, một số sẽ đến sau nhưng còn rất nhiều điều để chờ đón"", Bloomberg dẫn lời CEO Tim Cook. Ngoài các thiết bị gia dụng, Apple được cho là đang chuẩn bị ra mắt iPhone mỏng hơn. Hãng có thể giới thiệu thêm kính thông minh, điện thoại màn hình gập, mẫu iPhone đặc biệt kỷ niệm 20 năm và tai nghe không dây N100 được cải tiến. Apple cũng đang lên kế hoạch cho thiết bị màn hình gập cỡ lớn kết hợp MacBook và iPad. Sau nhiều năm tăng trưởng chậm, Apple đang tìm cách thúc đẩy doanh số các sản phẩm chủ lực. Một số dự án thử nghiệm như xe tự lái bị hủy đã tạo thêm áp lực buộc họ phải tìm kiếm các nguồn doanh thu khác. Hơn nữa, các sáng kiến mới này sẽ giúp bác bỏ quan điểm cho rằng công ty không còn đổi mới.",,"Tim Cook, robot, Iphone, Apple Vision Pro, OPENAI",https://images2.thanhnien.vn/thumb_w/640/528068263637045248/2025/8/15/chatgpt-image-aug-15-2025-at-032359-pm-1755246325000113221975.png,"[""https://images2.thanhnien.vn/thumb_w/640/528068263637045248/2025/8/15/chatgpt-image-aug-15-2025-at-032359-pm-1755246325000113221975.png""]",,2025-08-16T07:38:00+07:00,2026-07-03T14:34:34.029507,Công nghệ,,,,
185240805102707224,https://thanhnien.vn/smartphone-gia-re-se-co-ai-5g-tu-cuoi-nam-nay-185240805102707224.htm,thanhnien.vn,,,,,,"Smartphone giá rẻ sẽ có AI, 5G từ cuối năm nay",Sự phát triển của ngành công nghiệp chip di động mở ra cơ hội để các nhà sản xuất đưa trí tuệ nhân tạo (AI) và 5G lên những thế hệ smartphone giá rẻ.,"Smartphone giá rẻ hiện nay thường bị cắt giảm nhiều tính năng, cấu hình được cho là ""không cần thiết"" nhằm tiết kiệm chi phí sản xuất, phục vụ cho những nhu cầu cơ bản của nhóm người dùng mới lần đầu tiếp cận điện thoại thông minh hoặc yêu cầu không quá khắt khe. Tuy nhiên, điều này có thể thay đổi trong tương lai gần khi trí tuệ nhân tạo, mạng 5G dự kiến sẽ có mặt trên các thiết bị này trong tương lai gần. Tại sự kiện Computex 2024 diễn ra ở Đài Loan vào tháng 6 qua, hãng sản xuất chip MediaTek đã trình làng khả năng xử lý văn bản thành hình ảnh hoặc video trực tiếp trên điện thoại nhờ bộ xử lý Dimensity 9300 series của hãng. AI sẽ giúp tối ưu và tăng chất lượng giải trí, hiệu năng trên các smartphone giá rẻ Chụp màn hình Trên thị trường mới đây, Oppo giới thiệu loạt smartphone tầm trung Reno12 mới sử dụng chip Dimensity 7300 series có hỗ trợ 5G lẫn khả năng xử lý AI. Đây là một những điện thoại thông minh tầm trung đầu tiên trên thị trường Việt Nam được tích hợp công nghệ trí tuệ nhân tạo, không chỉ giới hạn ở phân khúc cao cấp như trước đây. Điều này cho thấy ""cơn sóng"" AI và 5G đang dần lan tỏa tới các thế hệ máy rẻ hơn khi công nghệ sản xuất chip xử lý di động ngày càng phát triển. Mới đây nhất, Qualcomm - một trong những nhà sản xuất chip di động hàng đầu cũng ra mắt phiên bản bộ xử lý Snapdragon 4s Gen 2, sẽ được sử dụng trên các smartphone giá rẻ. Đáng chú ý, con chip này có thể hỗ trợ các tính năng AI, 5G như trên những điện thoại tầm trung hoặc cao cấp hiện nay, dù hiệu năng xử lý có thể khác biệt. Snapdragon 4s Gen 2 là bản nâng cấp của thế hệ 4 Gen 2 ra mắt tháng 7 năm ngoái, sản xuất trên tiến trình 4nm giúp tăng hiệu suất và tiết kiệm năng lượng hơn. Bộ xử lý có 8 lõi, trong đó 2 lõi hiệu suất cao, cho xung nhịp tối đa 2 GHz để phục vụ các tác vụ nặng, còn lại 6 lõi tiết kiệm năng lượng, xung nhịp tối đa 1,8 GHz. Modem 5G trên sản phẩm này cho tốc độ tải về (download) tới 1 Gbps, hỗ trợ thêm kết nối Wi-Fi 5, Bluetooth 5.1, băng tần kép NavIC... Nhà sản xuất cho biết Snapdragon 4s Gen 2 có trang bị Engine AI để phục vụ tính năng trí tuệ nhân tạo trên smartphone giá rẻ như tăng chất lượng âm thanh, cuộc gọi, chơi game, nghe nhạc... Theo dự kiến, những smartphone giá rẻ đầu tiên có Snapdragon 4s Gen 2 sẽ ra mắt trong nửa cuối năm nay, với Xiaomi là ứng viên sáng giá sẽ tung ra sớm nhất.",,"trí tuệ nhân tạo, điện thoại thông minh, tiết kiệm năng lượng",https://images2.thanhnien.vn/thumb_w/640/528068263637045248/2024/8/5/snapdragon-778-5g-tgdd-1-231313-61280x720-800-resize-17228286385441828099036.jpg,"[""https://images2.thanhnien.vn/thumb_w/640/528068263637045248/2024/8/5/snapdragon-778-5g-tgdd-1-231313-61280x720-800-resize-17228286385441828099036.jpg""]",,2024-08-05T12:03:00+07:00,2026-07-03T14:34:34.330602,Công nghệ,,,,
185260208181347921,https://thanhnien.vn/suc-manh-iphone-va-galaxy-lep-ve-truoc-smartphone-trung-quoc-185260208181347921.htm,thanhnien.vn,,,,,,Sức mạnh iPhone và Galaxy 'lép vế' trước smartphone Trung Quốc,"Năm 2025 chứng kiến sự bùng nổ của smartphone với sức mạnh vượt trội, đặc biệt là từ chip Snapdragon 8 Elite Gen 5.","Snapdragon 8 Elite Gen 5 không chỉ cạnh tranh với ""ông vua hiệu năng"" lâu năm của Apple, dòng chip A-series, mà còn vượt mặt trong một số trường hợp. Điều đáng chú ý là ba chiếc smartphone mạnh nhất năm nay đều đến từ Trung Quốc mà không phải những cái tên quen thuộc. RedMagic 11 Pro cho điểm số ấn tượng trên Geekbench 6 ẢNH: PHONEARENA Chiếc smartphone đứng đầu bảng xếp hạng là RedMagic 11 Pro, với điểm số ấn tượng 11.638 trong bài kiểm tra đa nhân trên Geekbench 6 và được ghi nhận mang đến kết quả cao nhất mà bất kỳ chiếc điện thoại nào từng đạt được. Bí quyết cho sự thành công này đến từ hệ thống làm mát bằng chất lỏng độc đáo, vốn giúp Snapdragon 8 Gen 5 Elite hoạt động hiệu quả hơn. Vị trí thứ hai thuộc về Nubia Z80 Ultra, với điểm số đơn nhân Geekbench ngang bằng với iPhone 17 Pro Max , nhưng lại vượt trội hơn trong bài kiểm tra đa nhân. Đứng ở vị trí thứ ba là OnePlus 15, một mẫu điện thoại phổ biến và được bán tại nhiều thị trường quốc tế. OnePlus 15 được trang bị hệ thống làm mát bằng buồng hơi tinh vi giúp mang lại hiệu năng CPU đa nhân vượt trội so với các điện thoại cao cấp mới nhất của Apple. Đừng để hiệu năng đánh lừa khi mua smartphone Lưu ý rằng sức mạnh thô không phải lúc nào cũng là yếu tố quyết định trong việc lựa chọn smartphone. Hai mẫu điện thoại nổi bật khác trong năm 2025 là iPhone 17 Pro Max và Galaxy Z Fold 7. Những smartphone có sức ảnh hưởng nhất năm 2025 không phải là những sản phẩm mạnh mẽ nhất ẢNH: CHỤP MÀN HÌNH YOUTUBE Trong số này, iPhone 17 Pro Max đã có sự thay đổi trong thiết kế với giao diện Liquid Glass, còn Galaxy Z Fold7 chứng tỏ Samsung đã bắt kịp với các thiết bị gập siêu mỏng từ các công ty Trung Quốc. Nhìn chung, cuộc đua smartphone năm 2025 không chỉ là về hiệu năng mà còn là sự đổi mới trong thiết kế và công nghệ, nơi các công ty Trung Quốc tiếp tục chứng tỏ mình không phải là đối thủ dễ bắt nạt trên thị trường.",,"iPhone 17 Pro Max, Galaxy Z Fold7, RedMagic 11 Pro, Nubia Z80 Ultra, OnePlus 15",https://images2.thanhnien.vn/thumb_w/640/528068263637045248/2026/2/8/1-1770549070309699505281.jpg,"[""https://images2.thanhnien.vn/thumb_w/640/528068263637045248/2026/2/8/1-1770549070309699505281.jpg"", ""https://images2.thanhnien.vn/thumb_w/640/528068263637045248/2026/2/8/2-1770549009171805069143.jpg""]",,2026-02-09T09:12:00+07:00,2026-07-03T14:34:34.465226,Công nghệ,,,,
185260209065418408,https://thanhnien.vn/one-ui-85-bat-ngo-tre-hen-nguoi-dung-samsung-bat-dau-sot-ruot-185260209065418408.htm,thanhnien.vn,,,,,,"One UI 8.5 bất ngờ trễ hẹn, người dùng Samsung bắt đầu sốt ruột",Samsung chưa đưa ra thông báo về One UI 8.5 khiến cộng đồng người dùng Galaxy liên tục đặt câu hỏi về tiến độ.,"Samsung đã khởi động chương trình thử nghiệm One UI 8.5 beta vào đầu tháng 12 năm ngoái và thu hút sự quan tâm lớn từ người dùng dòng Galaxy S25 với những nâng cấp đáng chú ý. Tuy nhiên, kế hoạch triển khai đã bị trì hoãn khiến trải nghiệm này trở nên lỗi thời. Samsung chưa chốt ngày phát hành One UI 8.5 ẢNH: SAMMYFANS Bản beta đầu tiên của One UI 8.5 cho phép người dùng thử nghiệm các tính năng mới, bao gồm giao diện người dùng được thiết kế lại và khả năng tùy chỉnh bố cục bảng điều khiển nhanh. Mặc dù đã phát hành ba phiên bản beta, phiên bản thứ tư dự kiến ra mắt vào đầu tháng 1 đã bị hoãn hơn một tháng. Samsung cần thêm thời gian để kiểm tra và cải thiện phần mềm, nhưng sự chậm trễ này đã gây ra nhiều băn khoăn cho người dùng. One UI 8.5 'im lặng khó hiểu' Một người điều hành chương trình beta từ cộng đồng Samsung Hàn Quốc cho biết lịch trình phát hành có thể thay đổi tùy thuộc vào quá trình thử nghiệm, nhưng không đưa ra dự đoán cụ thể về thời điểm phát hành bản beta mới. Điều đáng lo ngại không chỉ đến từ sự chậm trễ của bản beta thứ tư mà còn là việc phát hành phiên bản cuối cùng. Đến tuần đầu tiên của tháng 2, vẫn chưa có thông tin về bản phát hành nào. Theo các báo cáo, One UI 8.5 dự kiến sẽ được triển khai bản chính thức đầu tiên trên dòng Galaxy S26 mà Samsung ra mắt vào ngày 25.2, đồng nghĩa với việc bản beta thứ tư sẽ được phát hành trong tuần tới, nếu không có thêm trì hoãn. Tuy nhiên, lịch trình phát hành của các phiên bản trước đó cho thấy One UI 8.5 có thể không được phát hành ngay lập tức cho các dòng cao cấp đã ra mắt, bao gồm cả Galaxy S25 . Hiện tại, Samsung vẫn chưa đưa ra thông báo chính thức về sự chậm trễ này càng khiến người dùng cảm thấy không khỏi lo lắng.",,"Samsung, bản cập nhật, Galaxy S25, hệ điều hành di động",https://images2.thanhnien.vn/thumb_w/640/528068263637045248/2026/2/8/3-17705947418271410122602.jpg,"[""https://images2.thanhnien.vn/thumb_w/640/528068263637045248/2026/2/8/3-17705947418271410122602.jpg""]",,2026-02-09T11:37:00+07:00,2026-07-03T14:34:35.238327,Công nghệ,,,,
185260119132211202,https://thanhnien.vn/ipod-touch-va-vai-tro-tham-lang-trong-lich-su-smartphone-185260119132211202.htm,thanhnien.vn,,,,,,iPod Touch và vai trò thầm lặng trong lịch sử smartphone,"Trước khi smartphone trở nên phổ biến, iPod Touch đã giúp hàng triệu người làm quen với màn hình cảm ứng và thế giới ứng dụng di động.","Khi nói đến lịch sử điện thoại di động ở những năm 2000, nhiều người ắt hẳn không thể quên những chiếc điện thoại Nokia và ""thông minh"" như BlackBerry. Tuy nhiên, iPod Touch mới thực sự là sản phẩm mở ra cánh cửa để người dùng tiếp cận với một ""smartphone"" thực sự. iPod Touch giúp người dùng hiểu rõ hơn về màn hình cảm ứng và ứng dụng di động ẢNH: IMORE Đó là giai đoạn mà nhiều người có thể hoài nghi về những chiếc smartphone đắt tiền nhưng lại sẵn sàng thử nghiệm iPod Touch với mức giá phải chăng. Nếu không có những thiết bị như iPod Touch, có lẽ sự phát triển của smartphone ngày nay đã không diễn ra nhanh chóng như vậy. Thời smartphone được xem là xa xỉ Khi iPod Touch ra mắt, hầu hết mọi người chưa sở hữu smartphone. Được ra mắt chỉ vài tháng sau iPhone đầu tiên với giá bán thấp hơn nhiều, iPod Touch thiếu đi chức năng gọi điện. Nhưng khi kết nối với Wi-Fi và sự xuất hiện của App Store , nhiều ứng dụng tương tự có thể hoạt động trên iPod Touch mang lại trải nghiệm gần như tương đương với iPhone. Một điểm nổi bật của iPod Touch là người dùng không cần hợp đồng điện thoại để sở hữu. Giá của iPod Touch 8 GB chỉ bằng một nửa so với iPhone 8 GB giúp mang lại giá trị lớn cho người dùng. Việc sở hữu iPod Touch cũng giúp người dùng làm quen với màn hình cảm ứng trước khi quyết định mua smartphone hay không. iPod Touch không chỉ là một thiết bị giải trí mà còn là một công cụ truy cập internet hoàn chỉnh. Sản phẩm được thiết kế để xem video, nghe nhạc và chơi game, đặc biệt khi ra mắt cùng thời điểm Netflix bắt đầu phát video trực tuyến. Mặc dù Netflix chỉ có mặt trên iOS vào năm 2010, người dùng vẫn có thể đồng bộ video vào iPod qua iTunes. iPod Touch đã mở cánh cửa cho người dùng đến với smartphone ẢNH: IMORE Giúp người dùng hiểu hơn về 'ứng dụng di động' Hơn nữa, iPod Touch đã định hình kỳ vọng về điện toán di động hiện đại, giúp người dùng làm quen với khái niệm ứng dụng. Khác với những điện thoại ""thông minh"" trước đó, iPod Touch mở ra một thế giới ứng dụng phong phú, tương tự như trên iPhone và iPad, giúp tạo nên một hệ sinh thái thống nhất của Apple. Dù đã ngừng sản xuất vào năm 2022, iPod Touch vẫn xứng đáng được ghi nhận là một sản phẩm mang tính đột phá. Với hàng trăm triệu thiết bị được bán ra và thế hệ cuối cùng ra mắt vào năm 2019, sự ảnh hưởng của iPod Touch vẫn còn mãi, dù nó có thể đã bị lãng quên trong thời đại smartphone hiện nay.",,"IPod Touch, ứng dụng di động, App store, Apple",https://images2.thanhnien.vn/thumb_w/640/528068263637045248/2026/1/19/1-17688035025851720686111.jpg,"[""https://images2.thanhnien.vn/thumb_w/640/528068263637045248/2026/1/19/1-17688035025851720686111.jpg"", ""https://images2.thanhnien.vn/thumb_w/640/528068263637045248/2026/1/19/2-17688035594281269813384.jpg""]",,2026-01-19T14:58:00+07:00,2026-07-03T14:34:35.338118,Công nghệ,,,,
185250704124135853,https://thanhnien.vn/tinh-nang-phat-hien-khoa-than-cua-ios-26-gay-phan-no-185250704124135853.htm,thanhnien.vn,,,,,,Tính năng phát hiện khỏa thân của iOS 26 gây phẫn nộ,Apple đang 'theo dõi' cuộc gọi FaceTime của người dùng? Tính năng chống khỏa thân mới gây bão dư luận.,"Theo 9to5Mac , một tính năng mới được phát hiện trong bản beta của iOS 26 đang gây ra một cuộc tranh cãi lớn trong cộng đồng người dùng Apple. Cụ thể, ứng dụng FaceTime dường như sẽ tự động ""đóng băng"" cả hình ảnh và âm thanh nếu phát hiện có người đang cởi bỏ quần áo trong cuộc gọi. Điều này đã làm dấy lên câu hỏi lớn: Đây là một bước tiến về an toàn hay một sự xâm phạm quyền riêng tư đáng lo ngại? Tính năng mới trên FaceTime của iOS 26 tạo ra phản ứng dữ dội Khám phá này được chia sẻ bởi tài khoản @iDeviceHelp trên nền tảng X (trước đây là Twitter), cho thấy khi FaceTime trên iOS 26 beta phát hiện nội dung khỏa thân, cuộc gọi sẽ ngay lập tức bị tạm dừng. Một thông báo sẽ hiện lên cho phép người dùng lựa chọn tiếp tục hoặc kết thúc cuộc gọi. FaceTime chặn FaceTime khi bắt gặp hành động khỏa thân ẢNH: CHỤP MÀN HÌNH 9TO5MAC Ngay lập tức, tính năng này đã vấp phải sự phản đối kịch liệt từ một bộ phận người dùng. Một bình luận được nhiều người đồng tình đã chỉ trích gay gắt: ""Họ không có quyền gì để áp đặt điều này lên người lớn. Không có chính phủ hay tổ chức doanh nghiệp nào có quyền xâm phạm quyền riêng tư của mọi người. Đây là một sự vượt quá giới hạn nghiêm trọng"". Sự khó hiểu nằm ở chỗ, tại hội nghị các nhà phát triển - WWDC diễn ra vào tháng trước, Apple đã công bố một tính năng tương tự nhưng nhấn mạnh rằng nó chỉ dành cho tài khoản trẻ em trong khuôn khổ tính năng ""Communication Safety"". Việc tính năng này đột nhiên có hiệu lực với cả người lớn trong bản beta khiến cộng đồng đặt ra nghi vấn: Liệu đây là một lỗi lập trình, hay Apple đang âm thầm mở rộng tính năng này cho tất cả mọi người? Trước những lo ngại về việc bị ""theo dõi"", cần phải làm rõ cách hoạt động của công nghệ này. Apple cho biết tính năng Communication Safety của hãng sử dụng học máy trên thiết bị (on-device machine learning). Điều này có nghĩa là toàn bộ quá trình phân tích và nhận dạng nội dung nhạy cảm diễn ra ngay trên chiếc iPhone. Apple không nhận được bất kỳ dữ liệu, hình ảnh, video hay thậm chí là một thông báo nào cho thấy nội dung khỏa thân đã được phát hiện. Về lý thuyết, quyền riêng tư của cuộc gọi vẫn được đảm bảo tuyệt đối khỏi máy chủ của Apple. Hiện tại, tương lai của tính năng gây tranh cãi này vẫn còn là một ẩn số. Cộng đồng công nghệ đang chờ xem liệu Apple sẽ sửa nó như một lỗi trong các bản beta tiếp theo, hay sẽ chính thức xác nhận đây là một tính năng mới cho tất cả người dùng trong phiên bản iOS 26 chính thức vào mùa thu này.",,"FaceTime, Riêng tư, dữ liệu, Tính năng, Cuộc gọi, IOS, công nghệ",https://images2.thanhnien.vn/thumb_w/640/528068263637045248/2025/7/4/audio-1751607692675936833071.jpg,"[""https://images2.thanhnien.vn/thumb_w/640/528068263637045248/2025/7/4/audio-1751607692675936833071.jpg""]",,2025-07-04T12:57:00+07:00,2026-07-03T14:34:35.438620,Công nghệ,,,,
18524102222172595,https://thanhnien.vn/samsung-tu-bo-ke-hoach-san-xuat-galaxy-z-fold-gia-re-18524102222172595.htm,thanhnien.vn,,,,,,Samsung từ bỏ kế hoạch sản xuất Galaxy Z Fold giá rẻ,Samsung được cho là đã từ bỏ giấc mơ 'phổ cập hóa' Galaxy Z Fold.,"Theo GSMArena , trong một động thái gây bất ngờ, Samsung được cho là đã hủy bỏ kế hoạch phát triển một phiên bản Galaxy Z Fold giá rẻ, bất chấp những tin đồn trước đó về việc hãng đang nghiên cứu một mẫu Z Fold FE (Fan Edition) với mức giá dễ tiếp cận hơn. Samsung Galaxy Z Fold giá rẻ sẽ không ra mắt? Thông tin này xuất hiện ngay sau khi Samsung trình làng Galaxy Z Fold Special Edition, phiên bản nâng cấp của Z Fold6 với nhiều cải tiến về thiết kế và camera. Có giá bán cao hơn Z Fold6 tiêu chuẩn, Special Edition được Samsung định vị là một lựa chọn cao cấp hơn, thay vì là phiên bản thay thế cho một mẫu máy giá rẻ. Samsung được cho là đã từ bỏ giấc mơ 'phổ cập hóa' Galaxy Z Fold ẢNH: CHỤP MÀN HÌNH EXTRA Nguyên nhân của quyết định bỏ cuộc Theo SamMobile , một quan chức giấu tên của Samsung cho biết hãng hiện không có kế hoạch ra mắt Galaxy Z Fold giá rẻ. Quyết định này có thể xuất phát từ nhiều nguyên nhân gồm: Kết quả thử nghiệm không đạt yêu cầu: Các mẫu Z Fold FE thử nghiệm không có sự khác biệt đáng kể về độ mỏng nhẹ so với các đối thủ đến từ Trung Quốc, đồng thời thiếu tính năng hỗ trợ bút S Pen. Thị trường biến động: Thị trường smartphone gập đang trong giai đoạn phát triển ban đầu với nhiều biến động khó lường. Tập trung vào phân khúc cao cấp: Samsung có thể đang muốn tập trung vào phân khúc cao cấp, nơi Galaxy Z Fold đang chiếm ưu thế, thay vì cạnh tranh trực tiếp với các thương hiệu Trung Quốc ở phân khúc giá rẻ. Mặc dù hiện tại Samsung chưa có kế hoạch ra mắt Z Fold giá rẻ, nhưng không loại trừ khả năng hãng sẽ thay đổi chiến lược trong tương lai, khi thị trường smartphone gập phát triển ổn định hơn và công nghệ sản xuất màn hình gập rẻ hơn.",,"trung quốc, Galaxy Z, Galaxy Z Fold, giá rẻ, smartphone gập, Phân khúc, kế hoạch",https://images2.thanhnien.vn/thumb_w/640/528068263637045248/2024/10/22/fold-17296103240801789028002.jpg,"[""https://images2.thanhnien.vn/thumb_w/640/528068263637045248/2024/10/22/fold-17296103240801789028002.jpg""]",,2024-10-23T08:05:00+07:00,2026-07-03T14:34:36.415427,Công nghệ,,,,
185260326181648344,https://thanhnien.vn/vi-sao-apple-chua-voi-trang-bi-camera-200-mp-cho-iphone-185260326181648344.htm,thanhnien.vn,,,,,,Vì sao Apple chưa vội trang bị camera 200 MP cho iPhone?,"Apple được cho là đang thử nghiệm cảm biến camera 200 MP cho các mẫu iPhone trong tương lai, đánh dấu bước chuyển đáng chú ý sau nhiều năm bị đối thủ Android bỏ xa.","Theo tiết lộ từ nguồn rò rỉ nổi tiếng Digital Chat Station trên Weibo, Apple đang đánh giá một cảm biến 200 MP cho iPhone có kích thước khoảng 1/1,12 inch. Đây là kích thước lớn hơn so với nhiều cảm biến 200 MP hiện có trên thị trường, vốn đang được các hãng như Samsung sử dụng trên dòng Galaxy S Ultra cao cấp. Apple vẫn đang thử nghiệm cảm biến 200 MP trên iPhone ẢNH: REUTERS Việc áp dụng cảm biến lớn hơn cho phép thu nhận nhiều ánh sáng hơn, từ đó cải thiện chất lượng ảnh, đặc biệt trong điều kiện thiếu sáng. Ngoài ra, độ phân giải cao cũng mở ra khả năng zoom ""không mất chi tiết"" ở mức 3x đến 4x bằng cách cắt trực tiếp từ ảnh gốc mà không cần phụ thuộc vào camera tele chuyên dụng. Dù vậy, báo cáo nói thêm rằng công nghệ này hiện vẫn trong giai đoạn thử nghiệm nội bộ. Bản thân Apple chưa đưa ra bất kỳ xác nhận chính thức nào, đồng thời chưa rõ thời điểm cảm biến 200 MP có thể xuất hiện trên các mẫu iPhone thương mại. Camera iPhone sắp bước sang giai đoạn mới Trong nhiều năm qua, Apple vẫn theo đuổi chiến lược tập trung vào xử lý hình ảnh thay vì tăng số megapixel. Các mẫu iPhone gần đây cũng chỉ sử dụng camera 48 MP , tuy nhiên được bổ sung thuật toán để cải thiện dải tương phản, màu sắc và chi tiết ảnh. Nhiều đối thủ Android đã áp dụng camera 200 MP trong nhiều năm ẢNH: ANDROID CENTRAL Cách tiếp cận này giúp iPhone duy trì chất lượng hình ảnh ổn định ngay cả khi thông số phần cứng thường thấp hơn so với nhiều đối thủ Android. Vì vậy, ngay cả khi thử nghiệm cảm biến 200 MP, Apple nhiều khả năng chỉ triển khai khi công nghệ này mang lại cải thiện rõ rệt trong trải nghiệm thực tế. Trong khi đó, các hãng điện thoại Android đã sớm phổ biến cảm biến 200 MP trên nhiều dòng máy cao cấp để trở thành điểm nhấn giúp phân biệt với iPhone. Đây là lý do buộc Apple phải cân nhắc giữa việc theo kịp xu hướng và duy trì triết lý tối ưu tổng thể vốn có. Giới phân tích cho rằng nếu được thương mại hóa, camera 200 MP có thể trở thành bước nâng cấp đáng kể cho iPhone trong vài năm tới, đặc biệt ở khả năng chụp chi tiết cao và zoom linh hoạt. Tuy nhiên, việc triển khai vẫn phụ thuộc vào mức độ hoàn thiện của phần cứng và phần mềm đi kèm.",,"Apple, camera, cảm biến 200 MP, Galaxy S26 Ultra, nhiếp ảnh di động",https://images2.thanhnien.vn/thumb_w/640/528068263637045248/2026/3/25/1-1774425243206238964163.jpg,"[""https://images2.thanhnien.vn/thumb_w/640/528068263637045248/2026/3/25/1-1774425243206238964163.jpg"", ""https://images2.thanhnien.vn/thumb_w/640/528068263637045248/2026/3/26/1-17745236588641115905939.jpg""]",,2026-03-26T18:56:00+07:00,2026-07-03T14:34:36.686527,Công nghệ,,,,
185250910153128504,https://thanhnien.vn/ai-giup-giam-ganh-nang-cho-nganh-van-chuyen-viet-mua-cuoi-nam-185250910153128504.htm,thanhnien.vn,,,,,,AI giúp 'giảm gánh nặng' cho ngành vận chuyển Việt mùa cuối năm,"Các giải pháp trí tuệ nhân tạo (AI) góp phần đáng kể trong việc điều phối, sắp xếp cũng như dự đoán thị trường, giúp doanh nghiệp logistics vận hành hiệu quả hơn, đặc biệt trong các dịp mua sắm cao điểm.","Thị trường thương mại điện tử Việt Nam năm 2024 đã có quy mô vượt mốc 25 tỉ USD (theo báo cáo của Vietnam Investment Review) đang tạo ra áp lực khổng lồ lên hạ tầng logistics, đặc biệt khi giai đoạn  mua sắm lớn nhất năm đang đến gần. Để đối phó với lượng đơn hàng có thể tăng đột biến, các doanh nghiệp vận chuyển đang mạnh tay đầu tư vào cả hạ tầng vật lý và các giải pháp công nghệ tự động hóa. Theo số liệu từ các đơn vị vận chuyển, trong những dịp cao điểm ưu đãi mua sắm như ""ngày đôi"" 9.9 hay 11.11, lượng đơn hàng thường tăng tối thiểu 20% so với ngày thường. Báo cáo từ PR Newswire cũng cho thấy, chỉ riêng trong ngày 11.11.2024, lượng đơn hàng tại khu vực Đông Nam Á tăng đến 73% so với cùng kỳ. J&T Express Việt Nam sẵn sàng cho mùa cao điểm mua sắm nửa cuối năm 2025 Ảnh: CTV Sự tăng trưởng này buộc các doanh nghiệp phải chuẩn bị trước nhiều tháng nếu không muốn đối mặt với nguy cơ quá tải, giao hàng chậm trễ. ""Chúng tôi xác định rõ áp lực tăng đơn hàng trong giai đoạn này là rất lớn, và chỉ khi có đủ hạ tầng cộng với công nghệ thì mới đảm bảo vận hành không bị đứt gãy"", ông Phan Bình, đại diện J&T Express Việt Nam, cho biết. Nâng cấp hạ tầng, tích hợp công nghệ Để chuẩn bị cho giai đoạn cao điểm từ tháng 9 đến cuối năm 2025, các doanh nghiệp logistics đã có những bước đi cụ thể. Một trong những động thái đáng chú ý là việc đầu tư vào phương tiện và các trung tâm trung chuyển quy mô lớn. Đơn cử, J&T Express vừa bổ sung 315 xe tải mới, được trang bị hệ thống định vị và quản lý lộ trình thông minh để tối ưu hóa thời gian vận chuyển. Song song đó, một trung tâm trung chuyển mới tại Hà Nội với diện tích 38.000 m² cũng được đưa vào hoạt động. Điểm nhấn công nghệ tại các trung tâm này là hệ thống phân loại tự động. Các băng chuyền hiện đại được tích hợp máy DWS (Dimensioning, Weighing, Scanning) có khả năng tự động quét mã vạch, đo trọng lượng và kích thước bưu kiện với tốc độ cao. Công nghệ này giúp giảm thiểu sai sót, tăng tốc độ xử lý hàng hóa và cho phép trung tâm đạt công suất phục vụ tối ưu. Cơ sở hạ tầng hiện đại giúp J&T Express “Giao đúng giờ - Nhận chu toàn” Ảnh: CTV Bên cạnh phần cứng, các giải pháp phần mềm và trí tuệ nhân tạo (AI) đang ngày càng đóng vai trò quan trọng trong việc điều phối. Nhiều đơn vị đang triển khai hệ thống AI có khả năng dự đoán lưu lượng đơn hàng theo thời gian thực dựa trên dữ liệu lịch sử và các yếu tố thị trường. ""Hạ tầng chỉ phát huy tối đa khi đi kèm công nghệ phù hợp"", ông Bình nhấn mạnh. Dựa trên dự báo của AI, hệ thống có thể tự động tối ưu hóa lộ trình vận chuyển cho từng xe tải, đồng thời giúp các trung tâm phân bổ nhân sự và nguồn lực một cách hợp lý, tránh tình trạng quá tải cục bộ. Toàn bộ dữ liệu từ kho hàng, trung tâm trung chuyển đến nhân viên giao nhận cũng được đồng bộ hóa thông qua một hệ thống vận hành tập trung, đảm bảo thông tin được cập nhật liền mạch trong toàn bộ chuỗi cung ứng. Ngoài ra, xu hướng mở rộng mạng lưới về các tuyến huyện, xã và khu vực hải đảo cũng đang được đẩy mạnh. Việc này không chỉ giúp giảm tải cho các trục vận chuyển chính mà còn hỗ trợ các doanh nghiệp vừa và nhỏ ở những vùng xa tiếp cận dịch vụ logistics tiêu chuẩn cao, góp phần thúc đẩy kinh tế số một cách toàn diện hơn.",,"vận chuyển, logistics, mua sắm, J&T Express",https://images2.thanhnien.vn/thumb_w/640/528068263637045248/2025/9/10/hatang1-17574929427421469971265.jpg,"[""https://images2.thanhnien.vn/thumb_w/640/528068263637045248/2025/9/10/hatang1-17574929427421469971265.jpg"", ""https://images2.thanhnien.vn/thumb_w/640/528068263637045248/2025/9/10/hatang2-1757492942737537479434.jpg""]",,2025-09-10T15:36:00+07:00,2026-07-03T14:34:36.833219,Công nghệ,,,,
185250607223458795,https://thanhnien.vn/vu-ro-ri-lon-nhat-lich-su-lam-lo-thong-tin-hon-4-ti-nguoi-185250607223458795.htm,thanhnien.vn,,,,,,Vụ rò rỉ lớn nhất lịch sử làm lộ thông tin hơn 4 tỉ người,"Tiếp tục có thêm một vụ rò rỉ dữ liệu quy mô 'khủng' được phơi bày, lần này là hơn 4 tỉ hồ sơ người dùng bị lộ.","Theo TechRadar , một cơ sở dữ liệu khổng lồ không được bảo vệ, chứa hơn 4 tỉ hồ sơ người dùng nhạy cảm, vừa được các nhà nghiên cứu an ninh mạng phát hiện trực tuyến. Vụ việc được xem là có thể trở thành vụ rò rỉ dữ liệu lớn nhất từng được ghi nhận, đặt hàng triệu người dùng, chủ yếu là công dân Trung Quốc, vào tình thế cực kỳ nguy hiểm. Hơn 4 tỉ người bị rò rỉ thông tin trực tuyến Phát hiện chấn động này là kết quả của sự hợp tác giữa các nhà nghiên cứu tại Cybernews và chủ sở hữu trang web bảo vệ dữ liệu SecurityDiscovery.com. Họ đã tìm thấy một cơ sở dữ liệu mở hoàn toàn, không yêu cầu mật khẩu, chứa tới 631 GB thông tin, tương đương khoảng 4 tỉ bản ghi cá nhân. Vụ rò rỉ lớn nhất lịch sử đã làm lộ thông tin hơn 4 tỉ người ẢNH: CHỤP MÀN HÌNH SC MEDIA Điều đáng báo động là bản chất của dữ liệu bị rò rỉ. Theo nhóm nghiên cứu, đây không phải là một vụ tấn công thông thường, mà dường như là một cơ sở dữ liệu ""được thu thập và duy trì một cách tỉ mỉ"", được thiết kế để xây dựng ""các hồ sơ toàn diện về hành vi, kinh tế và xã hội của gần như mọi công dân Trung Quốc"". Điều này làm dấy lên nghi ngờ rằng đây có thể là một phần của một dự án giám sát quy mô lớn. Các bản ghi bị lộ chứa đầy đủ thông tin nhận dạng cá nhân (PII) như họ tên, ngày sinh, số điện thoại, cùng với dữ liệu tài chính nhạy cảm như số thẻ, thông tin nợ và tiết kiệm và cả thói quen chi tiêu. Các nguồn dữ liệu được cho là đến từ nhiều nền tảng lớn, trong đó có WeChat (hơn 805 triệu bản ghi), dữ liệu dân cư (780 triệu bản ghi) và dữ liệu từ ngân hàng (630 triệu bản ghi). Với khối lượng thông tin chi tiết như vậy, các tác nhân đe dọa có thể dễ dàng thực hiện các cuộc tấn công phi kỹ thuật, trộm cắp danh tính, lừa đảo tài chính hoặc thậm chí là tống tiền các nạn nhân. Mặc dù cơ sở dữ liệu này nhanh chóng gỡ xuống sau khi được phát hiện, nhưng không ai biết nó đã bị phơi bày trong bao lâu, đồng nghĩa với việc dữ liệu có thể đã bị sao chép và phát tán. Với quy mô hơn 4 tỉ hồ sơ, vụ việc này còn lớn hơn cả vụ rò rỉ National Public Data, vốn từng được coi là một trong những vụ vi phạm dữ liệu lớn nhất từ trước đến nay.",,"trung quốc, Cơ sở dữ liệu, thông tin, hồ sơ, Vi Phạm, tấn công, Phát tán, Trực tuyến, Rò rỉ",https://images2.thanhnien.vn/thumb_w/640/528068263637045248/2025/6/7/020624dataleak-1749310578025-17493105785941796215657.jpg,"[""https://images2.thanhnien.vn/thumb_w/640/528068263637045248/2025/6/7/020624dataleak-1749310578025-17493105785941796215657.jpg""]",,2025-06-08T08:39:00+07:00,2026-07-03T14:34:36.918302,Công nghệ,,,,
185251005140854535,https://thanhnien.vn/ios-26-tich-hop-tinh-nang-chinh-sua-pdf-tach-nen-anh-chuyen-nghiep-185251005140854535.htm,thanhnien.vn,,,,,,"iOS 26 tích hợp tính năng chỉnh sửa PDF, tách nền ảnh chuyên nghiệp","Không cần ứng dụng bên thứ ba, iPhone của bạn giờ đã có thể chỉnh sửa PDF, tách nền ảnh chuyên nghiệp với tính năng trên iOS 26.","Theo Tom’s Guide , trong bản cập nhật iOS 26 vừa ra mắt, Apple đã âm thầm trang bị cho iPhone một ứng dụng 'huyền thoại' từ máy Mac có tên là Preview. Đây không chỉ là một tiện ích mới, mà còn là một đòn giáng mạnh vào hàng loạt ứng dụng của bên thứ ba chuyên về quét tài liệu, chỉnh sửa PDF và xử lý ảnh. Tính năng 'ăn tiền' của Mac cập bến iOS 26 Nếu bạn đã cập nhật lên iOS 26, có thể bạn đã bỏ lỡ biểu tượng mới có tên Preview giữa vô số thay đổi về giao diện. Tuy nhiên, đây lại là một trong những bổ sung đáng giá nhất, hứa hẹn sẽ thay đổi cách người dùng làm việc với tài liệu và hình ảnh trên iPhone . Tính năng Preview ít người biết trên iOS 26 ẢNH: CHỤP MÀN HÌNH TOM'S GUIDE Đối với người dùng Mac lâu năm, Preview là một công cụ không thể thiếu, nổi tiếng với sự đa năng và đơn giản. Giờ đây, Apple đã mang sức mạnh đó lên iPhone. Ứng dụng này cho phép người dùng thực hiện hàng loạt tác vụ mà trước đây đòi hỏi phải cài đặt nhiều ứng dụng khác nhau: Chỉnh sửa PDF chuyên sâu: Điền biểu mẫu, thêm chữ ký, chèn văn bản, chú thích và cắt xén file PDF một cách dễ dàng. Xử lý ảnh nhanh gọn : Cung cấp các công cụ chỉnh sửa ảnh cơ bản như cắt, vẽ, viết chữ. Đặc biệt, tính năng tách nền ảnh (Remove Background) chỉ bằng một cú chạm là một 'sát thủ' thực sự. Quét tài liệu thông minh : Biến iPhone thành một máy quét di động, tự động nhận diện và chuyển đổi tài liệu giấy thành file kỹ thuật số sắc nét. Sự xuất hiện của Preview được cài đặt sẵn trên mọi chiếc iPhone chạy iOS 26 được xem là một động thái 'Sherlocking' kinh điển của Apple - tức là tích hợp các tính năng phổ biến của bên thứ ba vào thẳng hệ điều hành. Điều này đặt ra một thách thức cực lớn cho các ứng dụng vốn kiếm sống nhờ những tính năng này, chẳng hạn như CamScanner (quét tài liệu), Adobe Acrobat Reader (đọc và ký PDF), hay Photoroom (tách nền ảnh). Khi người dùng đã có một công cụ miễn phí, mạnh mẽ và tích hợp sẵn, lý do để họ tìm đến và trả tiền cho các ứng dụng bên thứ ba sẽ giảm đi đáng kể. Đối với người dùng, đây là một tin tuyệt vời. Họ sẽ có một trải nghiệm liền mạch, không cần cài đặt thêm ứng dụng và tiết kiệm được chi phí. Rõ ràng, Apple đang muốn biến iPhone thành một công cụ làm việc ngày càng mạnh mẽ và tự chủ hơn.",,"người dùng, công cụ, Iphone, PDF, IOS, hình ảnh, MAC, Preview, Tính năng, Tài liệu, Chỉnh sửa, tách nền, Máy quét",https://images2.thanhnien.vn/thumb_w/640/528068263637045248/2025/10/5/ios-26-17596481731512117446005.jpg,"[""https://images2.thanhnien.vn/thumb_w/640/528068263637045248/2025/10/5/ios-26-17596481731512117446005.jpg""]",,2025-10-06T10:02:00+07:00,2026-07-03T14:34:37.004969,Công nghệ,,,,
185260410095421602,https://thanhnien.vn/ro-ri-2-thay-doi-lon-ve-thiet-ke-tren-iphone-18-pro-185260410095421602.htm,thanhnien.vn,,,,,,Rò rỉ 2 thay đổi lớn về thiết kế trên iPhone 18 Pro,"iPhone 18 Pro sẽ có thiết kế tinh tế, nhỏ gọn hơn và những màu sắc chưa từng có?","Dù iPhone 18 Pro vẫn đang trong giai đoạn phát triển, nhưng những rò rỉ mới nhất từ chuỗi cung ứng cho thấy Apple đang đứng trước một quyết định khó khăn về mặt thay đổi thiết kế cho sản phẩm sắp ra mắt. Theo đó, sau một tuần có nhiều tin đồn về iPhone gập, sự chú ý của giới công nghệ đã quay trở lại với dòng flagship truyền thống. Theo Digital Chat Station , một chuyên gia rò rỉ uy tín trên Weibo, thiết kế của iPhone 18 Pro hiện vẫn chưa được Apple chốt phương án cuối cùng do những tính toán về chi phí và dây chuyền sản xuất. iPhone 18 Pro sắp lột xác về thiết kế? ẢNH: CHỤP MÀN HÌNH 9TO5MAC Kịch bản 'thử nghiệm A/B' cho màn hình iPhone 18 Pro Thay đổi được mong đợi nhất trên iPhone 18 Pro chính là việc thu nhỏ kích thước Dynamic Island khoảng 35%. Để làm được điều này, Apple cần đưa một số thành phần cảm biến Face ID xuống dưới màn hình. Tuy nhiên, các nguồn tin từ chuỗi cung ứng tiết lộ Apple đang thực hiện kịch bản thử nghiệm A/B đầy thận trọng: Lựa chọn A : Tái sử dụng hoàn toàn khuôn màn hình của iPhone 17 Pro để tối ưu hóa chi phí và tận dụng dây chuyền sẵn có. Lựa chọn B : Đột phá với 'Mini Dynamic Island', sử dụng linh kiện Face ID thế hệ mới ẩn dưới tấm nền, mang lại không gian hiển thị rộng rãi hơn. Nếu lựa chọn A được chọn, người dùng có thể sẽ phải thất vọng khi diện mạo mặt trước của iPhone 18 Pro không có sự khác biệt rõ rệt so với mẫu máy tiền nhiệm. Hướng tới sự liền mạch tuyệt đối cho mặt lưng Không chỉ có màn hình, mặt sau của iPhone 18 Pro cũng sẽ nhận được những tinh chỉnh đáng giá. Dù cụm camera hình chữ nhật đặc trưng vẫn được giữ nguyên, nhưng Apple được cho là sẽ thay đổi chất liệu thân máy để tạo ra sự đồng nhất giữa phần khung nhôm và mặt kính. Thay vì thiết kế hai tông màu đôi khi gây cảm giác tách biệt như trên iPhone 17 Pro, thế hệ mới hướng tới một vẻ ngoài 'nguyên khối' và liền mạch hơn. Các tùy chọn màu sắc mới cũng sẽ là vũ khí quan trọng để Apple thu hút người dùng nâng cấp trong một năm mà thiết kế tổng thể không có quá nhiều đột phá. Với việc iPhone 17 Pro đã mang đến một cuộc cách mạng về ngoại hình trước đó, iPhone 18 Pro được dự đoán sẽ là một bản cập nhật mang tính hoàn thiện. Đây là chiến lược quen thuộc của 'táo khuyết' nhằm tinh chỉnh những gì tốt nhất và chuẩn bị cho những bước nhảy vọt lớn hơn trong tương lai.",,"thiết kế, màu sắc, Dynamic Issland",https://images2.thanhnien.vn/thumb_w/640/528068263637045248/2026/4/10/iphone-1775789688843390089209.jpg,"[""https://images2.thanhnien.vn/thumb_w/640/528068263637045248/2026/4/10/iphone-1775789688843390089209.jpg""]",,2026-04-11T06:15:00+07:00,2026-07-03T14:34:37.979778,Công nghệ,,,,
185250722170135402,https://thanhnien.vn/keysight-gioi-thieu-thiet-bi-do-kiem-xuyen-nhieu-dien-tu-voi-bang-tan-do-1-ghz-185250722170135402.htm,thanhnien.vn,,,,,,Keysight giới thiệu thiết bị đo kiểm xuyên nhiễu điện từ với băng tần đo 1 GHz,"Keysight Technologies vừa công bố một tính năng cải tiến quan trọng cho thiết bị đo kiểm xuyên nhiễu điện từ PXE Electromagnetic Interference (EMI) Receiver, bổ sung năng lực đo liên tục theo thời gian thực với băng thông lên tới 1 GHz cho chức năng quét miền thời gian TDS (Time Domain Scan) băng rộng.","Thiết bị PXE Receiver mới cũng giúp đội ngũ kỹ sư đo băng tần từ 30 Mhz đến 1 GHz chỉ với một bước đo thay vì ba bước như phiên bản trước. Tính năng tiên tiến này cung cấp độ nhậy cao, tạo điều kiện chẩn đoán nhanh hơn và rút ngắn đáng kể các quy trình xác nhận tuân thủ điện từ trường (EMC) và quy trình chứng nhận. Keysight Technologies hiện cung cấp các giải pháp đo kiểm khác nhau Ảnh: AFP Trong bối cảnh chu kỳ phát triển và khối lượng các sản phẩm mới đưa ra thị trường ngày càng gia tăng, việc đo kiểm chứng nhận EMC nhanh chóng trở thành điểm tắc nghẽn đối với các nhà sản xuất. Thách thức đối với đội ngũ kỹ sư trong việc xác định và giải quyết các vấn đề bất thường về EMI phát sinh từ các thiết kế điện tử phức tạp đang ngày càng gia tăng. Thiết bị PXE EMI Receiver mới của Keysight trực tiếp giải quyết các thách thức này bằng cách cải thiện đáng kể băng thông đo kiểm, giảm thiểu thời gian gỡ lỗi và tối ưu hiệu suất sử dụng buồng EMC. Jason Kary, Phó chủ tịch cấp cao kiêm Chủ tịch bộ phận các giải pháp cho ngành điện tử của Keysight , cho biết: ""Với PXE EMI Receiver tiên tiến, khách hàng của chúng tôi, từ các phòng lab đo kiểm tuân thủ độc lập hay các đội nhóm EMC của công ty, đều đã có thể thực hiện các phép đo tuân thủ CISPR nhanh hơn, tự tin và với hiệu suất cao hơn. Nhờ nâng cao độ nhạy, dải động vượt trội và khả năng giám sát liên tục theo thời gian thực, chúng tôi hỗ trợ đội ngũ kỹ sư giải quyết nhanh hơn các vấn đề về EMI, rút ngắn chu kỳ phát triển và thời gian đưa sản phẩm ra thị trường cũng như giảm chi phí tuân thủ"". Thiết bị PXE EMI Receiver của Keysight đặt ra tiêu chuẩn mới về hiệu năng chính xác và năng suất lao động, trao quyền để đội ngũ kỹ sư và các phòng lab tự tin, nhanh chóng giải quyết các khó khăn thách thức về EMC.",,"Receiver, kỹ sư, sản phẩm, Hiệu suất",https://images2.thanhnien.vn/thumb_w/640/528068263637045248/2025/7/22/dokiem-17531783544001128390188.png,"[""https://images2.thanhnien.vn/thumb_w/640/528068263637045248/2025/7/22/dokiem-17531783544001128390188.png""]",,2025-07-22T16:08:00+07:00,2026-07-03T14:34:38.168283,Công nghệ,,,,
185250430160854202,https://thanhnien.vn/samsung-dua-tinh-nang-cao-cap-den-cac-thiet-bi-galaxy-a-185250430160854202.htm,thanhnien.vn,,,,,,Samsung đưa tính năng cao cấp đến các thiết bị Galaxy A,Samsung vừa công bố sẽ tích hợp một trong những tính năng trí tuệ nhân tạo (AI) hàng đầu của mình đến với các mẫu Galaxy A tầm trung.,"Theo thông báo chính thức từ Samsung, người dùng dòng Galaxy A sẽ có thể kích hoạt trợ lý AI thông qua nút bên hông của thiết bị. Đây là một phần trong chiến lược của Samsung nhằm mở rộng khả năng tiếp cận trải nghiệm AI trên nhiều loại thiết bị. Bản cập nhật tháng 5 được chờ đợi cho người dùng thiết bị Galaxy A ẢNH: AFP Được biết đến với tên gọi Gemini AI, tính năng này sẽ được phát hành cho người dùng Galaxy A thông qua bản cập nhật phần mềm sắp tới. Sau khi cập nhật, người dùng chỉ cần nhấn và giữ phím bên cạnh để khởi động trợ lý AI Gemini của Google - một chức năng trước đây chỉ có trên dòng Galaxy S. Nâng tầm trải nghiệm cho Galaxy A Bổ sung này tiếp nối sự ra mắt của tính năng ""Awesome Intelligence"" trên các mẫu Galaxy A56 5G, Galaxy A36 5G và Galaxy A26 5G. Với việc tích hợp Gemini AI , người dùng có thể thực hiện nhiều tác vụ chỉ bằng lệnh thoại, từ việc kiểm tra lịch, tìm kiếm ý tưởng quà tặng sinh nhật đến việc tìm nhà hàng gần nhất. Gemini AI cũng hỗ trợ các hành động liên ứng dụng để người dùng tìm kiếm địa điểm ăn tối qua Google Maps và gửi vị trí qua Tin nhắn chỉ bằng một câu lệnh. Trải nghiệm tính năng mới của Gemini Live Samsung cho biết cải tiến này là kết quả của mối quan hệ hợp tác liên tục với Google nhằm cung cấp các công cụ AI trực quan và hữu ích trên các thiết bị có giá cả phải chăng hơn. Bản cập nhật phần mềm cho phép truy cập Gemini AI thông qua nút bên hông của Galaxy A sẽ bắt đầu được triển khai trên toàn cầu vào đầu tháng 5. Các thiết bị được xác nhận nhận bản cập nhật bao gồm Galaxy A56 5G, A55 5G, A54 5G, A36 5G, A35 5G, A34 5G, A26 5G, A25 5G, A25e 5G và A24 chạy One UI 7 . Tuy nhiên, sự tồn tại của chúng cũng có thể khác nhau theo khu vực, nhà mạng và kiểu thiết bị.",,"Gemini AI, trí tuệ nhân tạo, Google, One UI 7",https://images2.thanhnien.vn/thumb_w/640/528068263637045248/2025/4/30/1-17460039890661769766830.jpg,"[""https://images2.thanhnien.vn/thumb_w/640/528068263637045248/2025/4/30/1-17460039890661769766830.jpg""]",,2025-05-01T08:03:00+07:00,2026-07-03T14:34:38.218088,Công nghệ,,,,
185250402025608289,https://thanhnien.vn/kham-pha-camera-an-ninh-tapo-c410-kit-chay-bang-nang-luong-mat-troi-185250402025608289.htm,thanhnien.vn,,,,,,Khám phá camera an ninh Tapo C410 Kit chạy bằng năng lượng mặt trời,"Camera an ninh Tapo C410 Kit của TP-Link là một sản phẩm chạy bằng pin, được thiết kế đặc biệt cho việc sử dụng ngoài trời.","Phiên bản Tapo C410 Kit đi kèm với một tấm pin năng lượng mặt trời nhỏ và hệ thống gắn linh hoạt giúp người dùng tối ưu hóa cả hai thiết bị. Camera có khả năng ghi hình với tốc độ 15 khung hình mỗi giây (fps) và độ phân giải lên đến 2K, cùng với đèn hồng ngoại và đèn chiếu sáng nhìn thấy để ghi hình vào ban đêm. Tapo C410 Kit mang đến khả năng ""hoạt động liên tục"" nhờ năng lượng mặt trời Ảnh: CTV Với mức giá bán lẻ khoảng 1,4 triệu đồng, Tapo C410 Kit đáp ứng tốt các nhu cầu về tính năng. Camera có khả năng nhận diện người, vật nuôi, phương tiện và chuyển động chung, với cảnh quay được lưu trữ trên thẻ microSD (không kèm theo), trong khi các tính năng tiêu chuẩn đủ đáp ứng nhu cầu sử dụng cơ bản. Thiết kế và lắp đặt Tapo C410 Kit có thiết kế hình trụ nhỏ gọn, với ống kính, đèn hồng ngoại và đèn rọi màu trắng ở mặt trước. Nó cũng được trang bị micrô và loa, cho phép người dùng thực hiện các tính năng như báo động và giao tiếp hai chiều. Camera có hai điểm gắn kim loại, cho phép lắp đặt linh hoạt trên tường, sàn hoặc trần nhà. Việc lắp đặt Tapo C410 Kit tương đối dễ dàng Ảnh: TP-Link Với khả năng chống nước và bụi đạt tiêu chuẩn IP65, C410 Kit có thể hoạt động trong mọi điều kiện thời tiết. Sản phẩm cho phép người dùng định hướng camera và tấm pin mặt trời riêng biệt, giúp tối ưu hóa ánh sáng cho tấm pin trong khi vẫn đảm bảo camera ghi hình khu vực mong muốn. Riêng tấm pin mặt trời có thể lắp đặt một cách dễ dàng, cho phép làm việc không cần đến dây điện để lắp ở các vị trí ưa thích, giải phóng khỏi những hạn chế về ổ cắm điện. Hiệu suất và tính năng Tapo C410 Kit có khả năng hoạt động liên tục chỉ với 45 phút ánh sáng mặt trời trực tiếp mỗi ngày, với pin 6.400 mAh có thể kéo dài tới 180 ngày khi được sạc đầy. Trong quá trình thiết lập, người dùng có thể gặp khó khăn khi kết nối camera với mạng Wi-Fi ở giai đoạn đầu, mặc dù sau một thời gian, camera sẽ hoạt động bình thường. Camera có khả năng hoạt động tốt dưới thời tiết mưa nhờ đạt chuẩn IP65 Ảnh: TP-Link Về chất lượng video, Tapo C410 Kit ghi hình với độ phân giải 2K mang đến độ sắc nét, đặc biệt trong điều kiện ánh sáng yếu với chất lượng hiển thị rõ nét. Camera cũng hỗ trợ các tính năng phát hiện chuyển động và trí tuệ nhân tạo (AI) giúp người dùng tùy chỉnh vùng phát hiện cho từng loại đối tượng. Điều này giúp giảm thiểu cảnh báo sai và tăng cường hiệu quả giám sát. Có tính năng tầm nhìn ngay cả trong bóng tối nhờ vào ống kính khẩu độ lớn và đèn chiếu tích hợp, camera có thể ghi lại hình ảnh ban đêm có màu sống động lên đến khoảng 9 mét để tăng cường bảo mật. Tổng thể, Tapo C410 Kit là một lựa chọn hợp lý cho những ai đang tìm kiếm một giải pháp giám sát an ninh ngoài trời với tính năng thông minh, dễ dàng lắp đặt và đặc biệt là thân thiện với môi trường nhờ hoạt động bằng pin mặt trời. Với các tính năng và giá cả cạnh tranh, đây thực sự là sản phẩm đáng để xem xét.",,"Ghi hình, năng lượng, Độ phân giải, tấm pin",https://images2.thanhnien.vn/thumb_w/640/528068263637045248/2025/4/1/1-17435372175851304440035.jpg,"[""https://images2.thanhnien.vn/thumb_w/640/528068263637045248/2025/4/1/1-17435372175851304440035.jpg"", ""https://images2.thanhnien.vn/thumb_w/640/528068263637045248/2025/4/1/2-1743537217595352534202.jpg"", ""https://images2.thanhnien.vn/thumb_w/640/528068263637045248/2025/4/1/3-1743537217590311736479.jpg""]",,2025-04-02T07:20:00+07:00,2026-07-03T14:34:38.317059,Công nghệ,,,,
185250310091836408,https://thanhnien.vn/con-chip-nam-trong-hang-ti-thiet-bi-co-chua-cua-hau-bi-mat-185250310091836408.htm,thanhnien.vn,,,,,,Con chip nằm trong hàng tỉ thiết bị có chứa 'cửa hậu' bí mật,"Phát hiện 'cửa hậu' bí ẩn trong chip ESP32 phổ biến, nguy cơ tiềm ẩn với hàng tỉ thiết bị IoT.","Theo TechSpot , các nhà nghiên cứu bảo mật vừa phát hiện một tập hợp các lệnh 'ẩn' giống như một 'cửa hậu' không được công bố trong vi mạch ESP32, một thành phần được sử dụng rộng rãi trong hàng tỉ thiết bị Internet of Things (IoT) trên toàn thế giới . Phát hiện này làm dấy lên lo ngại về các lỗ hổng bảo mật tiềm ẩn, dù các chuyên gia nhấn mạnh nguy cơ bị khai thác từ xa là không cao. 'Trái tim' ESP32 của hàng tỉ thiết bị thông minh ẩn chứa 'cửa hậu' Được sản xuất bởi công ty Espressif (Trung Quốc), ESP32 là một vi mạch giá rẻ (chỉ khoảng 2 USD) nhưng đóng vai trò quan trọng trong việc cung cấp kết nối Wi-Fi và Bluetooth cho vô số thiết bị thông minh . Từ điện thoại, máy tính, khóa cửa thông minh, cho đến các thiết bị y tế, ước tính có hơn 1 tỉ thiết bị đang sử dụng ESP32. Hình ảnh chip ESP32 có trong hàng tỉ thiết bị IoT ẢNH: CHỤP MÀN HÌNH TECHSPOT Hai nhà nghiên cứu Miguel Tarascó Acuña và Antonio Vázquez Blanco, thuộc công ty bảo mật Tarlogic Security (Tây Ban Nha), đã công bố phát hiện của họ tại hội nghị RootedCON ở Madrid. Họ tìm thấy 29 lệnh đặc biệt, không có trong tài liệu chính thức của Espressif, cho phép can thiệp sâu vào hoạt động của Bluetooth trên chip ESP32. Ban đầu, các nhà nghiên cứu gọi đây là 'cửa hậu' (backdoor). Tuy nhiên, sau đó họ đã đính chính, cho rằng đây là các 'tính năng ẩn' có khả năng đọc và ghi vào bộ nhớ RAM và Flash của chip, giả mạo địa chỉ MAC và chèn các gói tin vào kết nối Bluetooth. Mặc dù bản thân các lệnh này không độc hại, nhưng chúng có thể bị kẻ xấu lợi dụng để cài đặt phần mềm độc hại ngay từ khâu sản xuất, hoặc chỉnh sửa firmware. Thậm chí, có thể đánh cắp dữ liệu, hoặc thực hiện các hành vi bất hợp pháp. Nguy hiểm nhất là việc biến thiết bị IoT thành công cụ tấn công, hoặc vô hiệu hóa các tính năng bảo mật. Tuy nhiên, các chuyên gia nhấn mạnh, việc khai thác các lệnh này từ xa là rất khó, đòi hỏi phải có các lỗ hổng khác trên thiết bị. Kịch bản tấn công thực tế hơn thường yêu cầu tội phạm mạng phải tiếp cận vật lý với thiết bị (qua cổng USB hoặc UART). Để phát hiện ra các lệnh ẩn này, Tarlogic đã phát triển một công cụ đặc biệt có tên BluetoothUSB. Đây là trình điều khiển USB Bluetooth dựa trên ngôn ngữ C, cho phép kiểm tra lưu lượng Bluetooth một cách độc lập với phần cứng và hệ điều hành . Công cụ này được kỳ vọng sẽ giúp các chuyên gia bảo mật phát hiện và vá các lỗ hổng trên thiết bị Bluetooth dễ dàng hơn. Sự việc này một lần nữa cho thấy tầm quan trọng của bảo mật firmware, đặc biệt là trong bối cảnh các thiết bị IoT giá rẻ ngày càng phổ biến. Dù các lệnh ẩn trên ESP32 có thể chỉ là sơ suất trong quá trình phát triển, nó vẫn là lời nhắc nhở về những rủi ro tiềm ẩn trong thế giới kết nối vạn vật.",,"thiết bị, Phát hiện, Bảo mật, Lỗ hổng, IOT, Nhà nghiên cứu, chuyên gia, vi mạch, Trung Quốc",https://images2.thanhnien.vn/thumb_w/640/528068263637045248/2025/3/10/2025-03-09-image-3-1741573311525-1741573312668697580628.jpg,"[""https://images2.thanhnien.vn/thumb_w/640/528068263637045248/2025/3/10/2025-03-09-image-3-1741573311525-1741573312668697580628.jpg""]",,2025-03-10T17:51:00+07:00,2026-07-03T14:34:38.379149,Công nghệ,,,,
185250420134800875,https://thanhnien.vn/o-ssd-khong-su-dung-lau-ngay-co-the-mat-trang-du-lieu-185250420134800875.htm,thanhnien.vn,,,,,,Ổ SSD không sử dụng lâu ngày có thể mất trắng dữ liệu,Một thử nghiệm đã tiết lộ sự thật gây sốc về việc 'cất tủ' ổ cứng SSD lâu ngày không sử dụng tới.,"Theo Tom's Hardware , nhiều người dùng có thói quen lưu trữ bản sao lưu hoặc dữ liệu quan trọng vào ổ SSD rồi đem cất đi, với niềm tin rằng chúng sẽ an toàn tuyệt đối. Tuy nhiên, một thử nghiệm kéo dài 2 năm của YouTuber 'HTWingNut' vừa công bố những kết quả đáng báo động, rằng ổ SSD , đặc biệt là những ổ đã qua sử dụng nhiều, có thể bị mất dữ liệu nghiêm trọng và suy giảm hiệu năng đáng kể nếu không được cấp nguồn trong thời gian dài. Ổ SSD có nguy cơ hư hỏng nếu không sử dụng trong thời gian dài Thử nghiệm này là một lời nhắc nhở về một đặc tính ít được biết đến của SSD, đó là khả năng lưu giữ dữ liệu khi không có điện sẽ giảm dần theo thời gian và mức độ sử dụng. HTWingNut đã sử dụng 4 ổ SSD SATA TLC 128 GB giá rẻ (nhãn hiệu Leven JS-600, định mức 60 TBW). Trong đó, 2 ổ được phân loại là 'Fresh' (SSD mới và chỉ ghi 100 GB dữ liệu thử nghiệm) và 2 ổ là 'Worn' (ổ SSD cũ đã được ghi tới 280 TB, vượt xa định mức). Tất cả đều chứa 100 GB dữ liệu và được để không cắm điện. Bốn ổ SSD trong thử nghiệm của YouTuber HTWingNut ẢNH: CHỤP MÀN HÌNH TOM'S HARDWARE Kết quả sau năm đầu tiên không có gì đáng lo ngại. Tuy nhiên, sau hai năm không được cấp nguồn, vấn đề bắt đầu xuất hiện rõ rệt: Ổ SSD nhãn 'Worn' : Khi kiểm tra lại, việc xác minh dữ liệu tốn thời gian gấp 4 lần so với ban đầu (từ 10 phút lên hơn 42 phút). Quan trọng hơn, 4 tệp tin đã bị hỏng (giá trị hash không khớp). Kiểm tra sâu hơn bằng công cụ chuyên dụng cho thấy ổ đĩa có bad sector (sector lỗi) và hàng trăm nghìn lỗi ECC (mã sửa lỗi) đã được phần cứng tự động sửa, một con số tăng vọt so với trước đó, cho thấy ổ đang trên đà hỏng hóc nghiêm trọng. Ổ SSD nhãn 'Fresh' : Bề ngoài có vẻ ổn định. Dữ liệu vẫn toàn vẹn 100%, hiệu năng đo được vẫn tốt. Tuy nhiên, công cụ CrystalDiskInfo lại phát hiện hơn 400 lỗi ECC đã được phục hồi. Dù dữ liệu chưa mất, việc cơ chế sửa lỗi phải hoạt động nhiều là một dấu hiệu cảnh báo sớm về sự xuống cấp tiềm ẩn của các ô nhớ. Thời gian xác minh dữ liệu của các SSD sau 1 và 2 năm không sử dụng ẢNH: CHỤP MÀN HÌNH TOM'S HARDWARE Nghiên cứu này, dù chỉ với mẫu thử nhỏ, đã gióng lên hồi chuông cảnh báo về việc lưu trữ dữ liệu dài hạn trên SSD, đặc biệt là các ổ đã ghi nhiều dữ liệu. Độ bền của SSD không chỉ nằm ở tổng lượng ghi (TBW) mà còn ở khả năng giữ dữ liệu khi không có điện. Thử nghiệm nói trên cho thấy, tuyệt đối không coi ổ SSD là giải pháp lưu trữ vĩnh viễn bằng việc cất chúng trong ngăn tủ. Nếu bạn dùng SSD để sao lưu, hãy định kỳ cắm điện và 'làm mới' chúng (ví dụ: đọc/ghi một lượng nhỏ dữ liệu) vài tháng một lần để đảm bảo các ô nhớ được nạp lại điện tích, giúp duy trì tính toàn vẹn dữ liệu quý giá.",,"Lưu trữ, thử nghiệm, thời gian, dữ liệu",https://images2.thanhnien.vn/thumb_w/640/528068263637045248/2025/4/20/ssd-17451318346372061821038.jpg,"[""https://images2.thanhnien.vn/thumb_w/640/528068263637045248/2025/4/20/ssd-17451318346372061821038.jpg"", ""https://images2.thanhnien.vn/thumb_w/640/528068263637045248/2025/4/20/ssd-2-17451318984661025426870.jpg""]",,2025-04-20T14:26:00+07:00,2026-07-03T14:34:38.490951,Công nghệ,,,,
185250909124036324,https://thanhnien.vn/poco-c85-ra-mat-tai-viet-nam-trang-bi-pin-khung-6000-mah-185250909124036324.htm,thanhnien.vn,,,,,,"POCO C85 ra mắt tại Việt Nam, trang bị pin khủng 6.000 mAh","POCO vừa chính thức ra mắt POCO C85 - mẫu smartphone mới thuộc dòng C Series của hãng. Đặc biệt, sản phẩm được trang bị màn hình cỡ lớn 6,9 inch cùng dung lượng pin khủng 6.000 mAh.","Dù sở hữu viên pin lớn 6.000 mAh, POCO C85 vẫn duy trì thân máy mỏng nhẹ với thiết kế bo cong 3D ở bốn cạnh, mang lại cảm giác cầm nắm dễ chịu. Màn hình HD+ 6,9 inch tối ưu cho nhu cầu xem phim, học tập trực tuyến hay giải trí đa phương tiện. Công nghệ AdaptiveSync thông minh cho phép màn hình điều chỉnh tần số quét linh hoạt giữa 60 Hz, 90 Hz và 120 Hz, mang đến trải nghiệm mượt mà khi cuộn, chơi game hoặc đọc sách. POCO C85 được trang bị màn hình và pin dung lượng lớn Ảnh: POCO Bên cạnh đó, POCO C85 đạt chứng nhận TÜV Rheinland về giảm ánh sáng xanh, chống nhấp nháy và thân thiện với nhịp sinh học, hạn chế tình trạng mỏi mắt khi sử dụng lâu dài. Công nghệ Wet Touch 2.0 giúp màn hình vẫn phản hồi chính xác ngay cả khi tay ướt, phù hợp cho các tình huống trong bếp hoặc khi luyện tập thể thao. Pin lớn 6.000 mAh, sạc nhanh 33W tiện lợi Sự kết hợp giữa thiết kế hiện đại và dung lượng pin lớn biến POCO C85 trở thành người bạn đồng hành đáng tin cậy. Viên pin dung lượng 6.000 mAh cho phép người dùng sử dụng liên tục trong nhiều giờ: 22 giờ xem video, 82 giờ nghe nhạc hoặc 20 giờ đọc sách. Công nghệ sạc nhanh 33W giúp rút ngắn đáng kể thời gian nạp năng lượng, chỉ 31 phút đã có thể sạc được 50% pin, đảm bảo duy trì nhịp sống năng động. Đặc biệt, tính năng sạc ngược 10W biến POCO C85 thành pin dự phòng cho các thiết bị khác, mang đến sự tiện lợi trong những chuyến đi dài ngày. POCO C85 được trang bị vi xử lý 8 nhân mạnh mẽ, mang lại sự cân bằng giữa hiệu năng và tiết kiệm năng lượng. Với RAM mở rộng lên đến 16 GB và bộ nhớ có thể nâng cấp tối đa 1 TB thông qua thẻ nhớ, người dùng có thể thoải mái lưu trữ dữ liệu, hình ảnh, video cũng như chạy đa nhiệm mượt mà. Thiết bị vận hành trên Xiaomi HyperOS 2, mang đến trải nghiệm ổn định và nhiều tính năng thông minh. Các công cụ hiện đại như Circle to Search with Google, Google Gemini và Xiaomi Interconnectivity giúp việc tìm kiếm, đồng bộ và chia sẻ dữ liệu trở nên thuận tiện hơn. Người dùng có thể đồng bộ cuộc gọi, chia sẻ clipboard giữa các thiết bị hay tìm kiếm nhanh chóng trên nhiều nền tảng. Không chỉ mạnh về thiết kế và pin, POCO C85 còn nổi bật với hệ thống camera chất lượng. Camera AI 50 MP cho hình ảnh chi tiết, màu sắc sống động, đáp ứng tốt nhu cầu chụp ảnh trong nhiều bối cảnh. Camera selfie 8 MP tích hợp chế độ làm đẹp, mang đến những bức ảnh chân dung tươi sáng, phù hợp với nhu cầu chia sẻ trên mạng xã hội của giới trẻ. Để nâng cao trải nghiệm sử dụng, POCO C85 còn được trang bị hàng loạt tính năng hữu ích như cảm biến vân tay đặt cạnh bên, jack tai nghe 3,5 mm, loa công suất lớn với khả năng tăng âm 200% và khả năng kháng nước bụi đạt chuẩn IP64. Tại thị trường Việt Nam, POCO C85 ra mắt với ba lựa chọn màu sắc Đen, Tím và Xan h, cùng hai phiên bản bộ nhớ 6 GB + 128 GB (giá bán 3,69 triệu đồng) và 8 GB + 256 GB (giá bán 4,29 triệu đồng).",,"sạc nhanh, công nghệ, camera, Xiaomi",https://images2.thanhnien.vn/thumb_w/640/528068263637045248/2025/9/9/poco-1757396343061331090540.png,"[""https://images2.thanhnien.vn/thumb_w/640/528068263637045248/2025/9/9/poco-1757396343061331090540.png""]",,2025-09-09T14:26:00+07:00,2026-07-03T14:34:38.631216,Công nghệ,,,,
185241011092944728,https://thanhnien.vn/doanh-so-may-mac-sut-giam-vi-nguoi-dung-cho-m4-185241011092944728.htm,thanhnien.vn,,,,,,Doanh số máy Mac sụt giảm vì người dùng chờ M4,"Báo cáo mới nhất từ Canalys cho biết số lượng máy Mac xuất xưởng trên toàn cầu trong quý 3/2024 đã giảm 17,5% so với cùng kỳ năm ngoái.","Điều thú vị là sự sụt giảm này diễn ra trong bối cảnh thị trường máy tính (PC) toàn cầu ghi nhận sự tăng trưởng tích cực trong 4 quý liên tiếp, với tổng số lượng máy tính xuất xưởng đạt 66,4 triệu máy, với mức tăng khiêm tốn 1,3% so với năm ngoái. Theo Canalys, sự sụt giảm này được cho là bắt nguồn từ việc người dùng mong chờ những chiếc máy Mac mới đi kèm chip M4 dự kiến xuất hiện vào cuối năm nay. Doanh số máy Mac sụt giảm trong bối cảnh thị trường PC tăng trưởng ẢNH: REUTERS Quay trở lại với báo cáo của Canalys, nghiên cứu cho thấy sự gia tăng mạnh mẽ về doanh số laptop với 53,5 triệu chiếc được xuất xưởng, tăng gần 3%. Trong khi đó, thị trường máy tính để bàn lại chứng kiến sự sụt giảm 4,6%, tương đương gần 13 triệu chiếc. Điều này cho thấy người tiêu dùng đang chuyển hướng sang laptop, phản ánh xu thế hiện đại trong việc sử dụng công nghệ. Canalys cho rằng sự tăng trưởng này là dấu hiệu tích cực cho tương lai của thị trường PC, trong đó một phần đến từ sự thúc đẩy của các công ty như Microsoft, vốn ngừng hỗ trợ Windows 10 vào giữa tháng 10.2025. Nhiều PC không đủ điều kiện để nâng cấp lên Windows 11 sẽ cần được thay thế, tạo ra cơ hội tăng trưởng mới cho thị trường PC trong thời gian tới. Doanh số máy Mac giảm mạnh Trong khi đó, doanh số máy Mac đã giảm mạnh từ 6,2 triệu chiếc của quý 3/2023 xuống còn 5,1 triệu chiếc trong quý 3/2024, tương ứng mức giảm 17,5%. Sự sụt giảm này không chỉ ảnh hưởng đến số lượng PC bán ra mà còn khiến thị phần của Apple giảm từ 9,5% xuống còn 7,7%. Mặc dù vậy, có những dấu hiệu tích cực cho thấy Apple có thể phục hồi doanh số máy Mac trong quý cuối năm nay, đặc biệt khi công ty dự kiến sẽ ra mắt các mẫu máy Mac mới, bao gồm cả MacBook lẫn máy để bàn. Các sản phẩm này sẽ được trang bị chip M4, bên cạnh các biến thể mạnh mẽ hơn như M4 Pro và M4 Max. Đặc biệt, Mac mini sẽ nhận được một trong những bản cập nhật lớn nhất từ trước đến nay với thiết kế mới nhỏ gọn hơn. Tất cả các mẫu Mac mới, ít nhất với phiên bản tiêu chuẩn, sẽ được trang bị CPU tối thiểu 10 lõi và RAM 16 GB.",,"Doanh số bán hàng, Windows 10, máy tính để bàn",https://images2.thanhnien.vn/thumb_w/640/528068263637045248/2024/10/11/1-17286135938552005961376.jpg,"[""https://images2.thanhnien.vn/thumb_w/640/528068263637045248/2024/10/11/1-17286135938552005961376.jpg""]",,2024-10-11T11:59:00+07:00,2026-07-03T14:34:39.224696,Công nghệ,,,,
185260211105440793,https://thanhnien.vn/google-bo-sung-tinh-nang-quan-trong-cho-gmail-tren-android-185260211105440793.htm,thanhnien.vn,,,,,,Google bổ sung tính năng quan trọng cho Gmail trên Android,Google vừa đưa một tính năng quan trọng lên Gmail chạy trên Android.,"Trong khi người dùng iPhone đã được trải nghiệm từ năm 2019, thì đến nay, Android mới chính thức được Google phát hành tính năng quản lý nhãn (Labels) ngay trên ứng dụng Gmail. Gmail tung tính năng có từ lâu trên iOS cho người dùng Android ẢNH: CHỤP MÀN HÌNH Gmail cho Android đã có tính năng Labels sau 6 năm Một câu hỏi đang được cộng đồng công nghệ đặt ra là tại sao việc triển khai lại lâu đến như vậy? Dù Android là hệ điều hành do chính Google phát triển, nhưng một tính năng cơ bản và rất quan trọng để có thể 'sống sót' giữa hàng ngàn email lại bị bỏ quên một cách khó hiểu suốt nhiều năm qua. Đối với những người bận rộn, Nhãn (Labels) là tính năng hữu ích để phân loại công việc, tài chính hay sở thích. Tuy nhiên, từ trước đến nay, người dùng Android muốn tạo nhãn mới đều phải thực hiện một thao tác cồng kềnh đó là mở máy tính hoặc sử dụng trình duyệt web. Với bản cập nhật vừa được phát hiện (phiên bản 2026.01.26), rào cản này cuối cùng đã bị phá bỏ. Giờ đây, người dùng Gmail có thể thực hiện mọi thứ ngay trên điện thoại: Nút 'Tạo nhãn mới' (Create Label) hiện đã nằm gọn gàng trong menu chính (biểu tượng ba gạch ngang). Cho phép đổi tên, xóa hoặc thay đổi tần suất đồng bộ nhãn trong phần cài đặt. Người dùng có thể nhấn giữ email và gán cùng lúc nhiều nhãn khác nhau, giúp việc tìm kiếm thư sau này trở nên dễ dàng. Tính năng tạo nhãn đã có trên ứng dụng Gmail Android ẢNH: CHỤP MÀN HÌNH ANDROID AUTHORITY Dù tính năng này đã xuất hiện trên iOS từ 6 năm trước, việc triển khai trên Android lần này có vẻ vẫn đang ở giai đoạn cập nhật từ phía máy chủ (server-side), đồng nghĩa với việc không phải ai cũng thấy nút bấm mới, dù đã cập nhật ứng dụng lên bản mới nhất. Tuy vẫn còn một điểm trừ nhỏ là chưa cho phép đổi màu sắc nhãn như phiên bản máy tính, nhưng đây vẫn là một bước đi tích cực của gã khổng lồ tìm kiếm để xoa dịu người dùng Android.",,"Gmail, Android, IOS, quản lý email",https://images2.thanhnien.vn/528068263637045248/2024/12/20/2162785-gmail-1582461684-1734664435100-173466443599028805197.jpeg,"[""https://images2.thanhnien.vn/528068263637045248/2024/12/20/2162785-gmail-1582461684-1734664435100-173466443599028805197.jpeg"", ""https://images2.thanhnien.vn/thumb_w/640/528068263637045248/2026/2/11/1-horz-1770781986172588315428.jpg""]",,2026-02-11T11:13:00+07:00,2026-07-03T14:34:39.852879,Công nghệ,,,,
185250906100756726,https://thanhnien.vn/google-nang-cap-tinh-nang-circle-to-search-185250906100756726.htm,thanhnien.vn,,,,,,Google nâng cấp tính năng Circle to Search,Google vừa công bố nâng cấp tính năng Circle to Search nhằm cho phép người dùng dịch văn bản trên trang web một cách liền mạch khi cuộn trang.,"Theo Google, dịch thuật là một trong những tính năng được sử dụng nhiều nhất trong Circle to Search, vì vậy công ty đã phát triển bản cập nhật này nhằm cải thiện trải nghiệm người dùng. Việc dịch thuật văn bản trên màn hình trở nên thuận lợi hơn với tính năng mới trên Circle to Search ẢNH: GOOGLE Cụ thể, trong khi người dùng trước đây phải khởi động lại quy trình dịch mỗi khi cuộn lên hoặc xuống, với bản cập nhật mới, sau khi bắt đầu dịch nội dung, tính năng này sẽ tự động tiếp tục dịch văn bản khi nó xuất hiện trên màn hình, giúp người dùng dễ dàng duyệt các menu kỹ thuật số ngay cả khi chúng được tạo thành từ nhiều hình ảnh. Đây chỉ là một trong những nỗ lực của Google nhằm cải thiện tính năng trên các ứng dụng của mình. Gần đây, công ty cũng đã triển khai một số tính năng nổi bật từ iMessage cho Google Messages và ra mắt công cụ viết dựa trên AI (trí tuệ nhân tạo) cho ứng dụng Gboard, điều đó mang đến nhiều cách hơn để nâng cao khả năng viết cho người dùng. Cách sử dụng tính năng mới trên Circle to Search Nếu muốn trải nghiệm tính năng dịch thuật mới, người dùng có thể sẽ phải chờ vài ngày do Google đang triển khai dần tính năng cho các thiết bị Android, bắt đầu từ các thiết bị Samsung và sau đó mở rộng sang các thiết bị khác. Trình diễn khả năng mới của Circle to Search Để kiểm tra xem người dùng có thể truy cập tính năng này hay không, hãy mở ứng dụng Circle to Search bằng cách nhấn và giữ nút Home trên thanh điều hướng của điện thoại, sau đó nhấn vào biểu tượng Dịch. Nếu đã cập nhật phiên bản mới, người dùng sẽ thấy tùy chọn Scroll and translate. Nếu không, người dùng sẽ cần đợi ứng dụng được tải về thiết bị của mình. Việc Google triển khai tính năng mới này một cách từ từ không có gì ngạc nhiên, đặc biệt khi các thiết bị Samsung sẽ là những thiết bị đầu tiên được cập nhật. Circle to Search ban đầu được ra mắt trên Galaxy S24 và Google đã duy trì mối quan hệ hợp tác chặt chẽ với Samsung trong nhiều năm qua, đặc biệt trong lĩnh vực AI. Gần đây, Google cũng đã phát hành nhiều tính năng mới cho Android và một số bổ sung dành riêng cho Pixel trong bản cập nhật Pixel Drop mới nhất.",,"Google, tính năng mới, Dịch thuật, trí tuệ nhân tạo",https://images2.thanhnien.vn/thumb_w/640/528068263637045248/2025/9/6/1-17571278502501578600326.jpg,"[""https://images2.thanhnien.vn/thumb_w/640/528068263637045248/2025/9/6/1-17571278502501578600326.jpg""]",,2025-09-06T18:50:00+07:00,2026-07-03T14:34:39.917648,Công nghệ,,,,
185251119212935705,https://thanhnien.vn/microsoft-dang-bien-windows-thanh-he-dieu-hanh-dang-so-185251119212935705.htm,thanhnien.vn,,,,,,Microsoft đang biến Windows thành hệ điều hành 'đáng sợ',Một tài liệu hỗ trợ mới được Microsoft công bố đã làm rõ hơn về kế hoạch mà hãng muốn mang đến hệ điều hành Windows trong thời gian tới.,"Cách nay vài ngày, Microsoft đã công bố rằng Windows đang tiến tới việc trở thành một ""Agentic OS"", tức là tích hợp các chức năng trí tuệ nhân tạo (AI) có khả năng hoạt động tự động. Trong tài liệu mới công bố, công ty cho biết những tính năng mới hiện đã được triển khai cho các thành viên Windows Insider. Windows sắp trở thành hệ điều hành 'biết làm việc' Theo PCGamer , một trong những tính năng nổi bật được liệt kê có tên ""Copilot Actions"" sẽ cho phép AI tương tác với các tệp cục bộ. Microsoft mô tả Copilot Actions như một ""cộng tác viên kỹ thuật số"" có khả năng thực hiện các nhiệm vụ phức tạp giúp người dùng nâng cao hiệu quả và năng suất làm việc. Windows bước vào kỷ nguyên ""hệ điều hành tự động"" ẢNH: MICROSOFT Copilot Actions sẽ hoạt động trong một ""không gian làm việc của tác nhân"", nơi người dùng có thể cấp quyền truy cập cho AI vào các ứng dụng và tệp của mình. Không gian này được thiết kế để tách biệt rõ ràng giữa hoạt động của AI và người dùng nhằm ủy quyền có giới hạn và bảo vệ thông tin cá nhân. Microsoft cho biết Copilot Actions đang được triển khai dần cho người dùng Windows Insider thông qua bản cập nhật ứng dụng Copilot trên Microsoft Store. Một số ví dụ về ứng dụng của tính năng này bao gồm hỗ trợ sắp xếp ảnh, quản lý thư mục Downloads, chuyển đổi tệp và trích xuất thông tin từ PDF. Tính năng mới của Windows gây lo ngại Vấn đề là, sự xâm nhập của AI vào hoạt động trên PC nhanh chóng gây ra những lo ngại về vấn đề quyền riêng tư. Người dùng có thể lo ngại về việc AI truy cập vào các tệp cá nhân. AI có thể ""xử lý"" tệp ngay trên máy tính ẢNH: MICROSOFT Microsoft cam kết sẽ áp dụng các biện pháp bảo mật và quyền riêng tư mạnh mẽ giúp người dùng yên tâm khi khám phá tiềm năng của AI. Công ty cũng nhấn mạnh rằng Windows sẽ hỗ trợ các tác nhân tuân thủ các cam kết về quyền riêng tư và tiêu chuẩn AI có trách nhiệm. Dù Microsoft đã thể hiện cam kết về tính minh bạch và quyền riêng tư, vẫn còn nhiều câu hỏi chưa được giải đáp. Chẳng hạn, liệu thông tin từ các tệp cấp quyền có được sử dụng để đào tạo AI hay không và thông tin đó có được ẩn danh hay không. Sẽ thú vị để xem Microsoft sẽ thiết lập những hạn chế nào cho AI mới này trong tương lai.",,"Microsoft, Copilot Actions, trợ lý AI, hệ điều hành",https://images2.thanhnien.vn/thumb_w/640/528068263637045248/2025/11/19/1-1763562346536856318782.jpg,"[""https://images2.thanhnien.vn/thumb_w/640/528068263637045248/2025/11/19/1-1763562346536856318782.jpg"", ""https://images2.thanhnien.vn/thumb_w/640/528068263637045248/2025/11/19/2-17635623876711872400119.jpg""]",,2025-11-20T07:14:00+07:00,2026-07-03T14:34:39.984084,Công nghệ,,,,
185251130222709314,https://thanhnien.vn/nhung-thiet-bi-huu-ich-hon-ca-o-flash-usb-185251130222709314.htm,thanhnien.vn,,,,,,Những thiết bị hữu ích hơn cả ổ flash USB,"Từ pin dự phòng đến thiết bị theo dõi, nhiều phụ kiện nhỏ đang chứng tỏ vai trò quan trọng hơn cả ổ USB trong đời sống số hiện nay.","Ổ flash USB và ổ cứng ngoài là những thiết bị lưu trữ di động tiện lợi để người dùng truyền tải dữ liệu giữa các thiết bị, cài đặt hệ điều hành, chạy ứng dụng và thậm chí sử dụng như khóa bảo mật. Với giá cả phải chăng và nhiều lựa chọn dung lượng cùng các đầu nối như USB-C và USB-A, chúng phù hợp với cả thiết bị cũ và mới. Tuy nhiên, bên cạnh những tiện ích của ổ flash USB, còn nhiều thiết bị khác có thể mang lại lợi ích lớn hơn trong cuộc sống hằng ngày. Người dùng công nghệ đang chuộng gì ngoài USB và ổ cứng di động? Một trong những thiết bị không thể thiếu là pin dự phòng. Khi mà người dùng sở hữu nhiều thiết bị cần sạc như smartphone và smartwatch, việc có một cáp USB sạc nhanh và bộ sạc dự phòng mạnh mẽ trở thành nhu cầu thiết yếu. Pin dự phòng rất hữu ích trong quá trình di chuyển ẢNH: REUTERS Đặc biệt, khi di chuyển hoặc du lịch, việc tiếp cận ổ cắm điện không phải lúc nào cũng dễ dàng. Do đó, pin dự phòng đã trở thành một giải pháp lý tưởng để sạc điện thoại, máy tính bảng, tai nghe không dây và thậm chí cả laptop. Hầu hết pin dự phòng đều nhỏ gọn, giá cả phải chăng và dễ sử dụng. Khi chọn mua, người tiêu dùng nên cân nhắc dung lượng pin, tốc độ sạc và khả năng hỗ trợ các giao thức sạc nhanh như USB Power Delivery (USB PD). Nếu có kế hoạch mang theo lên máy bay, hãy chọn loại được các hãng hàng không phê duyệt. Một thiết bị khác cũng hữu ích là thiết bị theo dõi đồ vật, hay còn gọi là thiết bị theo dõi thông minh để người dùng theo dõi và định vị đồ vật có giá trị trong trường hợp bị mất. Khi được kết nối với điện thoại, người dùng có thể theo dõi vị trí của thiết bị qua Bluetooth và mạng lưới thẻ của công ty. Các thiết bị theo dõi giúp tìm lại đồ thất lạc hoặc mất cắp tốt hơn ẢNH: NBC NEWS Ví dụ, AirTag của Apple cho phép người dùng tìm kiếm vị trí của nó thông qua các thiết bị Apple khác. Ngoài AirTag còn có nhiều lựa chọn thay thế cho người dùng Android như Samsung SmartTag 2 và các thiết bị theo dõi Tile. Khi chọn mua thiết bị theo dõi, người dùng cần lưu ý đến sự tương thích với điện thoại và hệ điều hành, phạm vi kết nối Bluetooth, thời lượng pin và khả năng gắn vào đồ vật dễ dàng. Những thiết bị này không chỉ giúp cuộc sống hằng ngày trở nên thuận tiện hơn mà còn mang lại sự an tâm cho người dùng.",,"pin dự phòng, airtag, thiết bị di động, Apple",https://images2.thanhnien.vn/thumb_w/640/528068263637045248/2025/11/30/2-17645162976291992290498.jpg,"[""https://images2.thanhnien.vn/thumb_w/640/528068263637045248/2025/11/30/2-17645162976291992290498.jpg"", ""https://images2.thanhnien.vn/thumb_w/640/528068263637045248/2025/11/30/3-1764516306723840016216.jpg""]",,2025-12-01T07:15:00+07:00,2026-07-03T14:34:40.064437,Công nghệ,,,,
1852506062127439,https://thanhnien.vn/samsung-lo-tay-xac-nhan-galaxy-z-flip-7-va-fold-7-1852506062127439.htm,thanhnien.vn,,,,,,Samsung 'lỡ tay' xác nhận Galaxy Z Flip 7 và Fold 7,Samsung 'hớ hênh' trên Galaxy Store khiến Galaxy Z Flip 7 và Fold 7 bị lộ thông tin.,"Theo Android Authority , trong lúc cộng đồng công nghệ đang nóng lòng chờ đợi sự kiện ra mắt thế hệ điện thoại gập mới vào tháng tới, Samsung dường như đã vô tình xác nhận tên gọi chính thức của các sản phẩm này. Không phải từ một nguồn tin rò rỉ bên ngoài, bằng chứng lần này lại đến từ chính 'sân nhà' của gã khổng lồ Hàn Quốc. Samsung vô tình để lộ thông tin về Galaxy Z Flip 7 và Fold 7 Theo phát hiện từ trang tin uy tín GalaxyClub , một danh sách ứng dụng mới đã bất ngờ xuất hiện trên Galaxy Store với cái tên không thể rõ ràng hơn là 'Samsung Internet Browser for Fold 7 and Flip 7'. Đây được xem là lời xác nhận gần như chính thức đầu tiên về tên gọi của hai chiếc flagship gập rất được mong đợi. Manh mối về Galaxy Z Flip 7 và Fold 7 lộ diện trên Galaxy Store ẢNH: CHỤP MÀN HÌNH Điều thú vị hơn là cách thức danh sách này được tìm thấy. Theo báo cáo, người dùng các thiết bị Galaxy đang chạy Android 15 và One UI 7 sẽ không thể tìm thấy ứng dụng này. Tuy nhiên, nếu bạn đang trải nghiệm phiên bản beta của One UI 8 trên một thiết bị như Galaxy S25, ứng dụng này sẽ hiển thị dưới một cái tên khác là 'Samsung Internet Browser for One UI 8 beta'. Mặc dù tên gọi khác nhau, cả hai danh sách này lại giống hệt nhau đến từng con số phiên bản (28.0.2.43). Phát hiện này không chỉ xác nhận tên gọi Galaxy Z Fold 7 và Galaxy Z Flip 7 mà còn củng cố thêm nhiều thông tin quan trọng khác. Thứ nhất, nó một lần nữa khẳng định One UI 8 sẽ ra mắt lần đầu tiên trên bộ đôi điện thoại gập này, đúng như Samsung tuyên bố trước đó. Thứ hai, nó xảy ra ngay sau khi Samsung 'nhá hàng' về một 'trải nghiệm Ultra' cho dòng Z Fold mới, làm dấy lên khả năng người hâm mộ sẽ có cả một phiên bản Galaxy Z Fold 7 Ultra cao cấp hơn. Mặc dù danh sách ứng dụng không tiết lộ bất kỳ tính năng mới nào, nó cũng gợi nhắc về tin đồn trước đây rằng trình duyệt Samsung Internet trên One UI 8 sẽ có khả năng tóm tắt video trực tuyến một cách thông minh. Với những bằng chứng ngày càng rõ ràng, tất cả những gì chúng ta cần làm bây giờ là chờ đợi sự kiện Unpacked của Samsung vào tháng tới để chiêm ngưỡng toàn bộ vẻ đẹp và sức mạnh của bộ đôi Galaxy Z 2025.",,"One UI, Z Fold, GALAXY, ứng dụng, điện thoại gập, thiết bị",https://images2.thanhnien.vn/thumb_w/640/528068263637045248/2025/6/6/fold-1749220127475454379641.jpg,"[""https://images2.thanhnien.vn/thumb_w/640/528068263637045248/2025/6/6/fold-1749220127475454379641.jpg""]",,2025-06-07T08:56:00+07:00,2026-07-03T14:34:40.355201,Công nghệ,,,,
185250402012027192,https://thanhnien.vn/vo-tinh-vut-bo-vi-bitcoin-tri-gia-3-trieu-bang-anh-185250402012027192.htm,thanhnien.vn,,,,,,Vô tình vứt bỏ ví Bitcoin trị giá 3 triệu bảng Anh,Một cư dân Anh có tên Ellie Hart đã vô tình vứt bỏ một chiếc USB chứa ví Bitcoin vào thùng rác trong quá trình dọn dẹp.,"Theo DailyStar , Ellie Hart đã nhầm tưởng chiếc USB đó là một ổ flash thông thường nhưng thực chất là ví Bitcoin của vị hôn phu của cô có tên Tom, với số tiền ước tính trị giá khoảng 3 triệu bảng Anh. Đã có nhiều tình huống éo le liên quan đến việc vô tình vứt bỏ ví Bitcoin ẢNH: REUTERS Cặp đôi này cho biết họ đang phải đối mặt với nhiều khó khăn trong cuộc sống kể từ sau vụ việc. Ellie, một giáo viên tiểu học 34 tuổi, chia sẻ: ""Nó chỉ nằm trong ngăn kéo cùng với những biên lai cũ, pin hỏng và dây điện rối tung. Tôi nghĩ đó là một trong những ổ đĩa flash của trường và đã vứt nó đi mà không suy nghĩ gì cả"". Không thể 'mở khóa' gia tài Bitcoin Sự thật đau lòng đã được phơi bày vài ngày sau đó khi Tom, một nhà phát triển trang web 36 tuổi, không thể tìm thấy chiếc USB và hỏi Ellie về nơi nó đã biến mất. Ngay lập tức, cô nhận ra sai lầm của mình và kể lại những gì đã xảy ra. ""Chúng tôi thậm chí còn đổ hết các túi rác. Đó vừa là sự hoảng loạn vừa là hy vọng, nhưng sâu thẳm trong lòng tôi biết rằng đã quá muộn rồi"", Ellie nói. Cô cũng mô tả đây là ""sai lầm tồi tệ nhất tôi từng mắc phải"". Nga dùng bitcoin thanh toán quốc tế để đối phó cấm vận của phương Tây Với việc không có chiếc USB, Tom không thể truy cập vào ""gia tài Bitcoin"" của mình. Đây là khoản Bitcoin mà Tom đã đầu tư từ năm 2013 khi giá còn thấp. Mặc dù không trách móc Ellie nhưng sự im lặng của Tom đã nói lên tất cả. Ellie Hart cho biết, việc vượt qua tình huống này không hề dễ dàng. ""Bạn cứ tua lại trong đầu, ngay lúc bạn nhặt thiết bị lên, ngay lúc nó rơi vào thùng rác . Tôi sẽ làm bất cứ điều gì để sửa chữa sai lầm này. Tôi chưa bao giờ nghĩ rằng một thứ có giá trị lại có thể trông bình thường đến vậy. Nếu bạn giữ tiền hoặc bất cứ thứ gì có giá trị trên ổ USB, hãy dán nhãn, khóa nó lại, đừng mắc phải sai lầm như tôi"", cô khuyên.",,"Usb, Thùng rác, ví điện tử",https://images2.thanhnien.vn/thumb_w/640/528068263637045248/2025/4/1/1-17435312013431976274457.jpg,"[""https://images2.thanhnien.vn/thumb_w/640/528068263637045248/2025/4/1/1-17435312013431976274457.jpg""]",,2025-04-02T07:25:00+07:00,2026-07-03T14:34:40.478078,Công nghệ,,,,
185250818101556432,https://thanhnien.vn/windows-11-gap-su-co-vi-ban-cap-nhat-moi-185250818101556432.htm,thanhnien.vn,,,,,,Windows 11 gặp sự cố vì bản cập nhật mới,Một sự cố nghiêm trọng đã được ghi nhận liên quan đến một trong số các bản vá bảo mật mà Microsoft vừa phát hành cho Windows 11 và 10.,"Vào tuần trước, Microsoft phát hành một bản cập nhật quan trọng cho phần mềm bảo mật Defender nhằm giải quyết vấn đề mã độc Lamma đang lan rộng. Bản cập nhật này được phát hành đồng thời với bản vá Patch Tuesdays tháng 8.2025 cho Windows 11 (KB5063878, KB5063875) và Windows 10 (KB5063709, KB5063877, KB5063871, KB5063889). Sự cố được cho là đang xảy ra với một số người dùng Windows 11 24H2 tại Nhật Bản ẢNH: REUTERS Mặc dù vậy, bản vá Windows 11 24H2 (KB5063878) được cho là không hoàn hảo khi nhiều người dùng gặp phải sự cố cài đặt với mã lỗi 0x80240069. Microsoft đã nhanh chóng khắc phục sự cố này và phát hành bản sửa lỗi. Tuy nhiên, một vấn đề nghiêm trọng khác đã xuất hiện khi bản cập nhật dường như gây ra lỗi lưu trữ, khiến một số ổ đĩa không thể được hệ điều hành nhận diện, cùng với các vấn đề liên quan đến công nghệ tự giám sát, phân tích và báo cáo (SMART). Không phải mọi hệ thống Windows 11 đều gặp vấn đề Theo báo cáo, vấn đề này xảy ra khi ghi dữ liệu nặng vào các ổ SSD NVMe và ổ cứng HDD, đặc biệt khi dung lượng ghi liên tục đạt 50 GB và mức sử dụng bộ điều khiển vượt quá 60%. Điều này có thể dẫn đến lỗi tệp nghiêm trọng. Mặc dù sự cố này được khắc phục sau khi khởi động lại hệ thống, tuy nhiên nó vẫn không giải quyết được nguyên nhân gốc rễ do vấn đề vẫn tái diễn sau đó. Demo thay đổi cài đặt Windows 11 bằng Copilot của Dell Phân tích cho thấy các ổ SSD sử dụng bộ điều khiển NAND Phison, đặc biệt là các mẫu không có DRAM, thường gặp lỗi. Một số ổ cứng HDD cấp doanh nghiệp cũng gặp phải tình trạng tương tự khi ghi dữ liệu với cường độ cao. Vấn đề này có nhiều điểm tương đồng với lỗi bộ đệm bộ nhớ máy chủ (HMB) của WD SN770 trước đó và việc hạn chế hoặc vô hiệu hóa HMB không mang lại cải thiện nào. Đáng chú ý, chỉ một số báo cáo từ người dùng tại Nhật Bản ở thời điểm hiện tại báo cáo về vấn đề này, điều đó cho thấy đây có thể là một sự cố mang tính khu vực.",,"bản cập nhật, sự cố, ổ SSD",https://images2.thanhnien.vn/thumb_w/640/528068263637045248/2025/8/18/1-1755486486086355150390.jpg,"[""https://images2.thanhnien.vn/thumb_w/640/528068263637045248/2025/8/18/1-1755486486086355150390.jpg""]",,2025-08-18T10:44:00+07:00,2026-07-03T14:34:40.787640,Công nghệ,,,,
1851474089,https://thanhnien.vn/play-together-vng-thong-linh-cac-bang-xep-hang-can-moc-1-trieu-luot-tai-1851474089.htm,thanhnien.vn,,,,,,"Play Together VNG ‘thống lĩnh’ các bảng xếp hạng, cán mốc 1 triệu lượt tải","Ngay sau khi cho phép tải game và tiến hành chuyển đổi vào sáng 30.6, Play Together VNG đã đón hàng triệu game thủ 'chuyển nhà' về Việt Nam chỉ trong vòng 24 tiếng đồng hồ.","9 giờ sáng 30.6, Play Together VNG chính thức mở cửa đón người chơi “hồi hương” về Việt Nam. Chỉ trong 24 tiếng, tựa game này đã cán mốc 1 triệu lượt tải, nhanh chóng chiếm giữ vị trí Top 1 cả hai bảng xếp hạng ứng dụng Google Play và App Store. Thông qua 6 bước chuyển đổi đơn giản, hàng triệu game thủ đã chính thức dọn về ngôi nhà mới mang tên Play Together VNG. Play Together VNG nhanh chóng leo top các bảng xếp hạng ngay sau khi ra mắt chính thức Khuấy động chuyển nhà cùng hashtag #cungvenuoc Nếu thử “gõ nhẹ” hashtag này trên TikTok, bạn sẽ choáng ngợp bởi cả ngàn bài đăng kêu gọi chuyển nhà đến từ người chơi. Dưới sự đồng hành của những cái tên rất “tín” trong giới streamer như Thạc Đức, MisThy, Vê Vê, Mister Vịt, Play Together VNG chưa bao giờ rộn ràng đến thế. Rất nhiều các bài post, video 6 bước chuyển nhà được chính game thủ hướng dẫn cho những người chơi Play Together VNG khác. Không tốn phí, dễ dàng liên kết với tài khoản quốc tế, game thủ không mất bất kỳ thứ gì để có thể chơi game thông qua phiên bản VNG mà còn được nhận thêm 500 Kim Cương sau khi chuyển đổi thành công. Thậm chí, dạo quanh các group cộng đồng về Play Together, các chủ đề bàn luận, kêu gọi chuyển nhà từ người chơi diễn ra còn nhộn nhịp hơn. Từ các nhóm chat nhỏ vài thành viên, cho tới các team lớn tới cả chục, trăm người,... đều đang rục rịch chuẩn bị cho một sân chơi mới. Sau khi chuyển nhà, đã đến lúc hội quân Một trong những việc đầu tiên sau khi chuyển đổi là tìm đồng đội. Những nhóm bạn bè hay các team lớn thì đã có chốn về, nhưng đa phần game thủ mới chơi, lần đầu làm quen với Play Together VNG thì lại khác. Họ rất muốn có một cộng đồng vui vẻ, hòa đồng để xây dựng các câu chuyện thú vị trong game Chính vì thế, bạn sẽ rất dễ gặp các bài post tuyển thành viên, những lời hỏi han “xin vào team”, “nhóm chat”,... Tất cả đều đang tích cực lựa chọn cho mình những người bạn, hàng xóm, các chiến hữu tốt nhất trong ngôi nhà mới mang tên Play Together VNG. Tất cả đều đang rất háo hức với môi trường mới này, bởi đã lâu lắm rồi, họ mới tìm được một Play Together của người Việt, do đội ngũ Việt phát hành và quản lý. “ Mình chơi từ ngày ra mắt đầu tiên của Play Together cho đến giờ. Nếu có ở Việt Nam thì sẽ dễ dàng hơn trong việc chơi game, tham gia event này kia, người chơi cũng là người Việt nên dễ giao tiếp hơn. Những góp ý gửi lên nhà phát triển cũng sẽ dễ dàng hơn trước”, một người chơi nhận xét. Họ cho rằng, Play Together là một game mang đậm tính văn hóa, cộng đồng và các mối quan hệ xã hội. Vì thế, sẽ rất thú vị khi toàn bộ người chơi này đều hòa chung một nền văn hóa, ngôn ngữ, một cộng đồng Việt. Sẽ rất dễ dàng trong việc giao tiếp, xây dựng chủ đề cũng như hướng phát triển sau này. Chưa kể, VNGGames là một trong những đơn vị hàng đầu trong lĩnh vực phát hành game tại Việt Nam. Họ luôn lắng nghe game thủ để có những thay đổi, điều chỉnh hợp lý gửi đến nhà phát triển HAEGIN, tạo sân chơi thú vị nhất mà ai cũng ao ước. Giai đoạn chuyển nhà về phiên bản Play Together VNG vẫn đang diễn ra liên tục, với phần thưởng “tân gia” là 500 kim cương. Đây là phần thưởng khá lớn khi game thủ thậm chí có thể tậu luôn một căn nhà sang trọng hay một combo vật phẩm cực xịn nào đó. Vì thế, đừng chần chừ nữa, hãy chớp nhanh lấy thời cơ này vì thời gian chỉ có hạn thôi. Chuyển nhà ngày về Play Together VNG tại đây và đừng quên cập nhật thông tin mới nhất về các sự kiện sắp diễn ra qua các cổng thông tin chính thức, bao gồm: Trang chủ: http://playtogether.vnggames.com/",,"Play Together VNG , VNG, VNGGames, Play Together",https://thanhnien.mediacdn.vn/Uploaded/hongky-qc/2022_07_02/image1-1751.jpg,"[""https://thanhnien.mediacdn.vn/Uploaded/hongky-qc/2022_07_02/image1-1751.jpg"", ""https://thanhnien.mediacdn.vn/Uploaded/hongky-qc/2022_07_02/image2-7801.png"", ""https://thanhnien.mediacdn.vn/Uploaded/hongky-qc/2022_07_02/image3-466.jpg"", ""https://thanhnien.mediacdn.vn/Uploaded/hongky-qc/2022_07_02/image4-9902.jpg"", ""https://thanhnien.mediacdn.vn/Uploaded/hongky-qc/2022_07_02/image5-9849.jpeg"", ""https://thanhnien.mediacdn.vn/Uploaded/hongky-qc/2022_07_02/image6-9664.jpeg"", ""https://thanhnien.mediacdn.vn/Uploaded/hongky-qc/2022_07_02/image7-2071.jpeg"", ""https://thanhnien.mediacdn.vn/Uploaded/hongky-qc/2022_07_02/image8-6577.jpeg""]",,2022-07-02T09:00:29+07:00,2026-07-03T14:34:41.226473,Công nghệ,,,,
185251205123844294,https://thanhnien.vn/google-muon-dua-trung-tam-du-lieu-len-vu-tru-de-nuoi-ai-185251205123844294.htm,thanhnien.vn,,,,,,Google muốn đưa trung tâm dữ liệu lên vũ trụ để 'nuôi' AI,CEO Sundar Pichai đã xác nhận tham vọng về trung tâm dữ liệu chạy bằng năng lượng mặt trời ngoài không gian sẽ là tương lai của Google.,"Theo TechSpot , trong cuộc phỏng vấn với Fox News cuối tuần qua, CEO Google Sundar Pichai tiết lộ về 'Project Suncatcher', đây là một dự án táo bạo nhằm giải quyết cơn khát năng lượng của các hệ thống AI bằng cách khai thác trực tiếp nguồn năng lượng mặt trời vô tận ngoài không gian. Kế hoạch 'đưa máy chủ AI lên trời' của Google vào năm 2027 Theo lộ trình, các trung tâm dữ liệu không gian đầu tiên sẽ đi vào hoạt động với công suất giới hạn vào năm 2027. Google dự kiến hợp tác với Planet để phóng hai vệ tinh nguyên mẫu mang theo các tủ máy chủ thu nhỏ lên quỹ đạo. Ông Pichai dự đoán trong vòng 10 năm tới, các trung tâm dữ liệu ngoài Trái Đất sẽ trở nên phổ biến. Thậm chí, các công ty công nghệ sẽ xây dựng những cơ sở khổng lồ quy mô Gigawatt ngoài vũ trụ để phục vụ sự bùng nổ của trí tuệ nhân tạo. Google có kế hoạch đưa trung tâm dữ liệu AI lên vũ trụ vào năm 2027 ẢNH: CHỤP MÀN HÌNH TECHSPOT Lý do cốt lõi của việc rời bỏ mặt đất nằm ở vấn đề năng lượng . Một báo cáo năm 2024 của Phòng thí nghiệm Quốc gia Lawrence Berkeley (Mỹ) chỉ ra rằng các trung tâm dữ liệu tại quốc gia này hiện đã tiêu thụ hơn 4% tổng sản lượng điện của đất nước. Con số này dự kiến sẽ tăng vọt lên 12% vào năm 2028 do sự phát triển nóng của AI, gây áp lực khủng khiếp lên lưới điện, đẩy giá điện tăng cao và gây ra làn sóng phản đối tại nhiều vùng nông thôn. Project Suncatcher được Google mô tả là giải pháp tối ưu. Đây là một dự án nghiên cứu mang tính đột phá, sử dụng năng lượng mặt trời để vận hành các bầy vệ tinh được trang bị bộ xử lý TPU (Tensor Processing Units) chuyên dụng cho AI. Điểm đặc biệt là các vệ tinh này sẽ giao tiếp với nhau qua liên kết laser thay vì cáp quang truyền thống. Google tin rằng việc mở rộng quy mô tính toán máy học (machine-learning compute) trong không gian không chỉ đáp ứng nhu cầu năng lượng vô độ của AI mà còn đảm bảo tính bền vững bằng cách thay thế nhiệt điện bằng năng lượng mặt trời. Không chỉ Google, người sáng lập Jeff Bezos của Amazon gần đây cũng đưa ra nhận định tương tự. Ông cho rằng các trung tâm dữ liệu năng lượng mặt trời trên vũ trụ sẽ trở nên phổ biến trong 20 năm tới và sẽ đạt hiệu quả chi phí tốt hơn so với các cơ sở truyền thống trên Trái Đất .",,"Amazon, Trái đất, Sundar Pichai, Jeff Bezos, Trung tâm dữ liệu, vũ trụ, trí tuệ nhân tạo, máy chủ, AI, Quỹ đạo, Không gian, năng lượng Mặt trời, điện năng, khủng hoảng năng lượng, môi trường",https://images2.thanhnien.vn/thumb_w/640/528068263637045248/2025/12/5/2025-12-03-image-17-1764913075828-17649130765071191404276.jpg,"[""https://images2.thanhnien.vn/thumb_w/640/528068263637045248/2025/12/5/2025-12-03-image-17-1764913075828-17649130765071191404276.jpg""]",,2025-12-06T08:41:00+07:00,2026-07-03T14:34:41.287413,Công nghệ,,,,
185250223133519883,https://thanhnien.vn/cach-mang-thanh-am-luong-tro-lai-man-hinh-khoa-iphone-185250223133519883.htm,thanhnien.vn,,,,,,Cách mang thanh âm lượng trở lại màn hình khóa iPhone,Apple đã cho người dùng 'hồi sinh' thanh âm lượng trên màn hình khóa iPhone.,"Sau thời gian 'vắng bóng' trên màn hình khóa, thanh âm lượng quen thuộc đã chính thức trở lại trên iPhone với bản cập nhật iOS 18.2. Thanh âm lượng chính thức quay lại với màn hình khóa iPhone Kể từ bản iOS 16, Apple đã loại bỏ thanh trượt điều chỉnh âm lượng trên màn hình khóa. Điều này khiến việc điều chỉnh âm lượng nhạc hay podcast trở nên bất tiện, khi phải dùng đến các nút bấm vật lý ở cạnh máy, thường chỉ tăng/giảm âm lượng theo từng nấc định sẵn, không được linh hoạt như thanh trượt. Thanh điều chỉnh âm lượng trên màn hình khóa iPhone ẢNH: CHỤP MÀN HÌNH APPSNTIPS Nhưng giờ đây, khi iOS 18.2 phát hành, sự bất tiện đó đã được giải quyết. Người dùng có thể dễ dàng khôi phục thanh điều chỉnh âm lượng ngay trên màn hình khóa, mang lại sự tiện lợi và chính xác hơn trong việc kiểm soát âm lượng. Cách mở lại thanh âm lượng trên màn hình khóa Mở ứng dụng Cài đặt (Settings) trên iPhone. Chọn mục Trợ năng (Accessibility). Chọn Âm thanh & Hình ảnh (Audio & Visual) dưới phần Thính giác (Hearing). Bật công tắc tại mục 'Luôn hiển thị điều khiển âm lượng' (Always Show Volume Control). Các bước kích hoạt thanh âm lượng trở lại ẢNH: CHỤP MÀN HÌNH Chỉ với 4 bước đơn giản, người dùng đã có thể mang thanh điều chỉnh âm lượng trở lại màn hình khóa, giúp việc điều chỉnh âm lượng trở nên dễ dàng và trực quan hơn, đặc biệt khi đang nghe nhạc hay podcast ở những nơi công cộng.",,"chỉnh âm lượng, điều chỉnh, Màn hình, Âm lượng, Trực quan, điều khiển, âm thanh",https://images2.thanhnien.vn/thumb_w/640/528068263637045248/2025/2/23/volume-17402930167421607835253.jpg,"[""https://images2.thanhnien.vn/thumb_w/640/528068263637045248/2025/2/23/volume-17402930167421607835253.jpg"", ""https://images2.thanhnien.vn/thumb_w/640/528068263637045248/2025/2/23/111-1740292910405286967516.jpg""]",,2025-02-23T13:53:00+07:00,2026-07-03T14:34:41.349572,Công nghệ,,,,
185250924183436395,https://thanhnien.vn/vbee-khang-dinh-vi-the-ai-voice-make-in-vietnam-tai-aws-cloud-day-2025-185250924183436395.htm,thanhnien.vn,,,,,,Vbee khẳng định vị thế AI Voice 'Make in Vietnam' tại AWS Cloud Day 2025,"Ngày 18.9.2025 vừa qua, sự kiện công nghệ quy mô lớn AWS Cloud Day Vietnam – AI Edition 2025, với chủ đề 'New Age Vietnam: From Vision to Value' đã khép lại đầy ấn tượng.","Đây là dịp quy tụ hàng trăm doanh nghiệp, chuyên gia công nghệ và lãnh đạo ngành, cùng nhau chia sẻ góc nhìn và khám phá những hướng đi mới của điện toán đám mây và trí tuệ nhân tạo (AI) trong hành trình kiến tạo tương lai số cho Việt Nam. Phiên bản ""AI Edition"" năm nay tập trung vào các giải pháp ứng dụng thực tiễn, cho thấy AI và điện toán đám mây đã trở thành nền tảng cốt lõi giúp doanh nghiệp tối ưu vận hành và bứt phá trong kinh doanh. Thông qua các phiên thảo luận chuyên sâu do AWS và các chuyên gia đầu ngành dẫn dắt, cùng những câu chuyện thành công từ doanh nghiệp tiên phong, sự kiện đã khẳng định vai trò chiến lược của Cloud và AI trong tăng trưởng và chuyển đổi số. Một điểm nhấn khác của sự kiện là khu triển lãm AWS Partner Expo, nơi các đối tác trưng bày giải pháp tiên tiến, mang đến cho doanh nghiệp trải nghiệm thực tiễn cùng định hướng rõ ràng trong triển khai công nghệ. Không khí đông đúc khách tham quan tại khu vực AWS Partner Expo Giữa bầu không khí sôi động của sự kiện, Vbee - nền tảng AI Voice hàng đầu Việt Nam tự hào góp mặt tại Startup Loft như một trong những startup nổi bật nhất. Chỉ trong một ngày, gian hàng của Vbee đã đón tiếp hơn 500 lượt khách tham quan, mang đến cho mọi người cơ hội trải nghiệm công nghệ chuyển văn bản thành giọng nói tiên tiến và tính năng nhân bản giọng nói nhanh (Voice Cloning Instant) chỉ trong vài giây. Nhiều khách tham dự bày tỏ sự ngạc nhiên và thích thú khi được trải nghiệm sản phẩm, nghe chính giọng nói AI của mình vang lên, đồng thời đánh giá cao tiềm năng ứng dụng công nghệ này trong sáng tạo nội dung, audiobook, lồng tiếng và truyền thông đa phương tiện. Không chỉ có công nghệ Text to Speech, gian hàng Vbee còn tạo nên bầu không khí sôi động với các hoạt động tương tác và những khoảnh khắc giao lưu đáng nhớ, góp phần biến Vbee trở thành 'Best Booth of the Year' trong lòng khách tham quan. Gian hàng của Vbee thu hút hàng trăm khách tham quan và trải nghiệm Tham gia AWS Cloud Day Vietnam 2025, Vbee không chỉ khẳng định vị thế trong hệ sinh thái AI ""Make in Vietnam"" mà còn thể hiện vai trò chiến lược như một đối tác tận dụng sức mạnh của AWS để nâng tầm giải pháp công nghệ. Là đơn vị tiên phong trong lĩnh vực AI Voice, Vbee tích hợp nền tảng đám mây AWS để đảm bảo hiệu suất vượt trội, khả năng mở rộng linh hoạt và bảo mật tối ưu cho các giải pháp chuyển đổi văn bản thành giọng nói. Sự đón nhận tích cực tại AWS Cloud Day 2025 một lần nữa khẳng định rằng AI Voice không chỉ là công nghệ mới mẻ, mà đã và đang trở thành xu hướng tất yếu trong kỷ nguyên số. Với nền tảng công nghệ vững chắc và khả năng ứng dụng rộng khắp từ sáng tạo nội dung, truyền thông đến dịch vụ khách hàng và giáo dục, Vbee định vị mình không chỉ là nhà cung cấp sản phẩm, mà còn là đối tác chiến lược trong hành trình chuyển đổi số của doanh nghiệp. Trong giai đoạn tiếp theo, Vbee cam kết mở rộng tính năng, tăng cường tích hợp với hệ thống và nền tảng quốc tế, đồng thời giữ vững tinh thần ""Make in Vietnam"" để tạo ra những sản phẩm vừa mang tính toàn cầu, vừa đáp ứng sâu sắc nhu cầu nội địa. Đây không chỉ là bước tiến của riêng Vbee, mà còn là minh chứng cho tiềm năng vươn xa của công nghệ AI Voice Việt Nam trong hành trình hội nhập quốc tế.",,"AWS Cloud Day Vietnam – AI Edition 2025, New Age Vietnam: From Vision to Value, AI Voice “Make in Vietnam” tại AWS Cloud Day 2025, sự kiện công nghệ quy mô lớn",https://images2.thanhnien.vn/thumb_w/640/528068263637045248/2025/9/24/anh-1-1758713145000959708379.jpeg,"[""https://images2.thanhnien.vn/thumb_w/640/528068263637045248/2025/9/24/anh-1-1758713145000959708379.jpeg"", ""https://images2.thanhnien.vn/thumb_w/640/528068263637045248/2025/9/24/anh-2-1758713145173979273305.jpg"", ""https://images2.thanhnien.vn/thumb_w/640/528068263637045248/2025/9/24/anh-3-17587131451791069345432.jpeg""]",,2025-09-25T08:00:00+07:00,2026-07-03T14:34:41.837948,Công nghệ,,,,
185250902013046859,https://thanhnien.vn/dieu-gi-dang-khien-dien-thoai-ngay-cang-te-hon-185250902013046859.htm,thanhnien.vn,,,,,,Điều gì đang khiến điện thoại ngày càng tệ hơn?,"Công nghệ phát triển nhanh chóng, việc nâng cấp điện thoại mới đã trở thành thói quen của nhiều người.","Tuy nhiên, không phải ai cũng hào hứng với việc này khi mà việc mua điện thoại mới ngày càng trở nên phức tạp và mệt mỏi do những thay đổi theo hướng tệ hơn từ các nhà sản xuất . Thiếu cục sạc đi kèm Một trong những thay đổi gây khó chịu nhất là việc các nhà sản xuất không còn tặng kèm cục sạc khi bán điện thoại mới. Họ mặc định rằng người tiêu dùng đã sở hữu một cục sạc nên chỉ cung cấp sợi cáp USB-C đi kèm. Mặc dù điều này có vẻ thuận tiện, nhưng thực tế không phải ai cũng có sẵn cục sạc tương thích. Việc mua một chiếc điện thoại mới mà không có cục sạc đi kèm thật sự gây bực bội khi mà người dùng có hàng chục sợi cáp nhưng lại không có cục sạc nào. Thiếu cục sạc khi mua mới tạo ra nỗi bực bội của người dùng ẢNH: THE STAR Sự xuất hiện của thẻ eSIM Thay vì sử dụng thẻ SIM vật lý, nhiều điện thoại hiện đã chuyển sang sử dụng thẻ eSIM - một loại thẻ SIM kỹ thuật số. Mặc dù eSIM mang lại một số lợi ích, nhưng nó cũng gây ra không ít rắc rối. Nếu điện thoại bị hỏng, người dùng có thể không truy cập được thông tin trên thẻ eSIM. Hơn nữa, việc chuyển đổi eSIM giữa các thiết bị có thể mất nhiều thời gian và cần sự hỗ trợ từ nhà mạng, tạo ra một quy trình rườm rà. Không còn jack cắm tai nghe Nhiều điện thoại hiện nay đã loại bỏ giắc cắm tai nghe 3,5 mm, buộc người dùng phải chuyển sang tai nghe không dây. Mặc dù tai nghe không dây mang lại sự tiện lợi, tuy nhiên chúng cũng đòi hỏi người dùng phải theo dõi thêm một thiết bị và thường xuyên sạc pin. Việc không có giắc cắm tai nghe khiến cho việc sử dụng tai nghe trở nên phức tạp hơn và đôi khi việc chỉ cần cắm tai nghe vào điện thoại lại là lựa chọn dễ dàng hơn. Hạn chế về dung lượng lưu trữ Trước đây nhiều điện thoại cho phép mở rộng dung lượng lưu trữ thông qua khe cắm thẻ nhớ microSD. Tuy nhiên, nhiều mẫu điện thoại ngày nay không còn khe cắm này, buộc người dùng phải chọn dung lượng lưu trữ lớn ngay từ đầu. Thiếu khe cắm thẻ nhớ mở rộng buộc người dùng phải chuyển sang giải pháp lưu trữ đám mây ẢNH: TOM'S GUIDE Điều này không chỉ làm tăng giá thành mà còn khiến người dùng phải phụ thuộc vào dịch vụ lưu trữ đám mây . Khi dung lượng gần đạt giới hạn, người dùng sẽ phải xóa bớt dữ liệu thay vì có thể thêm vào một thiết bị lưu trữ bổ sung. Kích thước điện thoại Mặc dù điện thoại hiện nay được xem như những chiếc máy tính cầm tay, tuy nhiên kích thước của chúng ngày càng lớn và cồng kềnh. Điều này có thể gây khó khăn cho những ai thường xuyên mang điện thoại trong túi quần. Mặc dù không ai muốn quay lại với những chiếc điện thoại cũ, nhưng kích thước của nhiều mẫu cao cấp hiện tại không nhất thiết phải lớn như vậy. Hầu hết người dùng đều ưa chuộng những chiếc điện thoại dễ cầm và thuận tiện khi di chuyển. Tóm lại, mặc dù công nghệ điện thoại ngày càng tiên tiến, những thay đổi trong cách thức mua sắm và sử dụng điện thoại đang tạo ra nhiều thách thức cho người tiêu dùng. Việc tìm kiếm một chiếc điện thoại phù hợp không chỉ đơn thuần là về tính năng mà còn là sự tiện lợi trong quá trình sử dụng hằng ngày.",,"Phụ kiện, củ sạc, thẻ eSIM, lưu trữ đám mây",https://images2.thanhnien.vn/thumb_w/640/528068263637045248/2025/9/1/1-17567511514291196778556.jpg,"[""https://images2.thanhnien.vn/thumb_w/640/528068263637045248/2025/9/1/1-17567511514291196778556.jpg"", ""https://images2.thanhnien.vn/thumb_w/640/528068263637045248/2025/9/1/2-17567512662251615166991.jpg""]",,2025-09-02T13:32:00+07:00,2026-07-03T14:34:42.444172,Công nghệ,,,,
185260324155751976,https://thanhnien.vn/cong-nghe-moi-giup-lien-lac-khong-day-duoi-long-dat-185260324155751976.htm,thanhnien.vn,,,,,,Công nghệ mới giúp liên lạc không dây dưới lòng đất,Việc di chuyển xuống lòng đất thường đồng nghĩa với mất tín hiệu và gián đoạn liên lạc.,"Tuy nhiên, các nhà nghiên cứu tại Viện Nghiên cứu Điện tử và Viễn thông Hàn Quốc (ETRI) đã tạo ra một bước đột phá đáng chú ý trong lĩnh vực này khi phát triển công nghệ cho phép liên lạc bằng giọng nói ở độ sâu 100 mét dưới lòng đất mà không cần dây nối. Các nhà nghiên cứu tham gia phát triển công nghệ truyền thông địa từ ẢNH: ETRI Công nghệ này hoạt động dựa trên nguyên lý truyền thông ngầm bằng từ trường, đánh dấu nỗ lực thành công đầu tiên trên thế giới. Thay vì sử dụng sóng radio thông thường dễ bị hấp thụ bởi đất và đá, hệ thống của ETRI sử dụng từ trường tần số thấp. Hệ thống bao gồm một ăng-ten phát có đường kính 1 mét đặt trên mặt đất và một cảm biến thu nhỏ (cầm tay) được đặt dưới lòng đất, hoạt động ở tần số khoảng 15 kHz. Băng thông này đủ để hỗ trợ tốc độ dữ liệu từ 2 đến 4 kbps giúp liên lạc 2 chiều rõ ràng. Nhóm nghiên cứu đã thử nghiệm thành công khả năng liên lạc giữa mặt đất và lớp ngầm thứ năm của một mỏ đá vôi, nơi công nghệ không dây hiện tại không thể tiếp cận. Trong khi các nghiên cứu trước đây chỉ đạt được khoảng cách vài chục mét, ETRI đã nâng con số này lên 100 mét và công nghệ mới còn được thiết kế để có thể đạt được khoảng cách xa hơn nữa. Vai trò của liên lạc dưới lòng đất Những ai đã theo dõi tin tức về các vụ sập hầm mỏ hoặc đường hầm sẽ hiểu cảm giác bất lực của các đội cứu hộ khi họ mất liên lạc với những công nhân bị mắc kẹt. Công nghệ mới có thể thay đổi hoàn toàn tình hình, cho phép các đội cứu hộ liên lạc với những người sống sót bị vùi lấp trong thời gian thực, từ đó cải thiện đáng kể tỷ lệ cứu hộ. Công nghệ mới có thể được xem là một phiên bản tương tự như tính năng liên lạc vệ tinh mà Apple tích hợp trong những chiếc iPhone mới nhất, từ đó giúp những người bị mắc kẹt không có kết nối mạng liên lạc với các dịch vụ cứu hộ . Ngoài lĩnh vực khai thác mỏ và cứu hộ, công nghệ từ ETRI còn có thể được áp dụng trong các đường hầm tiện ích ngầm, đường ống dẫn khí và dầu mỏ, cũng như trong các hoạt động hầm trú ẩn quân sự. ETRI cũng đang nghiên cứu khả năng kết nối hệ thống này với các thiết bị cá nhân như smartphone nhằm tăng tính tiện dụng trong các tình huống cứu hộ thực tế. Nghiên cứu được công bố trên tạp chí IEEE IoT Journal , đồng thời bằng sáng chế cho các thành phần chính của công nghệ đã được đăng ký.",,"ETRI, liên lạc vệ tinh, nghiên cứu, truyền thông địa từ",https://images2.thanhnien.vn/thumb_w/640/528068263637045248/2026/3/24/1-1774342493378371994880.jpg,"[""https://images2.thanhnien.vn/thumb_w/640/528068263637045248/2026/3/24/1-1774342493378371994880.jpg""]",,2026-03-26T21:21:00+07:00,2026-07-03T14:34:42.474945,Công nghệ,,,,
185250506094709309,https://thanhnien.vn/galaxy-z-fold-7-va-z-flip-7-bat-dau-di-vao-san-xuat-185250506094709309.htm,thanhnien.vn,,,,,,Galaxy Z Fold 7 và Z Flip 7 bắt đầu đi vào sản xuất,"Samsung đã chính thức bắt đầu sản xuất 2 mẫu smartphone gập mới nhất của mình, Galaxy Z Fold 7 và Z Flip 7, mà công ty sẽ sớm tung ra thị trường.","Samsung được cho là lên kế hoạch sản xuất Galaxy Z Fold 7 và Flip 7 từ tháng 5 năm nay, và báo cáo mới nhất cho thấy công ty kịp hoàn thành đúng thời hạn. Tuy nhiên, Samsung đã hạ mục tiêu sản xuất cho cả hai mẫu điện thoại này do doanh số của ngành công nghiệp smartphone màn hình gập không đạt kỳ vọng. Bộ đôi smartphone gập tiếp theo của Samsung đã bắt đầu được sản xuất ẢNH: REUTERS Cụ thể, công ty chỉ dự kiến sản xuất 3 triệu chiếc Galaxy Z Flip 7 và 2 triệu chiếc Galaxy Z Fold 7, giảm 40% so với thế hệ trước. Ngoài điện thoại, các phụ kiện cho Galaxy Z Flip 7 và Z Fold 7 cũng được đưa vào sản xuất. Bên cạnh đó, Samsung được cho là đang lên kế hoạch ra mắt mẫu smartphone Galaxy gập ba đầu tiên của mình vào cuối năm nay, với mục tiêu sản xuất chỉ 200.000 chiếc do Samsung không kỳ vọng nhiều vào doanh số của sản phẩm này vì mức giá cao. Galaxy Z Fold 7 có khả năng sẽ được trang bị chip Snapdragon 8 Elite, tương tự như dòng Galaxy S25. Trong khi đó, lựa chọn chip cho Galaxy Z Flip 7 vẫn đang được xem xét. Một số biến thể thử nghiệm sử dụng chip Exynos đã được phát hiện, tuy nhiên có thông tin cho biết Samsung chưa thể chuẩn bị kịp thời cho Exynos 2500, do đó Galaxy Z Flip 7 có thể vẫn sử dụng chip Snapdragon. Khái niệm điện thoại Slideable Flex Vertical tại CES 2025 Các nguồn tin rò rỉ cho biết Galaxy Z Fold 7 thậm chí còn mỏng hơn so với OPPO Find N5 , và sản phẩm này của Samsung có khả năng dày 8,2 mm khi gập lại. Việc Galaxy Z Fold 7 và Flip 7 đi vào sản xuất đúng hạn là một tín hiệu tích cực, đặc biệt trong bối cảnh đối thủ lớn nhất của Samsung là Apple đang chuẩn bị cho sự xuất hiện của dòng iPhone 17. Hơn nữa, nhà sản xuất iPhone cũng đang lên kế hoạch ra mắt chiếc iPhone gập đầu tiên của mình vào năm 2027 nhằm kỷ niệm 20 năm ra mắt iPhone.",,"Galaxy Z Flip 7, smartphone gập, OPPO Find N5",https://images2.thanhnien.vn/thumb_w/640/528068263637045248/2025/5/6/1-1746499431361289352289.jpg,"[""https://images2.thanhnien.vn/thumb_w/640/528068263637045248/2025/5/6/1-1746499431361289352289.jpg""]",,2025-05-06T11:55:00+07:00,2026-07-03T14:34:42.756765,Công nghệ,,,,
185260226185526878,https://thanhnien.vn/may-hut-am-may-giat-say-tang-nhiet-don-mua-nom-185260226185526878.htm,thanhnien.vn,,,,,,"Máy hút ẩm, máy giặt sấy 'tăng nhiệt' đón mùa nồm",Nhu cầu giải quyết tình trạng ẩm mốc không gian sống và làm khô quần áo sau Tết Nguyên đán mang đến đợt bùng nổ doanh số đối với các dòng thiết bị như máy hút ẩm và máy giặt sấy tích hợp công nghệ cao.,"Cú hích doanh số máy hút ẩm từ thời tiết Vài năm gần đây thói quen tiêu dùng của người Việt, đặc biệt là cư dân tại các tỉnh phía bắc đang dịch chuyển rõ rệt khi họ không còn ứng phó với nồm ẩm bằng các biện pháp thủ công, mà sẵn sàng chi trả cho các thiết bị chuyên dụng nhằm bảo vệ sức khỏe và nâng cao chất lượng sống. Theo số liệu ghi nhận từ hệ thống bán lẻ GIGA Digital, ngay sau kỳ nghỉ tết, lượng tìm kiếm và đặt hàng máy hút ẩm trên nền tảng trực tuyến của đơn vị đã ghi nhận mức tăng đột biến, lên tới gần 30 lần so với thời điểm tháng 1.2025. Máy hút ẩm bắt đầu vào giai đoạn được ""săn lùng"" tại các địa phương phía bắc Ảnh: Anh Quân Nhận định về sức mua thực tế, ông Nguyễn Minh Tân - Giám đốc hệ thống Giga.vn chia sẻ: ""Sức mua thiết bị xử lý ẩm năm nay tăng vọt không chỉ do yếu tố thời tiết, mà còn nhờ sự đa dạng về phân khúc sản phẩm. Rút kinh nghiệm từ đợt nồm trái mùa cuối tháng 11.2025 - thời điểm nhiều hãng ghi nhận tình trạng 'cháy hàng' chỉ sau 7 ngày, hệ thống bán lẻ và các hãng đã chủ động chuẩn bị nguồn cung lớn ngay từ trước tết"". Điển hình tại thị trường Việt Nam, thương hiệu Lumias từng đạt tới 26% thị phần giá trị toàn ngành máy hút ẩm trong tháng 11.2025. Để đón đầu đợt cao điểm đầu năm 2026, hãng này cho biết đã tăng lượng nhập hàng lên gấp 10 lần so với các năm trước. Về xu hướng tiêu dùng, các thiết bị dung tích 12L vẫn là ""điểm ngọt"" doanh số nhờ mức giá dễ tiếp cận, phù hợp với diện tích căn hộ phổ thông. Tuy nhiên, các nhà phân tích và giới quan sát ghi nhận dòng dung tích lớn từ 20L, 30L đến 60L đang có tỷ lệ tăng trưởng ấn tượng khi người dùng bắt đầu ưu tiên hiệu suất vận hành mạnh mẽ cho các không gian mở. Cuộc đua công nghệ máy giặt sấy Song song với việc làm ráo không khí để giữ môi trường sống tốt cho sức khỏe, đồng thời chống nấm mốc trong nhà, bài toán làm khô quần áo là động lực lớn thúc đẩy sự tăng trưởng của phân khúc máy giặt sấy. Dữ liệu từ GfK năm 2025 phác họa cuộc cạnh tranh khốc liệt nhưng cũng định hình rõ vị thế của các ""ông lớn"" trên thị trường. Theo đó, LG Electronics tiếp tục là thương hiệu dẫn đầu toàn thị trường máy giặt Việt Nam năm thứ 9 liên tiếp, nắm giữ 21,2% thị phần về sản lượng và 25,8% thị phần về doanh thu. Máy giặt sấy ngày càng được chuộng ở Việt Nam Ảnh: CTV Xếp ngay phía sau là Aqua (20,8% thị phần sản lượng) và đồng thời đứng thứ hai về doanh thu (16,6%). Các thương hiệu đứng ở những vị trí tiếp theo lần lượt là Toshiba (18,9%), Samsung (14,3%) và Panasonic (12,9%). Tuy ở vị trí số 3 về sản lượng tiêu thụ, Toshiba lại xếp sau Samsung nếu xét trên doanh thu sản phẩm bán ra. Đáng chú ý, ở những phân khúc đòi hỏi hàm lượng công nghệ cao như máy giặt cửa trước và máy giặt sấy kết hợp, khoảng cách thị phần có sự phân hóa mạnh hơn. Riêng nhóm sản phẩm máy giặt sấy, LG chiếm 28,9% về sản lượng và 36,7% về giá trị. Đứng thứ hai là ""người đồng hương"" Samsung với 18,2% trong tay. Tiếp đến là Panasonic (15,3%), Toshiba (13,2%) và Electrolux (10,3%). Lý giải về bức tranh thị trường, ông Song Uk Kim, Giám đốc Ngành hàng Giải pháp Điện tử Gia dụng, LG Electronics Việt Nam, đánh giá: ""Kết quả này là minh chứng cho nỗ lực nghiên cứu và đổi mới liên tục nhằm mang đến các giải pháp giặt sấy thông minh và tiện lợi hơn cho người dùng"". Sự nâng cấp về công nghệ cốt lõi chính là điểm tựa để các hãng thuyết phục người dùng ""xuống tiền"". Các công nghệ trí tuệ nhân tạo thấu cảm có khả năng tự nhận diện chất liệu vải và độ bẩn, kết hợp cùng tính năng tự động phân bổ nước giặt xả dần biến việc giặt giũ trở nên hoàn toàn tự động. Bên cạnh đó, các tính năng mô phỏng giặt tay hay giặt hơi nước diệt khuẩn cũng trở thành tiêu chuẩn mới được người dùng tìm kiếm. Theo đánh giá chung, mùa nồm ẩm đầu năm 2026 tại miền Bắc không chỉ là ""phép thử"" về khả năng cung ứng của các nhà bán lẻ mà còn là sân chơi định hình lại thói quen tiêu dùng. Sự dịch chuyển từ các sản phẩm giá rẻ sang thiết bị thông minh, đa chức năng cho thấy thị trường điện máy Việt Nam đang bước vào giai đoạn trưởng thành, nơi giá trị trải nghiệm và công nghệ lõi đóng vai trò quyết định.",,"máy giặt sấy, mùa nồm, Độ ẩm, Samsung, LG",https://images2.thanhnien.vn/thumb_w/640/528068263637045248/2025/11/11/may-hut-am-176283524739774829190.jpeg,"[""https://images2.thanhnien.vn/thumb_w/640/528068263637045248/2025/11/11/may-hut-am-176283524739774829190.jpeg"", ""https://images2.thanhnien.vn/thumb_w/640/528068263637045248/2026/2/26/thap-giat-say-lg-washtower-mang-den-trai-nghiem-lien-mach-va-thuan-tien-17721085932451412705854.jpeg""]",,2026-02-27T11:59:00+07:00,2026-07-03T14:34:42.848991,Công nghệ,,,,
185250302210747798,https://thanhnien.vn/windows-11-24h2-co-the-am-tham-lam-cham-va-han-che-he-thong-185250302210747798.htm,thanhnien.vn,,,,,,Windows 11 24H2 có thể âm thầm làm chậm và hạn chế hệ thống,Một phát hiện bất ngờ đã xuất hiện sau màn đánh giá hiệu suất của Windows 11 24H2 có thể khiến nhiều người lo ngại.,"Quá trình thử nghiệm cả với nâng cấp lẫn cài đặt từ đầu Windows 11 24H2 đều cho thấy một số điều bất ngờ, mặc dù phần lớn dữ liệu cho thấy sự khác biệt không đáng kể. Đồng thời, không phải tất cả người dùng đều có trải nghiệm suôn sẻ. Một số bản cập nhật gần đây của Windows 11, như KB5050094 và KB5051987, đã gây ra nhiều vấn đề, bao gồm cả việc trò chơi bị sập như báo cáo từ một thành viên Neowin có nickname là jokeguy . Đặc biệt, báo cáo từ hãng truyền thông Borncity cho thấy một độc giả đã phát hiện ra lỗi làm giảm hiệu suất của Windows 11 24H2 mà người dùng có thể không nhận ra nếu không chú ý. Cụ thể, trên hệ thống trang bị CPU Intel Ultra 9 285K với bo mạch chủ của ASRock, Windows 11 tự động chuyển sang chế độ tiết kiệm điện khi ứng dụng được thu nhỏ, dẫn đến việc CPU giảm xung nhịp mạnh. Người dùng này đã xác nhận vấn đề này thông qua các bài kiểm tra như Prime95 và điểm chuẩn 7-Zip. Hình ảnh cho thấy sự điều chỉnh về hiệu suất CPU của Windows 11 24H2 phụ thuộc vào cách sử dụng ứng dụng ẢNH: CHỤP MÀN HÌNH Tự ý làm chậm cả CPU được Windows 11 24H2 hỗ trợ Vấn đề này xảy ra ngay cả khi Microsoft đã chính thức hỗ trợ bộ xử lý Intel Ultra 9 285K trên Windows 11 24H2 theo bản cập nhật mới nhất cho danh sách hỗ trợ CPU. Hình ảnh từ Trình quản lý tác vụ cho thấy mức sử dụng CPU và tốc độ xung nhịp cao hơn nhiều khi ứng dụng không bị thu nhỏ. Người dùng bị ảnh hưởng cũng cho biết vấn đề tương tự không xảy ra trên các CPU thế hệ trước như Intel Core i9-12900K và AMD Ryzen 9 9950X, mặc dù bộ xử lý Ryzen 9 vẫn chưa có trong danh sách hỗ trợ 24H2 của Microsoft. Điều này có thể giải thích tại sao nhiều người không gặp phải lỗi trong quá trình thử nghiệm, vì 14700K có thiết kế kiến trúc tương tự như 12900K. Đây không phải là lần đầu tiên có báo cáo về việc Windows 11 làm giảm hiệu suất thiết bị. Vào tháng 9 năm ngoái, đã có thông tin cho thấy hệ điều hành này có thể không nhất quán trong việc quản lý hiệu suất. Có lẽ điều này lý giải cho sự chậm lại của hiệu suất CPU mà PassMark đã nêu bật gần đây và trở thành vấn đề khiến nhiều người lo ngại.",,"Microsoft, bản cập nhật, Windows 11 24H2, hiệu suất",https://images2.thanhnien.vn/thumb_w/660/528068263637045248/2025/3/2/2-17409240823601015406418.jpg,"[""https://images2.thanhnien.vn/thumb_w/660/528068263637045248/2025/3/2/2-17409240823601015406418.jpg"", ""https://images2.thanhnien.vn/thumb_w/660/528068263637045248/2025/3/2/3-17409240823961814384185.jpg""]",,2025-03-04T07:46:00+07:00,2026-07-03T14:34:43.058314,Công nghệ,,,,
18524100311404804,https://thanhnien.vn/cach-xu-ly-gmail-khong-thong-bao-khi-nhan-email-tren-android-18524100311404804.htm,thanhnien.vn,,,,,,Cách xử lý Gmail không thông báo khi nhận email trên Android,Gmail bỗng dưng 'im lặng' trên Android? Người dùng hãy khắc phục ngay với các bước đơn giản sau.,"Theo HowToGeek , nhiều người dùng Android gặp phải tình trạng ứng dụng Gmail không gửi thông báo khi có email mới. Vấn đề này có thể do nhiều nguyên nhân, nhưng bạn hoàn toàn có thể tự khắc phục với một vài thao tác đơn giản. Ứng dụng Gmail đôi lúc sẽ không thông báo khi nhận được email mới ẢNH: CHỤP MÀN HÌNH HOWTOISOLVE Kiểm tra cài đặt thông báo Đầu tiên, hãy đảm bảo rằng bạn đã bật thông báo cho cả thiết bị và ứng dụng Gmail. Cách kiểm tra như sau: Thông báo của thiết bị: Vào Cài đặt > Thông báo (hoặc Ứng dụng & Thông báo/Trung tâm Thông báo) và kiểm tra xem tùy chọn ẩn thông báo ở màn hình khóa (Hide Lock Screen Notifications) đã được tắt hay chưa. Thông báo của ứng dụng: Nhấn giữ biểu tượng Gmail > Thông tin ứng dụng > Thông báo hoặc vào Cài đặt > Thông báo và tìm đến Gmail. Đảm bảo rằng ứng dụng đã được cấp quyền hiển thị thông báo. Kiểm tra cài đặt tài khoản Gmail Nếu bạn không nhận được thông báo từ một tài khoản email cụ thể, hãy kiểm tra cài đặt thông báo cho tài khoản đó trong ứng dụng. Vào menu (biểu tượng 3 gạch ngang) > Cài đặt > Chọn tài khoản email > Thông báo và đảm bảo rằng tùy chọn 'All' đã được bật. Bật tùy chọn nhận toàn bộ thông báo từ tài khoản Gmail ẢNH: CHỤP MÀN HÌNH HOWTOGEEK Tắt chế độ không làm phiền Chế độ không làm phiền (Do not Disturb) có thể chặn tất cả thông báo, gồm cả thông báo Gmail. Bạn có thể tắt chế độ này hoặc thêm Gmail vào danh sách cho phép để tiếp tục nhận thông báo. Bật đồng bộ hóa Tính năng đồng bộ hóa trong Gmail cũng có thể ảnh hưởng đến việc nhận thông báo.  Hãy thử tắt và bật lại tính năng này để khắc phục sự cố. Vào nút menu > Cài đặt > Chọn tài khoản email > Sử dụng dữ liệu và bật tùy chọn 'Đồng bộ Gmail'. Tắt tối ưu hóa pin Việc tối ưu hóa thời lượng pin có thể ngăn ứng dụng hoạt động trong nền, dẫn đến việc không nhận được thông báo. Hãy loại trừ Gmail khỏi danh sách tối ưu hóa pin bằng cách vào Cài đặt > Pin (hoặc Tiết kiệm pin/Tối ưu hóa pin) > Tất cả ứng dụng > Gmail > chọn Không tối ưu hóa pin (hoặc Not Optimized). Tắt tính năng tối ưu pin cho ứng dụng Gmail ẢNH: CHỤP MÀN HÌNH HOWTOGEEK Khởi động lại điện thoại Sau khi thực hiện các bước trên, hãy khởi động lại điện thoại để các thay đổi có hiệu lực. Nếu bạn đã thử tất cả cách trên mà vẫn không nhận được thông báo Gmail, hãy thử xóa dữ liệu ứng dụng hoặc cài đặt lại ứng dụng.",,"khắc phục sự cố, Tối ưu hóa, Android",https://images2.thanhnien.vn/thumb_w/640/528068263637045248/2024/10/3/gmail-1727930551345466472573.jpg,"[""https://images2.thanhnien.vn/thumb_w/640/528068263637045248/2024/10/3/gmail-1727930551345466472573.jpg"", ""https://images2.thanhnien.vn/thumb_w/640/528068263637045248/2024/10/3/screenshot20240925-083843-17279307387651292306917.jpg"", ""https://images2.thanhnien.vn/thumb_w/640/528068263637045248/2024/10/3/screenshot20240928-152503-1-1727930850972976785383.jpg""]",,2024-10-03T14:55:00+07:00,2026-07-03T14:34:43.476319,Công nghệ,,,,
185251201145258442,https://thanhnien.vn/cach-cap-nhat-thong-tin-cu-tru-tren-vneid-de-tranh-bi-phat-tu-ngay-1512-185251201145258442.htm,thanhnien.vn,,,,,,Cách cập nhật thông tin cư trú trên VNeID để tránh bị phạt từ ngày 15.12,"Từ giữa tháng 12.2025, người dân không xuất trình được thông tin cư trú (bằng giấy hoặc qua ứng dụng VneID) khi có yêu cầu kiểm tra có thể đối mặt với mức phạt lên đến 1 triệu đồng.","Để thuận tiện nhất, người dùng smartphone có thể thực hiện thủ tục khai báo và xuất trình dữ liệu này trực tiếp qua ứng dụng định danh điện tử VNeID . Thông tin thường trú hoặc tạm trú có thể tra cứu nhanh trên smartphone Ảnh: Anh Quân Theo Nghị định 282/2025/NĐ-CP quy định về xử phạt vi phạm hành chính trong lĩnh vực an ninh, trật tự, an toàn xã hội; phòng, chống tệ nạn xã hội; phòng, chống bạo lực gia đình (có hiệu lực từ ngày 15.12), công dân có nghĩa vụ xuất trình thông tin cư trú khi lực lượng chức năng yêu cầu. Nếu không thể cung cấp, mức phạt cảnh cáo hoặc phạt tiền từ 500.000 đến 1 triệu đồng sẽ được áp dụng đối với cá nhân và gấp đôi đối với tổ chức. Trong bối cảnh chuyển đổi số như hiện nay, thay vì mang theo các loại giấy tờ bản cứng, người dân hoàn toàn có thể sử dụng ứng dụng VNeID như một giải pháp thay thế hợp pháp và tiện lợi. Tuy nhiên, để tính năng này hoạt động, người dùng cần đảm bảo tài khoản định danh điện tử đã được kích hoạt ở mức độ 2 (đăng ký trực tiếp tại cơ quan công an) và ứng dụng đã được cập nhật lên phiên bản mới nhất. Quy trình đăng ký thường trú, tạm trú trực tuyến qua ứng dụng VNeID Để cập nhật thông tin cư trú mà không cần ra cơ quan công an, người dân có thể thao tác ngay trên điện thoại thông minh . Sau khi đăng nhập vào VNeID, tại giao diện chính, người dùng tìm đến mục Thủ tục hành chính . Tại đây, hệ thống sẽ cung cấp hai tùy chọn là Đăng ký tạm trú hoặc Đăng ký thường trú tùy theo nhu cầu thực tế. Người dân có thể khai báo thông tin cư trú ngay trên ứng dụng VNeID (yêu cầu Định danh mức 2) Ảnh: Chụp màn hình Sau khi chọn loại hình cư trú phù hợp, người dùng nhấn vào nút Tạo mới yêu cầu . Hệ thống cho phép chọn khai báo cho Bản thân hoặc Khai hộ người khác . Ở bước tiếp theo, người dùng cần điền đầy đủ và chính xác các thông tin vào những trường dữ liệu có đánh dấu đỏ bắt buộc. Sau khi hoàn tất việc nhập liệu, người dùng nhấn Kiểm tra để hệ thống rà soát lại toàn bộ thông tin. Nếu các dữ liệu hiển thị đã chính xác, bước cuối cùng là tích vào ô cam đoan chịu trách nhiệm về lời khai và nhấn Gửi hồ sơ . Yêu cầu này sau đó sẽ được chuyển đến cơ quan chức năng để xử lý và cập nhật vào Cơ sở dữ liệu quốc gia về dân cư. Cách xuất trình thông tin cư trú khi được kiểm tra Khi gặp lực lượng chức năng hoặc cần thực hiện các giao dịch hành chính yêu cầu chứng minh nơi ở, người dân có thể lấy thông tin từ VNeID chỉ với vài thao tác đơn giản. Đầu tiên, người dùng truy cập vào ứng dụng và chọn mục Ví giấy tờ nằm ở thanh menu phía dưới, hoặc tìm mục Thông tin cư trú trong phần Tiện ích yêu thích . Để đảm bảo bảo mật, ứng dụng sẽ yêu cầu nhập passcode (mật khẩu bảo vệ). Việc tích hợp dữ liệu công dân trên VNeID giúp giảm số lượng giấy tờ cần mang theo Ảnh: Chụp màn hình Sau khi xác thực thành công, màn hình sẽ hiển thị chi tiết các thông tin bao gồm: Nơi ở hiện tại, Địa chỉ thường trú, Họ tên chủ hộ và mối quan hệ với chủ hộ. Ngoài ra, tính năng Thành viên khác trong hộ gia đình cũng cho phép xem thông tin của những người cùng hộ khẩu. Nếu phát hiện sai sót, người dân cần liên hệ công an địa phương để yêu cầu chỉnh sửa dữ liệu gốc. Tạm trú khác Thường trú thế nào? Để tránh sai sót trong quá trình khai báo trên VNeID, người dùng cần nắm rõ sự khác biệt giữa hai khái niệm này. Nơi thường trú là chỗ ở ổn định, lâu dài của công dân, thường gắn liền với nhà thuộc sở hữu hợp pháp hoặc được chủ hộ đồng ý cho nhập khẩu. Trong khi đó, Tạm trú là nơi công dân sinh sống từ 30 ngày trở lên nhưng nằm ngoài địa chỉ thường trú. Thời hạn của đăng ký tạm trú tối đa là 2 năm và có thể gia hạn nhiều lần. Việc hiểu đúng và cập nhật kịp thời thông tin trên VNeID trước ngày 15.12 không chỉ giúp người dân tuân thủ pháp luật mà còn đơn giản hóa các thủ tục hành chính trong đời sống hằng ngày.",,"ứng dụng, khai báo cư trú, smartphone, cơ sở dữ liệu quốc gia",https://images2.thanhnien.vn/thumb_w/640/528068263637045248/2025/12/1/35b33767-6543-46a6-a2d6-d443d641b0a7-1764577082537371342805.jpeg,"[""https://images2.thanhnien.vn/thumb_w/640/528068263637045248/2025/12/1/35b33767-6543-46a6-a2d6-d443d641b0a7-1764577082537371342805.jpeg"", ""https://images2.thanhnien.vn/thumb_w/640/528068263637045248/2025/12/1/hinh-1-17645770825621086180433.jpg"", ""https://images2.thanhnien.vn/thumb_w/640/528068263637045248/2025/12/1/hinh-2-1764577082564547320658.jpg""]",,2025-12-01T16:26:00+07:00,2026-07-03T14:34:43.594849,Công nghệ,,,,
185250613193105344,https://thanhnien.vn/kiotviet-fnb-ra-mat-tinh-nang-quan-ly-ban-hang-da-kenh-185250613193105344.htm,thanhnien.vn,,,,,,KiotViet FnB ra mắt tính năng quản lý bán hàng đa kênh,"KiotViet FnB là phần mềm bán hàng đơn giản giúp nhà hàng, quán ăn vận hành hiệu quả trên các nền tảng giao đồ ăn, góp phần gia tăng trải nghiệm, bứt phá doanh thu.","KiotViet FnB - phần mềm bán hàng chuyên biệt cho ngành ẩm thực của Công ty CP công nghệ KiotViet vừa chính thức ra mắt tính năng tích hợp với các nền tảng giao đồ ăn hàng đầu. Với việc này, các quán ăn, nhà hàng liên kết, đồng bộ và quản lý bán hàng đa kênh chỉ trong một ứng dụng duy nhất. Chủ quán khi sử dụng KiotViet FnB có thể tối ưu toàn bộ quy trình vận hành bán hàng đa kênh một cách hiệu quả và linh hoạt. Quản lý dễ dàng mọi đơn hàng online - tại chỗ trên phần mềm KiotViet FnB ẢNH: ĐTCC Thay vì phải xử lý đơn hàng trên nhiều nền tảng riêng biệt, người dùng có thể thực hiện mọi thao tác, từ đồng bộ thực đơn, tiếp nhận đơn hàng, theo dõi trạng thái giao hàng cho đến tổng hợp doanh thu... ngay trên phần mềm KiotViet FnB. Đặc biệt, việc mở rộng kết nối các nền tảng giao đồ ăn trực tuyến trên KiotViet FnB giúp quá trình quản lý, vận hành trở nên tối ưu, mang lại lợi ích thiết thực cho cả chủ quán lẫn nhân viên. Anh Nguyễn Tú (30 tuổi, chủ hộ kinh doanh ẩm thực HakyFood, Hà Nội) đang sử dụng phần mềm này cho biết, trước đây, mỗi lần có đơn hàng từ nền tảng thì cần nhập tay, nên thường xuyên xảy ra sai sót, nhầm lẫn, ảnh hưởng tới trải nghiệm của thực khách. Nay, các thao tác thác này được tự động hóa hoàn toàn nên rất tiện lợi. Theo ông Đỗ Tuấn Anh, Phó tổng giám đốc Công ty CP Công nghệ KiotViet, việc tích hợp với các nền tảng giao đồ ăn trực tuyến ngay trên KiotViet xuất phát từ sự thấu hiểu mong muốn của khách hàng là cần một phần mềm bán hàng đơn giản, tiết kiệm chi phí. ""Chúng tôi mong muốn hỗ trợ các nhà bán hàng kinh doanh bứt phá trong nền kinh tế số"", ông Tuấn Anh nói. Hiện, tính năng trên được cung cấp miễn phí trên phần mềm KiotViet FnB và hỗ trợ chủ quán liên kết với ShopeeFood và GrabFood, song song với việc miễn phí hóa đơn điện tử và chữ ký số giúp hộ kinh doanh đáp ứng quy định của Nhà nước theo Nghị định 70/2025. Những cửa hàng truyền thống, vốn tập trung phục vụ tại chỗ hoàn toàn có thể chuyển lên online một cách mượt mà, tận dụng xu hướng tiêu dùng mới để tăng trưởng doanh thu vượt trội mà không phải thay đổi hệ thống vận hành cốt lõi.",,"bán hàng đa kênh, cửa hàng truyền thống, giao đồ ăn trực tuyến",https://images2.thanhnien.vn/thumb_w/640/528068263637045248/2025/6/13/kiotviet-fnb-1-17498170551871621076667.png,"[""https://images2.thanhnien.vn/thumb_w/640/528068263637045248/2025/6/13/kiotviet-fnb-1-17498170551871621076667.png""]",,2025-06-13T19:45:00+07:00,2026-07-03T14:34:43.737149,Công nghệ,,,,
185250715164221846,https://thanhnien.vn/chu-shop-online-nhan-tro-thu-cong-nghe-mien-phi-tu-doi-tac-van-chuyen-185250715164221846.htm,thanhnien.vn,,,,,,Chủ shop online nhận 'trợ thủ' công nghệ miễn phí từ đối tác vận chuyển,"Không dừng ở việc giúp nhà bán hàng trực tuyến giao sản phẩm đến tận tay người dùng, một xu hướng mới hình thành gần đây cho thấy các đơn vị vận chuyển còn sẵn sàng hỗ trợ giải pháp công nghệ để phục vụ việc kinh doanh cho đối tác của mình.","Thách thức vận hành của nhà bán hàng trong kỷ nguyên số Với sự phát triển mạnh mẽ của thương mại điện tử, bài toán của các nhà bán hàng, đặc biệt là các chủ shop nhỏ lẻ, ngày càng trở nên đa chiều. Sau khi khách nhấn nút ""Đặt hàng"", một quy trình phức tạp mới thực sự bắt đầu: từ xử lý đơn phải nhanh chóng, quản lý tồn kho hiệu quả, đóng gói chính xác cho đến việc đảm bảo giao hàng đúng hẹn. Bất kỳ một trục trặc trong chuỗi vận hành này cũng có thể dẫn đến việc khách hủy đơn, trả hàng, hoặc tệ hơn là không bao giờ quay lại. Đơn vị vận chuyển uy tín, có chính sách hỗ trợ linh hoạt là lựa chọn ưu tiên của nhiều chủ shop online Ảnh: CTV Nhiều chủ shop thừa nhận, việc quản lý thủ công các khâu này khi số lượng đơn hàng tăng lên là vô cùng tốn thời gian và dễ xảy ra sai sót. Trong khi đó, lựa chọn thuê các giải pháp quản lý kinh doanh ngoài luôn phát sinh chi phí không nhỏ cho người bán, mà không phải lúc nào cũng có khả năng đồng bộ giữa các nền tảng bán hàng trực tuyến khác nhau. Đây cũng là lý do ngày càng nhiều nhà bán hàng lựa chọn hợp tác sâu hơn với các đơn vị vận chuyển uy tín, tìm kiếm những đối tác có thể cung cấp giải pháp hỗ trợ vượt ra ngoài phạm vi giao nhận đơn thuần. Đối tác vận chuyển cung cấp giải pháp công nghệ Để đáp ứng nhu cầu ngày càng cao này, một số công ty chuyển phát nhanh đang định vị lại vai trò của mình, trở thành đối tác công nghệ thay vì chỉ đóng vai đơn vị vận chuyển. J&T Express là một ví dụ điển hình cho xu hướng này khi cung cấp miễn phí phần mềm quản lý bán hàng có tên ""evoshop"" cho các khách hàng doanh nghiệp có hợp đồng. Phần mềm này được phát triển để giúp các chủ shop quản lý đồng bộ nhiều khâu trong hoạt động kinh doanh, bao gồm nhập đơn, theo dõi trạng thái vận chuyển, xử lý tồn kho, quản lý khách hàng và dòng tiền. Thay vì phải sử dụng nhiều công cụ rời rạc, các nhà bán hàng có thể tập trung mọi hoạt động trên nền tảng duy nhất, được tích hợp trực tiếp với hệ thống vận chuyển. Shop online được miễn phí sử dụng phần mềm quản lý bán hàng khi hợp tác với J&T Express Ảnh: CTV Anh Lâm Anh, chủ thương hiệu quà tặng cây xanh Non Gadern, cho biết phần mềm này mang lại nhiều giá trị thiết thực, các tính năng như quản lý kho, lên đơn, theo dõi doanh thu và báo cáo được thực hiện tự động. ""Tính năng phân tích hiệu quả bán hàng giúp tôi tiết kiệm đáng kể thời gian và chi phí vận hành, trong khi trên thị trường, một phần mềm tương tự có thể tốn khoảng 2 triệu đồng thường niên"", anh Lâm Anh nói. Chương trình cũng được tích hợp với các nền tảng mạng xã hội như Facebook, giúp việc xử lý đơn hàng đến từ các kênh bán hàng khác nhau trở nên dễ dàng hơn. Các tác vụ như tạo đơn hàng loạt hay in hóa đơn, nhãn vận chuyển cũng được tự động hóa. Tối ưu chi phí ""ngoài công nghệ"" Bên cạnh nền tảng công nghệ, các chính sách hỗ trợ mới, được cập nhật kịp thời cũng góp phần giúp nhà bán hàng tối ưu chi phí. Ví dụ, việc áp dụng giá cước chiết khấu theo sản lượng đơn hàng giúp các shop tiết kiệm hơn so với việc gửi lẻ. Đồng thời, chính sách hỗ trợ xử lý đơn hàng hoàn hay yêu cầu giao lại cũng là một yếu tố quan trọng được người bán cân nhắc. Ngoài ra, một số đơn vị vận chuyển còn tổ chức các buổi đào tạo trực tuyến miễn phí, chia sẻ kiến thức về kinh doanh trên nền tảng số, cho thấy định hướng đồng hành cùng sự phát triển của các nhà bán hàng. Trong bối cảnh chi phí vận hành ngày càng tăng và khách hàng ngày càng yêu cầu cao hơn về tốc độ cũng như chất lượng dịch vụ, việc các nhà bán hàng nhỏ lẻ lựa chọn một đối tác logistics cung cấp giải pháp hỗ trợ toàn diện không chỉ là một giải pháp tiết kiệm chi phí, mà còn là một bước đi cần thiết để chuyên nghiệp hóa hoạt động và phát triển kinh doanh một cách bền vững.",,"Đơn hàng, đơn vị vận chuyển, Phần mềm, nhà bán hàng, kinh doanh",https://images2.thanhnien.vn/thumb_w/640/528068263637045248/2025/7/15/picture1-1752572293312339681603.jpg,"[""https://images2.thanhnien.vn/thumb_w/640/528068263637045248/2025/7/15/picture1-1752572293312339681603.jpg"", ""https://images2.thanhnien.vn/thumb_w/640/528068263637045248/2025/7/15/picture2-17525722933151624186895.jpg""]",,2025-07-15T16:15:00+07:00,2026-07-03T14:34:44.234340,Công nghệ,,,,
185260525230221794,https://thanhnien.vn/router-wi-fi-pho-thong-co-the-tro-thanh-cong-cu-theo-doi-nguoi-dung-185260525230221794.htm,thanhnien.vn,,,,,,Router Wi-Fi phổ thông có thể trở thành công cụ theo dõi người dùng,"Một nghiên cứu mới cho thấy router Wi-Fi thông thường có thể được dùng để nhận diện con người với độ chính xác cao, làm dấy lên lo ngại về quyền riêng tư.","Theo Tom'sHardware , một nghiên cứu từ các nhà khoa học tại Viện Công nghệ Karlsruhe (KIT, Đức) cho thấy các router Wi-Fi thương mại thông thường có thể được tận dụng để nhận diện từng cá nhân dựa trên cách cơ thể họ làm thay đổi tín hiệu không dây trong không gian. Theo kết quả được công bố, hệ thống đạt độ chính xác lên tới 99,5% trong môi trường thử nghiệm. Khác với các phương thức giám sát quen thuộc như camera hay cảm biến chuyển động chuyên dụng, cách tiếp cận này không đòi hỏi thiết bị phần cứng đặc biệt. Nhóm nghiên cứu sử dụng tín hiệu Wi-Fi phát ra từ router phổ thông, sau đó áp dụng mô hình học máy để phân tích sự biến đổi của sóng khi con người di chuyển trong khu vực phủ sóng. Nói cách khác, mỗi người để lại một “dấu vết” khác nhau trong cách cơ thể phản xạ và làm nhiễu tín hiệu Wi-Fi. Hệ thống được huấn luyện để nhận ra các mẫu này, từ đó phân biệt từng cá nhân. Công nghệ mới cho phép phân tích tín hiệu Wi-Fi từ router thông thường để nhận diện người dùng mà không cần camera hay thiết bị đeo ẢNH: TẠO BỞI AI Điểm khiến công nghệ này thu hút chú ý là khả năng hoạt động thụ động. Người được nhận diện không cần mang điện thoại, đồng hồ thông minh hay bất kỳ thiết bị kết nối nào. Việc theo dõi diễn ra thông qua tín hiệu vốn đã tồn tại trong môi trường. Theo nhóm nghiên cứu, công nghệ dạng này có thể được ứng dụng trong nhiều lĩnh vực như nhà thông minh, chăm sóc người cao tuổi hoặc hệ thống an ninh trong nhà. Ví dụ, hệ thống có thể nhận diện ai đang di chuyển trong nhà để tự động điều chỉnh thiết bị hoặc phát hiện chuyển động bất thường. Tuy nhiên, chính đặc tính này cũng làm dấy lên lo ngại về quyền riêng tư. Nếu camera là thiết bị dễ nhận biết, việc theo dõi thông qua tín hiệu Wi-Fi có thể khó bị phát hiện hơn đối với người dùng thông thường. Giới chuyên môn từ lâu nghiên cứu khả năng dùng tín hiệu vô tuyến để cảm nhận chuyển động, nhưng việc đạt độ chính xác cao với phần cứng phổ thông khiến ranh giới ứng dụng thực tế trở nên gần hơn. Dù vậy, nghiên cứu hiện vẫn mang tính thử nghiệm trong môi trường được kiểm soát. Điều này đồng nghĩa không phải mọi router Wi-Fi gia đình đều mặc định có khả năng nhận diện hay theo dõi người dùng. Để triển khai thực tế, hệ thống còn cần phần mềm xử lý phù hợp, mô hình AI được huấn luyện và điều kiện môi trường đủ ổn định. Tuy nhiên, nghiên cứu tiếp tục cho thấy các thiết bị kết nối quen thuộc trong gia đình có thể mang nhiều khả năng vượt ngoài chức năng ban đầu, kéo theo những câu hỏi mới về quyền riêng tư trong kỷ nguyên nhà thông minh.",,"Wi-fi, quyền riêng tư, bảo mật",https://images2.thanhnien.vn/thumb_w/640/528068263637045248/2026/5/25/chatgpt-image-may-25-2026-105641-pm-17797246340061797424437.png,"[""https://images2.thanhnien.vn/thumb_w/640/528068263637045248/2026/5/25/chatgpt-image-may-25-2026-105641-pm-17797246340061797424437.png""]",,2026-05-28T16:44:00+07:00,2026-07-03T14:34:44.495793,Công nghệ,,,,
185250509103519036,https://thanhnien.vn/bitcoin-tang-gia-soc-vuot-100000-usd-185250509103519036.htm,thanhnien.vn,,,,,,Bitcoin tăng giá sốc vượt 100.000 USD,"Sau nhiều tháng điều chỉnh, Bitcoin vừa tăng giá đột biến, vượt mốc 100.000 USD khi sự thống trị thị trường đã vượt 60%, phản ánh tâm lý lạc quan của cộng đồng.","Sáng 9.5 (theo giờ Việt Nam), mỗi Bitcoin (BTC) đang được giao dịch quanh vùng giá 102.000 USD mỗi token, đây là mức cao nhất tính từ tháng 1 năm nay. Lần điều chỉnh giá đặc biệt này diễn ra khi tỷ lệ thống trị của Bitcoin tăng vọt lên 60%, cho thấy sức nóng của thị trường đang quay trở lại. Điều đặc biệt trong lần tăng giá này Dữ liệu từ Binance cho thấy Bitcoin đã lấy lại mốc 100.000 USD lúc 22 giờ đêm 8.5 (giờ Việt Nam), sau đó duy trì đà tăng ổn định. So với mức thấp nhất trong ngày là 95.967 USD, mỗi Bitcoin đã tăng 4,2%. Trong vòng 7 ngày qua, Bitcoin tăng 5,79%. Đây là lần thứ ba giá Bitcoin vượt mốc sáu chữ số kể từ khi Tổng thống Mỹ Donald Trump nhậm chức. Đà tăng giá cũng tỷ lệ thuận với thị phần của Bitcoin trong thị trường tiền số. Sự thống trị của BTC tăng đều trong năm qua. Trong lần cán đích 100.000 USD đầu tiên vào tháng 12.2024, sự thống trị của Bitcoin đạt 52%. Đến tháng 1.2025, tỷ lệ này tăng lên 54%. Thị phần của Bitcoin trong cả thị trường tiền số đang là 60%, tương đương mức lịch sử được ghi nhận lần cuối vào năm 2021. Khi đó mỗi Bitcoin được giao dịch quanh mốc 36.000 USD rồi tăng vọt lên mức trên 60.000 USD. Đồng xu biểu tượng Bitcoin trước biểu đồ giá hôm 9.5 ẢNH: KHƯƠNG NHA ""Bitcoin đã thể hiện sức mạnh trong nhiều tuần qua, nó vượt trội hơn các tiền mã hóa khác và hầu như không nao núng trước những sự kiện địa chính trị phức tạp ở châu Á, Trung Đông"", Petr Kozyakov, CEO của Mercuryo, chia sẻ với Cointelegraph . Ông nói thêm: ""Với việc vàng cũng tăng giá trong cả năm qua, chúng ta có lý do để nói rằng Bitcoin đã có thể chứng minh giá trị như một kênh trú ẩn, phòng ngừa lạm phát lâu dài"". Vì sao giá Bitcoin tăng? Đà tăng của Bitcoin diễn ra trong bối cảnh kinh tế vĩ mô và địa chính trị có nhiều thay đổi. Một số chuyên gia chỉ ra mối tương quan giá Bitcoin với thỏa thuận thương mại tiềm năng giữa Mỹ và Anh. Vincent Liu, Giám đốc đầu tư của Kronos Research, cho rằng: ""Giá Bitcoin dao động quanh mức 100.000 USD là ngưỡng tâm lý quan trọng với các nhà giao dịch. Tín hiệu lạc quan được phát đi sau khi Tổng thống Donald Trump ám chỉ về một thỏa thuận thương mại lớn"". Liu cho rằng đợt tăng giá này cũng được hỗ trợ bởi lợi suất trái phiếu giảm, đồng USD suy yếu và dòng vốn đầu tư từ các tổ chức mới vào quỹ giao dịch Bitcoin giao ngay (ETF). Tuần qua đã có 1,8 tỉ USD ETF chảy vào Bitcoin. Bitcoin lại trên đà tăng giá kỷ lục nhờ ông Trump Cùng với đà tăng của Bitcoin, chỉ số Crypto Fear & Greed (Tham lam và Sợ hãi) trên thị trường cũng nhảy vọt lên mức ""tham lam"" với 73 điểm, tăng đột biến so với 65 điểm vào hôm qua. Mới chỉ một tháng trước, tâm lý thị trường chạm đáy sợ hãi khi chỉ đạt 18 điểm. Những tín hiệu tích cực này cho thấy Bitcoin sẽ có thể tiếp tục tăng giá trong tương lai khi một số dữ liệu kinh tế quan trọng của Mỹ sắp được công bố. Trong đó có chỉ số CPI (chỉ số tiêu dùng) được thông báo vào ngày 12.5. Bitcoin được dự báo sẽ biến động mạnh sau ngày này. Câu chuyện về thỏa thuận thương mại trong tương lai cũng sẽ góp phần quan trọng định hình giá Bitcoin. Theo Ben Caselin, Giám đốc tiếp thị tại VALR, có khả năng cao Bitcoin sẽ sớm thiết lập mức kỷ lục mới trên 110.000 USD nếu giữ vững được vùng giá trên 100.000 USD như hiện nay. Ông cho rằng giá bán lẻ được thiết lập để sẵn sàng cho chu kỳ giá 4 năm của Bitcoin, quý 4 năm nay có thể sẽ chứng kiến cuộc bùng nổ về giá. Đặt trong bối cảnh những quy định về tiền điện tử liên tục được các chính phủ thảo luận, luật hóa cho thấy cơ hội tăng trưởng trong đường dài của Bitcoin đang bước vào giai đoạn tăng tốc.",,"giá Bitcoin, bitcoin tăng, Bitcoin, Donald Trump",https://images2.thanhnien.vn/thumb_w/640/528068263637045248/2025/5/9/gia-bitcoin-17467613080701533475332.png,"[""https://images2.thanhnien.vn/thumb_w/640/528068263637045248/2025/5/9/gia-bitcoin-17467613080701533475332.png""]",,2025-05-09T12:40:00+07:00,2026-07-03T14:34:45.090205,Công nghệ,,,,
18525100408381853,https://thanhnien.vn/gmail-duoc-ma-hoa-toan-dien-giua-cac-nen-tang-18525100408381853.htm,thanhnien.vn,,,,,,Gmail được mã hóa toàn diện giữa các nền tảng,"Google đang nâng cao bảo mật cho người dùng Gmail bằng cách triển khai mã hóa phía máy khách (E2EE) cho email, ngay cả khi gửi đến các nhà cung cấp email khác.","Điều này có nghĩa là người gửi Gmail có thể mã hóa email giữa các nền tảng, đảm bảo rằng nội dung tin nhắn không bị truy cập trái phép. Tính năng mã hóa E2EE của Gmail làm việc với cả các nền tảng khác ẢNH: REUTERS Tuy nhiên, có một điểm khác biệt quan trọng trong cách người nhận mở email. Khi gửi email mã hóa từ Gmail đến Gmail, người nhận sẽ thấy email trong định dạng thông thường vì Google có thể quản lý cơ sở hạ tầng cho cả hai bên. Ngược lại, khi gửi đến các nhà cung cấp khác, người nhận sẽ được chuyển hướng đến tài khoản Gmail khách để mở email, điều này có thể không diễn ra suôn sẻ như mong đợi. Người dùng Gmail không cần các thao tác quá phức tạp Google khẳng định tính năng này cho phép người dùng doanh nghiệp giao tiếp an toàn mà không cần phải trao đổi khóa hay tải xuống phần mềm phức tạp. ""Khả năng này, với nỗ lực tối thiểu từ cả nhóm CNTT và người dùng cuối, giúp loại bỏ sự phức tạp của các giải pháp bảo mật truyền thống, đồng thời duy trì quyền kiểm soát dữ liệu và bảo mật nâng cao"", đại diện Google cho biết. Tính năng mã hóa này sẽ được triển khai cho khách hàng Google Workspace Enterprise Plus với tiện ích bổ sung Assured Controls. Quá trình triển khai đã bắt đầu, nhưng người dùng có thể phải chờ đến giữa tháng 10 mới thấy được những thay đổi. Trong một bài đăng trên blog vào đầu năm 2025, Giám đốc sản phẩm cấp cao của Google Workspace Johney Burke và Giám đốc sản phẩm Julien Duplant đã chỉ trích giao thức S/MIME hiện tại vì tính phức tạp của nó, đồng thời nhấn mạnh sự cần thiết phải đơn giản hóa mã hóa email giữa các nhà cung cấp. Không chỉ Google, Proton cũng đang nỗ lực cung cấp E2EE cho người dùng của mình, cùng với các liên kết bảo vệ bằng mật khẩu cho bên thứ ba khi xem email được mã hóa.",,"Google, mã hóa, dịch vụ email, tính năng mới",https://images2.thanhnien.vn/thumb_w/640/528068263637045248/2025/10/4/1-17595411424082054214501.jpg,"[""https://images2.thanhnien.vn/thumb_w/640/528068263637045248/2025/10/4/1-17595411424082054214501.jpg""]",,2025-10-04T09:06:00+07:00,2026-07-03T14:34:45.325012,Công nghệ,,,,
1851469176,https://thanhnien.vn/netflix-dang-hien-thuc-hoa-squid-game-voi-giai-thuong-khung-1851469176.htm,thanhnien.vn,,,,,,Netflix đang hiện thực hóa ‘Squid Game’ với giải thưởng khủng,"Netflix đang biến “ Trò chơi con mực – Squid Game ” thành một cuộc thi ngoài đời thực với giải thưởng 4,56 triệu USD.","Theo CNET, Netflix đang biến tựa phim Squid Game nổi tiếng của mình thành một cuộc thi thực tế với giải thưởng tiền mặt khổng lồ. Hơn 400 người chơi sẽ thi đấu theo kiểu Squid Game để giành giải thưởng 4,56 triệu USD tiền mặt CNET Vào thứ Ba ngày 14.6, Netflix cho biết Squid Game, The Challenge sẽ là cuộc thi thực tế lớn nhất cho đến nay. Các đối thủ sẽ tham gia vào các trò chơi lấy cảm hứng từ Squid Game với phần thưởng khổng lồ lên đến 4,56 triệu USD. Chương trình thực tế kéo dài 10 tập này sẽ được quay tại Vương quốc Anh và đồng sản xuất bởi studio đã tạo ra The Circle, một chương trình trò chơi thực tế có ảnh hưởng trên mạng xã hội của Netflix. Không giống như trong bộ phim truyền hình của Netflix, người chơi trong Squid Game, The Challenge sẽ không bị tổn hại và rời khỏi cuộc thi hoàn toàn “lành lặn”, theo Netflix. Những ai muốn tham gia có thể đăng ký để trở thành một trong 456 người chơi tại trang web SquidGameCasting.com. Netflix không tiết lộ khi nào bộ phim sẽ được phát hành, nhưng trang web tuyển chọn cho biết người chơi có thể sẽ phải có mặt vào đầu năm 2023 để tham gia cuộc thi. Squid Game ra mắt trên Netflix vào tháng 9.2021 và nhanh chóng trở thành cơn sốt trên toàn thế giới , thu về hơn 1,65 tỉ giờ xem trong 28 ngày đầu tiên sau khi công chiếu. Nó giữ kỷ lục là loạt phim phổ biến nhất mọi thời đại của các dịch vụ phát trực tuyến, theo Netflix.",,"Squid Game, Netflix, The Challenge, CNET, SQUID, CIRCLE, Người chơi, Studio, Lành lặn, Triệu USD",https://thanhnien.mediacdn.vn/Uploaded/phongdt/2022_06_16/squid-6391.jpg,"[""https://thanhnien.mediacdn.vn/Uploaded/phongdt/2022_06_16/squid-6391.jpg""]",,2022-06-17T08:09:00+07:00,2026-07-03T14:34:45.691926,Công nghệ,,,,
185260509104015194,https://thanhnien.vn/lo-hong-dns-tren-windows-11-dang-lam-lo-du-lieu-nguoi-dung-185260509104015194.htm,thanhnien.vn,,,,,,Lỗ hổng DNS trên Windows 11 đang làm lộ dữ liệu người dùng,Windows 11 đang 'phản bội' quyền riêng tư của bạn như thế nào? Cách khắc phục trong 2 phút.,"Trong thời đại số, quyền riêng tư là tài sản quý giá nhất. Nhiều người dùng thông thái đã biết cách bật tính năng DNS-over-HTTPS (DoH) trên Windows 11 để mã hóa các yêu cầu truy cập trang web, biến chúng thành những đoạn mã không thể đọc được. Tuy nhiên, một sự thật đáng lo ngại vừa được hé lộ, đó là Windows 11 không phải lúc nào cũng tuân thủ mệnh lệnh của chủ nhân. Tại sao bật DNS mã hóa trên Windows 11 vẫn chưa đủ? ẢNH: Chụp màn hình 'Cái bẫy' khi thiết lập DNS Cơ chế của Windows 11 vốn ưu tiên tính thông suốt của kết nối. Khi hệ thống gặp trục trặc nhỏ về cấu hình, mạng không tương thích hoặc đơn giản là máy chủ DNS mã hóa phản hồi chậm, Windows 11 sẽ tự ý chuyển về chế độ văn bản thuần túy (Plaintext). Điều này đồng nghĩa với việc toàn bộ dấu vết lướt web của bạn sẽ bị phơi bày trước nhà cung cấp dịch vụ mạng (ISP) hoặc những kẻ tò mò trong cùng mạng Wi-Fi. Đáng nói, quá trình này diễn ra hoàn toàn âm thầm, không có bất kỳ thông báo nào hiện lên để bạn biết rằng mình đang… 'lướt web lộ thiên'. Ngay cả khi bạn đã cài đặt các máy chủ DNS uy tín như Cloudflare (1.1.1.1) hay Quad9 (9.9.9.9), Windows vẫn có thể phớt lờ chúng khi bạn kết nối vào một mạng Wi-Fi mới. Hệ thống thường có xu hướng tin tưởng các cấu hình mạng lạ hơn là cài đặt bảo mật cá nhân của người dùng để đảm bảo không bị mất kết nối mạng. Làm thế nào để trở thành 'pháo đài' thực sự? Để chấm dứt tình trạng này, người dùng không nên chỉ dựa vào cài đặt mặc định của hệ thống. Với người dùng phổ thông : Cài đặt ứng dụng chuyên dụng như WARP của Cloudflare là giải pháp đơn giản và hiệu quả nhất để mã hóa toàn bộ dữ liệu. Với người dùng chuyên nghiệp : Việc can thiệp vào Group Policy để ép buộc Windows chỉ kết nối khi có mã hóa là cách duy nhất để bịt kín mọi lỗ hổng. Mặc dù việc bật DoH đã là một bước tiến lớn, nhưng hiểu rõ cách hệ điều hành 'lách luật' sẽ giúp bạn thực sự làm chủ được sự riêng tư của mình trên không gian mạng.",,"Windows 11, Lỗ hổng, Bảo mật, lộ dữ liệu, Cloudflare",https://images2.thanhnien.vn/thumb_w/640/528068263637045248/2026/5/9/edit_photo_bunnnhpkji-1778298611.jpg,"[""https://images2.thanhnien.vn/thumb_w/640/528068263637045248/2026/5/9/edit_photo_bunnnhpkji-1778298611.jpg""]",,2026-05-09T12:18:00+07:00,2026-07-03T14:34:46.309640,Công nghệ,,,,
185260421165646371,https://thanhnien.vn/thi-truong-robot-hut-bui-viet-nam-ngay-cang-nong-185260421165646371.htm,thanhnien.vn,,,,,,Thị trường robot hút bụi Việt Nam 'ngày càng nóng',"Việt Nam là thị trường robot hút bụi thông minh năng động hàng đầu khu vực, có sự chuyển dịch rõ rệt sang phân khúc cao cấp và dần trở thành cuộc đua khốc liệt của những ""gã khổng lồ"" công nghệ toàn cầu.","Thị trường robot hút bụi tăng trưởng hàng đầu khu vực Năm 2025 đánh dấu bước ngoặt của thị trường thiết bị làm sạch tại Việt Nam. Trong khi mức tăng trưởng chung của khu vực Đông Nam Á duy trì ở mức 40%, doanh số bán lẻ robot hút bụi , vệ sinh tại Việt Nam đã ghi nhận con số kỷ lục: tăng trưởng hơn 70% chỉ trong 7 tháng đầu năm 2025. Tổng giá trị thị trường ước tính đạt xấp xỉ 250 triệu USD vào cuối năm, chiếm tới 24,51% tổng giá trị thị trường robot dịch vụ của cả vùng, theo báo cáo của Ken Research. Sự bùng nổ không chỉ tập trung ở những đại đô thị như Hà Nội hay TP.HCM. Dữ liệu thương mại điện tử cho thấy một làn sóng tiêu dùng mới tại các tỉnh công nghiệp vệ tinh như Bình Dương (địa giới cũ - tăng 122,1%), Long An (nay là Tây Ninh, tăng 63,41%) và Hưng Yên (39,41%). Điều này chứng minh lối sống hiện đại và nhu cầu tự động hóa đã lan tỏa sâu rộng đến tầng lớp quản lý và lao động có thu nhập trung bình khá trở lên tại các khu kinh tế trọng điểm. Robot hút bụi với nhiều trang bị, tính năng đang dần phổ biến trong các căn nhà Việt Ảnh: Anh Quân Khác với giai đoạn sơ khởi khi người dùng ưu tiên các dòng máy giá rẻ, năm 2025 chứng kiến sự lên ngôi của những mẫu robot tích hợp trí tuệ nhân tạo (AI). Phân khúc từ 10 đến 15 triệu đồng đang chiếm ưu thế với 53% thị phần, trong khi phân khúc cao cấp (trên 15 triệu đồng) cũng ghi nhận mức tăng trưởng 14,8%. Người tiêu dùng Việt Nam hiện nay có những yêu cầu rất cụ thể: robot phải tích hợp hút và lau đồng thời, có trạm sạc tự động làm sạch giẻ bằng nước nóng, khả năng điều hướng thông minh... Nhờ sự phát triển của công nghệ, đây không còn là những lựa chọn xa xỉ mà đã trở thành ""tiêu chuẩn vàng"" để đáp ứng đặc thù kiến trúc nhà phố và chung cư tại Việt Nam. Thị phần nhiều dư địa, ""ông lớn"" cũng nhảy vào Cấu trúc cạnh tranh năm 2025 ghi nhận sự thống trị của các thương hiệu robot hút bụi đến từ Trung Quốc tại Đông Nam Á nói chung và Việt Nam nói riêng. Theo GfK, những cái tên hàng đầu gồm Roborock, Ecovacs, Dreame, Xiaomi, Narwal hiện kiểm soát hơn 65% thị phần toàn cầu. Trao đổi với Thanh Niên , ông Đào Hải Đăng - đại diện thương hiệu Ecovacs tại Việt Nam khẳng định Việt Nam là một trong những thị trường năng động và tiềm năng bậc nhất khu vực. ""Năm 2025, chúng tôi ghi nhận mức tăng trưởng doanh số gấp đôi so với năm 2024, với gần 70.000 sản phẩm được bán ra. Xu hướng 'tự động hóa sâu' đang trở thành tiêu chuẩn mới khi người dùng ngày càng khắt khe, ưu tiên các giải pháp tích hợp AI để giảm thiểu thao tác thủ công"". Dyson lần đầu mang robot hút bụi đến Việt Nam Ảnh: Anh Quân Đồng quan điểm về dư địa phát triển, đại diện Dreame chia sẻ: ""Thu nhập người dân tăng cùng tỷ lệ đô thị hóa cao đã thúc đẩy ngành hàng gia dụng tăng trưởng trên 10%/năm. Tại Việt Nam, nhóm dân số trẻ từ 18 đến 45 tuổi chiếm gần 60%. Đây là những người sẵn sàng chi trả cho các sản phẩm chất lượng cao, thiết kế đẹp để hỗ trợ cuộc sống hiện đại. Chúng tôi tin rằng phân khúc robot hút bụi lau nhà cao cấp sẽ còn tăng mạnh trong thời gian tới"". Tiềm năng tăng trưởng không chỉ thể hiện qua những con số mà còn bởi sự xuất hiện của những nhãn hiệu gia nhập thị trường. Dyson (Anh) nổi tiếng bởi các sản phẩm ở phân khúc giá cao cấp mới đây cũng tuyên bố tham gia thị trường robot hút bụi, lau nhà tại Việt Nam với mẫu Spot+Srub Ai với mức giá niêm yết lên tới 35,99 triệu đồng, cao hàng đầu hiện nay. Hãng cũng bổ sung thêm Clean+Wash Hygiene vào dòng thiết bị làm sạch cầm tay vốn đang là thế mạnh của thương hiệu này. Ngoài ra, một thương hiệu khác là MOVA (Trung Quốc) cũng rục rịch đưa sản phẩm gia nhập kệ hàng thiết bị gia dụng thông minh tại Việt Nam. Thương hiệu này chọn cách bắt đầu với các dòng robot hút bụi trải dài từ phân khúc tiêu chuẩn (gần 10 triệu đồng) tới cao cấp, trong đó model V50 Ultra có giá gần 20 triệu đồng, được xác định là model chủ lực. Tuy nhiên, thị trường còn nhiều dư địa và tiềm năng không đồng nghĩa ""miếng bánh"" sẽ được chia cho tất cả những bên tham gia. Sự trỗi dậy của các ""ông lớn"" phương Đông với lợi thế về tốc độ nghiên cứu và phát triển (R&D) cùng khả năng địa phương hóa ngôn ngữ (như tích hợp tiếng Việt) đã tạo ra sức ép lên các thương hiệu đến từ phương Tây. Minh chứng rõ nhất là việc iRobot, ""tượng đài"" một thời của Mỹ, đã phải nộp đơn phá sản vào cuối năm 2025 do không thể cạnh tranh về giá và tốc độ đổi mới công nghệ.",,"Dyson, gia dụng thông minh, robot gia đình, trí tuệ nhân tạo",https://images2.thanhnien.vn/thumb_w/640/528068263637045248/2026/3/28/deebot-x12-omnicyclone-1774668885718658897529.jpg,"[""https://images2.thanhnien.vn/thumb_w/640/528068263637045248/2026/3/28/deebot-x12-omnicyclone-1774668885718658897529.jpg"", ""https://images2.thanhnien.vn/thumb_w/640/528068263637045248/2026/4/21/a387cb19-b225-4894-b4f0-91c709d14943-17767659846541705184347.jpg""]",,2026-04-21T20:37:00+07:00,2026-07-03T14:34:46.405803,Công nghệ,,,,
185250611090642996,https://thanhnien.vn/android-16-chinh-thuc-phat-hanh-185250611090642996.htm,thanhnien.vn,,,,,,Android 16 chính thức phát hành,Android 16 chính thức phát hành nhưng người dùng beta cần lưu ý nguy cơ mất sạch dữ liệu.,"Theo Android Authority , đúng như đã hẹn, Google đã chính thức tung ra phiên bản Android 16 ổn định vào ngày 10.6, sau hơn nửa năm thử nghiệm. Bản cập nhật mang đến nhiều cải tiến đáng chú ý, nhưng cũng đi kèm một cảnh báo quan trọng mà người dùng các phiên bản thử nghiệm cần phải biết. Google xác nhận chính thức phát hành Android 16 Sau nhiều chờ đợi, cộng đồng người dùng điện thoại Pixel tương thích đã có thể 'lên đời' Android 16. Google xác nhận thông tin này trên trang X của Android Developers , đánh dấu một trong những lần hiếm hoi hãng công bố ngày phát hành cụ thể chỉ một ngày trước khi ra mắt. Phiên bản Android 16 đã chính thức phát hành ẢNH: CHỤP MÀN HÌNH ANDROID POLICE Việc phát hành Android 16 trùng với đợt cập nhật tính năng tháng 6.2025 (June Feature Drop), mang theo nhiều tiện ích mới không chỉ cho điện thoại Pixel mà còn cho cả người dùng không phải Pixel và dòng sản phẩm Pixel Watch. Đây là thông tin quan trọng nhất người dùng cần lưu ý. Google cho biết, chỉ những thiết bị Pixel đang chạy phiên bản Android 15 ổn định hoặc kênh Android 16 beta thông thường mới nhận được bản cập nhật qua giao thức OTA (cập nhật qua mạng). Đặc biệt, những người dùng đang tham gia kênh thử nghiệm Android 16 QPR1 Beta sẽ không nhận được bản cập nhật này. Để cài đặt phiên bản ổn định, họ buộc phải rời khỏi chương trình beta. Tuy nhiên, quá trình này sẽ xóa sạch toàn bộ dữ liệu trên điện thoại. Do đó, người dùng cần sao lưu tất cả thông tin quan trọng trước khi quyết định hạ cấp. Mặc dù thiết kế Material 3 Expressive mới lạ sẽ chỉ ra mắt vào cuối năm, phiên bản Android 16 ổn định hiện tại vẫn mang đến nhiều nâng cấp giá trị. Nổi bật nhất là tính năng Live Updates - câu trả lời của Google cho tính năng Live Activities của iPhone. Nó cho phép các thông báo hiển thị cập nhật theo thời gian thực, giúp người dùng dễ dàng theo dõi tình trạng giao đồ ăn, tỷ số trận đấu thể thao hay chuyến xe công nghệ. Về bảo mật, Android 16 giới thiệu chế độ bảo vệ nâng cao (Advanced Protection), hợp nhất tất cả tùy chọn an ninh vào menu duy nhất. Tuy nhiên, các tính năng bổ sung như Intrusion Logging (ghi nhật ký xâm nhập) hay Inactivity Reboot (khởi động lại khi máy không hoạt động trong 72 giờ) sẽ chỉ được kích hoạt trong các bản cập nhật sau vào cuối năm nay. Nhìn chung, Android 16 là một bản cập nhật đáng giá, nhưng người dùng, đặc biệt là những người tham gia chương trình beta, cần hết sức thận trọng để có một quá trình nâng cấp suôn sẻ.",,"Android, cập nhật, phiên bản Android, bản cập nhật",https://images2.thanhnien.vn/thumb_w/640/528068263637045248/2025/6/11/android-16-version-baklava-174960774569571224349.jpg,"[""https://images2.thanhnien.vn/thumb_w/640/528068263637045248/2025/6/11/android-16-version-baklava-174960774569571224349.jpg""]",,2025-06-11T09:45:00+07:00,2026-07-03T14:34:46.477081,Công nghệ,,,,
185250822132852542,https://thanhnien.vn/fpt-shop-tang-qua-cong-nghe-cho-tan-sinh-vien-co-thanh-tich-xuat-sac-185250822132852542.htm,thanhnien.vn,,,,,,FPT Shop tặng quà công nghệ cho tân sinh viên có thành tích xuất sắc,Hệ thống bán lẻ FPT Shop vừa tiến hành tặng 30 combo công nghệ trị giá hơn 320 triệu đồng cho các tân sinh viên có hoàn cảnh khó khăn và đạt điểm cao trong kỳ thi tốt nghiệp THPT.,"Trong bối cảnh công nghệ ngày càng trở nên thiết yếu cho học tập và làm việc, việc trang bị thiết bị hiện đại giúp sinh viên sẵn sàng bước vào giảng đường càng thêm cần thiết. Là một trong những hệ thống bán lẻ công nghệ lớn tại Việt Nam, FPT Shop cùng các đối tác luôn nỗ lực mang đến những giải pháp thiết thực, tiên phong đồng hành cùng thế hệ trẻ trên hành trình học tập và phát triển. FPT Shop cùng nhà trường trao phần quà cho Nguyễn Minh Tuyển, cựu học sinh Trường THPT Nguyễn Thị Minh Khai, Hà Nội Ảnh: CTV Trên tinh thần đó, FPT Shop đã dành tặng những phần quà công nghệ với tổng trị giá hơn 320 triệu đồng cho các tân sinh viên có hoàn cảnh đặc biệt, giàu nghị lực và đạt thành tích nổi bật trong kỳ thi tốt nghiệp THPT 2025. Theo đó, FPT Shop đã cùng các đối tác trao 30 combo công nghệ thiết thực. Mỗi phần quà được thiết kế như một ‘hành trang số’, bao gồm các thiết bị hỗ trợ học tập như laptop, máy tính bảng, điện thoại di động... từ các thương hiệu hàng đầu như Lenovo, Asus , HP, Dell, MSI, Samsung, HONOR…, SIM Tân Binh FPT với ưu đãi miễn phí 30 GB/tháng... Đây là trọn bộ công cụ và kết nối cần thiết, giúp sinh viên học tập linh hoạt, giao tiếp hiệu quả và dễ dàng hòa nhập vào môi trường học tập trong thời đại số. Song song với những phần quà ý nghĩa ấy, từ tháng 6.2025, FPT Shop đã triển khai chiến dịch “Tân Bling đỉnh - A.I thông minh” dành cho học sinh, sinh viên, kéo dài đến ngày 31.10. Điểm nhấn của chương trình là đặc quyền tân sinh viên khi mua laptop/PC/LCD, thí sinh có điểm trung bình tốt nghiệp THPT 2025 trên 9 điểm được giảm thêm đến 10% (tối đa 8 triệu đồng), các mức điểm khác cũng được hưởng ưu đãi phù hợp. Bên cạnh đó, khách hàng còn được tặng SIM Tân Binh FPT với 30 GB/tháng và data không giới hạn cho YouTube, TikTok. Đồng thời, mùa tựu trường năm nay FPT Shop còn triển khai chương trình Back to School với loạt ưu đãi dành cho toàn bộ học sinh - sinh viên. Cụ thể, khách hàng được giảm thêm đến 1 triệu đồng khi mua MacBook/iPad, khuyến mãi đến 35% cho điện thoại, tablet, smartwatch… Riêng laptop, ngoài mức giảm thêm đến 5%, khách hàng còn được tặng 1 năm bảo hành mở rộng nâng tổng thời gian bảo hành lên đến 3 năm, kèm chính sách “1 đổi 1”.",,"FPT, Samsung, học tập, FPT Shop, sinh viên",https://images2.thanhnien.vn/thumb_w/640/528068263637045248/2025/8/22/shop-17558438755181324200192.png,"[""https://images2.thanhnien.vn/thumb_w/640/528068263637045248/2025/8/22/shop-17558438755181324200192.png""]",,2025-08-22T12:41:00+07:00,2026-07-03T14:34:46.769597,Công nghệ,,,,
185250610195712162,https://thanhnien.vn/dot-pha-cong-nghe-pin-giup-xe-dien-chay-toi-4800-km-moi-lan-sac-185250610195712162.htm,thanhnien.vn,,,,,,Đột phá công nghệ pin giúp xe điện chạy tới 4.800 km mỗi lần sạc,Các nhà nghiên cứu tạo ra công nghệ pin mới hứa hẹn xóa tan nỗi lo hết pin cho xe điện.,"Theo BGR , nỗi lo lắng về việc hết pin và phải liên tục tìm kiếm trạm sạc luôn là rào cản lớn nhất đối với người dùng xe điện (EV). Tuy nhiên, một đột phá công nghệ từ các nhà khoa học Hàn Quốc có thể sớm biến hành trình 3.000 dặm (khoảng 4.800 km) chỉ với một lần sạc trở thành hiện thực. Đột phá về pin đang hứa hẹn sẽ thay đổi ngành xe điện ẢNH: CHỤP MÀN HÌNH CURRENCYTRANSFER Công nghệ pin xe điện mới: Sạc một lần, chạy 4.800 km Hiện tại, với phạm vi hoạt động hạn chế, thường chỉ từ 320 - 480 km, khiến các chuyến đi xa bằng xe điện trở nên phức tạp và được cân nhắc hơn nhiều so với xe chạy xăng. Nhưng một sáng kiến mới về hóa học pin đang hứa hẹn sẽ thay đổi hoàn toàn cuộc chơi. Theo báo cáo từ GreenCarStocks , các nhà nghiên cứu tại Hàn Quốc đã tìm ra cách giải quyết một vấn đề kỹ thuật cố hữu trong pin lithium-ion đó là sự phồng rộp của silicon. Silicon có khả năng lưu trữ năng lượng lớn, nhưng khi sạc, nó phồng lên và nhanh chóng bị hư hỏng, làm giảm tuổi thọ và hiệu suất của pin. Bằng cách khắc phục được vấn đề này, công nghệ mới có thể cho phép pin xe điện lưu trữ năng lượng nhiều hơn tới 10 lần so với các loại pin tốt nhất hiện nay trên thị trường. Về lý thuyết, điều này đồng nghĩa với việc phạm vi hoạt động của xe điện sẽ tăng theo cấp số nhân, có thể đạt tới con số không tưởng là 3.000 dặm. Nếu công nghệ này có thể được nhân rộng ở quy mô công nghiệp, nó sẽ xóa bỏ một trong những trở ngại lớn nhất cản trở việc phổ cập xe điện trên toàn cầu. Mặc dù vẫn còn các thách thức khác như chi phí sản xuất hay cơ sở hạ tầng trạm sạc , việc loại bỏ hoàn toàn nỗi lo hết pin sẽ là một bước nhảy vọt, thúc đẩy mạnh mẽ tỷ lệ người dùng chuyển sang xe điện. Đột phá này không chỉ dừng lại ở việc thiết kế một viên pin tốt hơn. Nó định hình lại toàn bộ cách chúng ta nghĩ về hóa học pin, mở ra tiềm năng ứng dụng cho nhiều lĩnh vực khác cần đến công nghệ lưu trữ năng lượng hiệu quả, chẳng hạn như các hệ thống điện mặt trời hay thiết bị điện tử tiêu dùng. Cuộc cách mạng về pin có thể chỉ mới bắt đầu.",,"công nghệ, xe điện, trạm sạc, Pin, Lưu trữ, năng lượng, Silicon",https://images2.thanhnien.vn/thumb_w/640/528068263637045248/2025/6/10/ev-2-17495613649831383916175.jpg,"[""https://images2.thanhnien.vn/thumb_w/640/528068263637045248/2025/6/10/ev-2-17495613649831383916175.jpg""]",,2025-06-11T15:43:00+07:00,2026-07-03T14:34:46.955765,Công nghệ,,,,
185250806125933115,https://thanhnien.vn/nguoi-dung-mat-du-lieu-10-nam-vi-aws-xoa-tai-khoan-khong-bao-truoc-185250806125933115.htm,thanhnien.vn,,,,,,Người dùng mất dữ liệu 10 năm vì AWS xóa tài khoản không báo trước,Một sự cố với tài khoản AWS cá nhân đã làm nổi bật rủi ro khi phụ thuộc vào duy nhất nền tảng đám mây.,"Theo Tomshardware , Abdelkader Boudih - kỹ sư phần mềm vận hành nhiều dự án mã nguồn mở, đã chia sẻ trải nghiệm mất mát nghiêm trọng khi tài khoản Amazon Web Services (AWS) gắn bó trong 10 năm của ông bị xóa cùng toàn bộ dữ liệu đi kèm. Sự việc bắt đầu từ một yêu cầu xác minh và kéo dài hơn 20 ngày không có tiến triển từ phía hỗ trợ khách hàng. Theo nội dung được công bố trên blog cá nhân vào cuối tháng 7, ông Boudih cho biết mình nhận thấy không thể truy cập hệ thống AWS từ ngày 23.7.2025. Tất cả dịch vụ ông sử dụng, bao gồm máy chủ EC2, kho lưu trữ S3 và các bản sao lưu, đều đã biến mất. Trước đó, ông không nhận được bất kỳ thông báo trực tiếp nào cho biết tài khoản có nguy cơ bị khóa hoặc dữ liệu sẽ bị xóa. AWS hiện là một trong những nền tảng điện toán đám mây lớn nhất thế giới, được sử dụng rộng rãi trong nhiều lĩnh vực từ phát triển phần mềm, lưu trữ dữ liệu đến vận hành hạ tầng doanh nghiệp ẢNH: AWS Trong thời gian sử dụng dịch vụ, ông Boudih đã triển khai nhiều biện pháp bảo vệ như sao lưu đa vùng, thiết lập phục hồi thảm họa và mã hóa dữ liệu. Tuy nhiên, toàn bộ giải pháp sao lưu đều đặt trong môi trường AWS . Khi tài khoản bị xóa, mọi bản sao lưu cũng không còn khả dụng. Ngay sau sự cố, ông liên hệ với bộ phận hỗ trợ của AWS. Trong suốt hơn 20 ngày, các trao đổi chủ yếu diễn ra thông qua hệ thống ticket tự động. Phản hồi nhận được đa phần là các mẫu trả lời theo quy trình, không đưa ra câu trả lời rõ ràng về tình trạng tài khoản hoặc khả năng phục hồi dữ liệu. Việc không có sự can thiệp trực tiếp từ nhân sự có thẩm quyền khiến các bước xử lý gần như không có tiến triển, dù mức độ nghiêm trọng của sự việc ngày càng rõ ràng. Sau nhiều lần yêu cầu làm rõ, ông được thông báo rằng tài khoản đã bị xóa do không hoàn tất quy trình xác minh thông tin thanh toán. Theo chính sách của AWS, trong các trường hợp chưa thanh toán hoặc xác minh không thành công, tài khoản có thể bị tạm ngưng sau khoảng 16 - 30 ngày và dữ liệu thường vẫn được bảo toàn trong giai đoạn này. Sau mốc 30 ngày, dữ liệu có thể bị xóa vĩnh viễn và tài khoản có thể bị đóng hoàn toàn. Tuy nhiên, theo trình tự được ông Boudih ghi lại, tài khoản bị xóa chỉ sau khoảng 20 ngày kể từ thời điểm nhận yêu cầu xác minh, khiến ông đặt câu hỏi về việc chính sách được thực thi như thế nào trong thực tế. Ngoài ảnh hưởng cá nhân, việc mất dữ liệu còn gây gián đoạn cho cộng đồng lập trình viên sử dụng các thư viện phần mềm do ông phát triển. Một số dự án phụ thuộc vào các gói mã nguồn mở này hiện không thể tiếp tục vận hành vì thiếu tài nguyên truy cập. Ông cho biết đã mất nhiều năm để xây dựng hệ thống đó và khó có thể phục hồi hoàn toàn từ bản lưu trữ bên ngoài. Bài đăng về sự việc mất dữ liệu AWS 10 năm đang nhận được nhiều lượt upvote và bình luận trên nền tảng Reddit ẢNH: CHỤP MÀN HÌNH REDDIT Trường hợp của ông Boudih đã nhận được sự quan tâm lớn trên các diễn đàn công nghệ như HackerNews và Reddit . Nhiều người dùng cũng chia sẻ các tình huống tương tự khi tương tác với hệ thống hỗ trợ kỹ thuật hoàn toàn tự động, trong đó những vấn đề đơn giản ban đầu bị kéo dài, tích tụ và dẫn đến tổn thất nghiêm trọng. Trong một tuyên bố với Tom's Hardware , người phát ngôn của AWS cho biết: ""Chúng tôi luôn nỗ lực hợp tác với khách hàng để giải quyết các vấn đề liên quan đến tài khoản và đã đưa ra cảnh báo trước về khả năng tài khoản bị tạm ngưng. Việc tạm ngưng tài khoản là một phần trong các giao thức bảo mật tiêu chuẩn của AWS đối với những tài khoản không vượt qua quy trình xác minh bắt buộc, và việc cho rằng điều này xảy ra do lỗi hệ thống hoặc sự cố là không chính xác"". Tuy nhiên, khi dịch vụ đám mây trở thành hạ tầng lưu trữ phổ biến cho cá nhân lẫn doanh nghiệp, việc đảm bảo quyền truy cập ổn định và cơ chế hỗ trợ phản hồi hiệu quả tiếp tục là một chủ đề được quan tâm. Trường hợp này cũng cho thấy khi toàn bộ quá trình hỗ trợ chỉ diễn ra qua các kênh tự động hoặc phản hồi theo mẫu có sẵn, không có sự can thiệp kịp thời từ con người có thẩm quyền, thì những sai sót kỹ thuật ban đầu rất dễ bị đẩy thành sự cố nghiêm trọng. Ngoài ra, sự việc đặt ra khuyến nghị về việc không nên phụ thuộc hoàn toàn vào nền tảng duy nhất. Việc chủ động thiết lập hệ thống sao lưu phân tán, theo dõi trạng thái tài khoản định kỳ và chuẩn bị phương án thay thế là cần thiết để giảm thiểu rủi ro mất dữ liệu, nhất là khi không thể dự đoán trước cách một nền tảng xử lý tài khoản trong các tình huống ngoại lệ.",,"tài khoản, dữ liệu, Lưu trữ, Sao lưu",https://images2.thanhnien.vn/thumb_w/640/528068263637045248/2025/8/6/screenshot-2025-08-06-124946-1754459433181111349868.png,"[""https://images2.thanhnien.vn/thumb_w/640/528068263637045248/2025/8/6/screenshot-2025-08-06-124946-1754459433181111349868.png"", ""https://images2.thanhnien.vn/thumb_w/640/528068263637045248/2025/8/6/screenshot-2025-08-06-125732-17544598651532029001041.png""]",,2025-08-07T10:26:00+07:00,2026-07-03T14:34:47.100201,Công nghệ,,,,
185260501075346604,https://thanhnien.vn/youtube-mien-phi-tinh-nang-xem-video-cua-so-nho-185260501075346604.htm,thanhnien.vn,,,,,,YouTube miễn phí tính năng xem video cửa sổ nhỏ,"YouTube mở khóa tính năng nhiều người mong muốn cho tài khoản miễn phí, nhưng có một lưu ý quan trọng.","Sau nhiều năm độc quyền dành cho tài khoản trả phí, Google đã chính thức đưa tính năng Picture-in-Picture (PiP) đến với người dùng YouTube miễn phí trên toàn cầu, cho phép vừa xem video vừa làm việc khác một cách dễ dàng. YouTube PiP không còn độc quyền cho người dùng Premium Tính năng PiP từ lâu đã là khao khát của hàng triệu người dùng YouTube. Tính năng này cho phép video thu nhỏ thành một cửa sổ linh hoạt trên màn hình, giúp người dùng có thể vừa theo dõi nội dung vừa nhắn tin, lướt web hoặc làm việc. Trước đây, trừ thị trường Mỹ, người dùng toàn cầu bắt buộc phải bỏ tiền mua gói Premium mới có thể sử dụng tiện ích này. Tuy nhiên, bắt đầu từ tuần này, YouTube đã chính thức phá bỏ rào cản. Người dùng Android và iOS phiên bản miễn phí trên toàn thế giới sẽ bắt đầu nhận được bản cập nhật để sử dụng PiP mà không cần tốn bất kỳ chi phí nào. YouTube PiP được mở miễn phí cho toàn bộ người dùng ẢNH: CHỤP MÀN HÌNH MACRUMORS Dù là một đợt phát hành miễn phí quy mô lớn, YouTube vẫn thiết lập những quy tắc riêng để duy trì giá trị của gói Premium . Cụ thể, tính năng PiP miễn phí chỉ áp dụng cho các nội dung video dạng dài thông thường (như vlog, tin tức, phim tài liệu...). Ngược lại, nội dung âm nhạc sẽ đứng ngoài cuộc chơi. Điều này đồng nghĩa với việc nếu bạn đang xem MV ca nhạc, các bản ghi âm nghệ thuật (Art Track) hay thậm chí là nhạc thiếu nhi, cửa sổ PiP sẽ không hoạt động khi bạn thoát ứng dụng. YouTube định nghĩa rõ ràng là nếu muốn dùng nền tảng này như một dịch vụ phát nhạc chạy nền chuyên nghiệp, bạn vẫn cần phải nâng cấp lên trả phí. Động thái này của Google cũng đưa những người dùng gói Premium Lite (gói cắt giảm quảng cáo giá rẻ) về cùng mức độ ưu tiên với người dùng miễn phí đối với mảng âm nhạc. Riêng tại thị trường Mỹ, các quyền lợi cũ vẫn được giữ nguyên và không bị ảnh hưởng bởi thay đổi này. Hiện tại, tính năng đang được triển khai dần theo từng khu vực. Người dùng được khuyến cáo nên cập nhật ứng dụng YouTube lên phiên bản mới nhất trên App Store hoặc Google Play để sớm trải nghiệm cảm giác đa nhiệm thực thụ trên chiếc smartphone của mình.",,"Google, Youtube, miễn phí",https://images2.thanhnien.vn/thumb_w/640/528068263637045248/2026/5/1/youtube-picture-in-picture-feature-17775969214317328751.jpg,"[""https://images2.thanhnien.vn/thumb_w/640/528068263637045248/2026/5/1/youtube-picture-in-picture-feature-17775969214317328751.jpg""]",,2026-05-01T10:04:00+07:00,2026-07-03T14:34:47.537325,Công nghệ,,,,
185250128105038173,https://thanhnien.vn/deepseek-vuon-len-vi-tri-so-1-tren-app-store-cua-apple-185250128105038173.htm,thanhnien.vn,,,,,,DeepSeek vươn lên vị trí số 1 trên App Store của Apple,"Startup Trung Quốc vừa giáng đòn đau vào các ông lớn AI (trí tuệ nhân tạo) ở Mỹ, vươn lên dẫn đầu App Store.","Theo Business Insider , startup AI non trẻ mang tên DeepSeek đến từ Trung Quốc đã gây chấn động làng công nghệ, theo đó, ứng dụng của họ vượt mặt cả ChatGPT của OpenAI để chiếm lĩnh vị trí số 1 trên bảng xếp hạng ứng dụng miễn phí của App Store. DeepSeek nhanh chóng leo lên top đầu bảng xếp hạng App Store ẢNH: CHỤP MÀN HÌNH FOUNDER PRESS DeepSeek bứt phá và dẫn đầu trên App Store Thành công này đến chỉ vài ngày sau khi DeepSeek ra mắt mô hình ngôn ngữ lớn (LLM) R1, một sản phẩm được đánh giá là có khả năng sánh ngang, thậm chí vượt trội hơn các mô hình AI hàng đầu hiện nay của Google, Meta và OpenAI. Điều đáng nói là DeepSeek đã đạt được những thành tựu ấn tượng này với nguồn lực hạn chế hơn nhiều so với các đối thủ Mỹ. DeepSeek bị tấn công mạng sau khi rung chuyển cổ phiếu công nghệ Trong khi các 'gã khổng lồ' công nghệ Mỹ đổ hàng trăm tỉ USD vào việc mua sắm chip và dữ liệu cao cấp, DeepSeek lại chọn một hướng đi khác. Họ tập trung vào việc tối ưu hóa hiệu quả sử dụng chip H800 của Nvidia, một phiên bản có tốc độ truyền dữ liệu thấp hơn so với chip H100 do các lệnh trừng phạt của Mỹ. Theo tiết lộ của DeepSeek, họ chỉ mất khoảng 6 triệu USD để xây dựng và huấn luyện mô hình V3, một con số 'khiêm tốn' so với chi phí mà các công ty Mỹ phải bỏ ra. Sự trỗi dậy của DeepSeek đã gióng lên hồi chuông cảnh báo cho tham vọng thống trị lĩnh vực AI của Mỹ. Việc một startup Trung Quốc có thể tạo ra những mô hình AI tiên tiến với chi phí thấp hơn đang đặt ra câu hỏi về tính hiệu quả của việc đầu tư chi phí với quy mô lớn vào AI. 'Cú hích' này càng trở nên mạnh mẽ hơn khi DeepSeek vươn lên dẫn đầu bảng xếp hạng App Store, vượt qua cả ChatGPT - ứng dụng đang được coi là biểu tượng cho sự phát triển của AI tại Mỹ. Liệu DeepSeek có thể duy trì vị thế dẫn đầu này? Các 'ông lớn' công nghệ Mỹ sẽ phản ứng như thế nào trước sự 'đe dọa' mới này? Cuộc đua AI toàn cầu đang ngày càng trở nên gay cấn và khó đoán hơn bao giờ hết.",,"trung quốc, mô hình, OPENAI, ChatGPT, ứng dụng, xếp hạng, công nghệ",https://images2.thanhnien.vn/528068263637045248/2025/1/28/deep-seek-1738036302350-173803630289243124537.png,"[""https://images2.thanhnien.vn/528068263637045248/2025/1/28/deep-seek-1738036302350-173803630289243124537.png""]",,2025-01-28T12:06:00+07:00,2026-07-03T14:34:47.912417,Công nghệ,,,,
185260418094706283,https://thanhnien.vn/nguoi-dung-iphone-trung-thanh-ky-luc-185260418094706283.htm,thanhnien.vn,,,,,,Người dùng iPhone trung thành kỷ lục,"Người dùng iPhone tiếp tục gắn bó lâu dài với hệ sinh thái, trong khi Android dần cải thiện khoảng cách nhờ nâng cấp công nghệ và giá trị.","Trong bối cảnh thiết kế smartphone ngày càng đồng nhất và các tính năng cạnh tranh được tích hợp, lòng trung thành với thương hiệu vẫn duy trì ở mức cao. Theo khảo sát từ trang web so sánh giá smartphone SellCell, khảo sát hơn 5.000 người dùng iPhone và Android tại Mỹ cho thấy người dùng iPhone hiện trung thành hơn bao giờ hết. iPhone áp đảo về lòng trung thành, nhưng các thương hiệu Android đang tăng tốc để thu hẹp khoảng cách ẢNH: PHONEARENA Cụ thể, tỷ lệ người dùng iPhone trung thành đã tăng từ 91,9% vào năm 2021 lên 96,4% vào năm 2026, vượt xa mức trung bình 86,4% của người dùng Android. Chỉ có 3,6% người dùng iPhone, tương đương 1 trên 25 người, có ý định chuyển sang thương hiệu khác, trong khi tỷ lệ này ở người dùng Android cao hơn gần bốn lần, đạt 13,6%. Sự khác biệt này càng rõ rệt khi xét đến thời gian gắn bó với thương hiệu. Có tới 83,8% người dùng iPhone đã sử dụng sản phẩm của Apple trong hơn 5 năm, trong khi chỉ 33,8% người dùng Android có thời gian gắn bó tương tự. Mặc dù iPhone dẫn đầu về lòng trung thành, nhưng người dùng Android cũng không hề kém cạnh. Nhiều nhà sản xuất Android đang ghi nhận sự tăng trưởng mạnh mẽ trong lòng trung thành của khách hàng. Tỷ lệ khách hàng trung thành của Samsung đã tăng từ 74% năm 2021 lên 90,1%, trong khi Google cũng ghi nhận mức tăng từ 65,2% lên 86,8%. Vì sao người dùng iPhone trung thành hơn Android? Dữ liệu cho thấy một khi khách hàng đã quen thuộc với một hệ sinh thái, khả năng họ rời bỏ sẽ giảm đi đáng kể. Khoảng cách về lòng trung thành giữa iOS và Android hiện là 10 điểm phần trăm. Trong số các thương hiệu Android, Samsung dẫn đầu và được nhiều người dùng iPhone lựa chọn trong trường hợp chuyển đổi. Cụ thể, 69,7% người dùng iPhone sẽ chọn Samsung, trong khi 31,5% người dùng Android sẽ chọn Samsung hơn là Apple (26,8%). Sở thích thương hiệu là lý do chính khiến người dùng tiếp tục sử dụng sản phẩm hiện tại, trong khi giá trị tốt hơn là động lực lớn nhất thúc đẩy việc chuyển đổi. Tin vui cho các nhà sản xuất Android là lòng trung thành của người dùng đang phục hồi sau giai đoạn giảm sút từ năm 2019 đến 2021, cho thấy các công ty Android đang đi đúng hướng. Bên cạnh giá cả, công nghệ tốt hơn cũng là yếu tố quan trọng có thể thuyết phục khách hàng từ bỏ hệ điều hành hiện tại. Đây là tín hiệu cho cả Apple và Android cần phải đổi mới hơn nữa để thu hút thêm khách hàng.",,"Android, Lòng trung thành, kết quả khảo sát, thương hiệu",https://images2.thanhnien.vn/thumb_w/640/528068263637045248/2026/4/18/1-1776480221832241585011.jpg,"[""https://images2.thanhnien.vn/thumb_w/640/528068263637045248/2026/4/18/1-1776480221832241585011.jpg""]",,2026-04-18T13:27:00+07:00,2026-07-03T14:34:48.123408,Công nghệ,,,,
185250713214814954,https://thanhnien.vn/30-nam-thau-cam-lg-va-dau-an-cong-nghe-nang-tam-cuoc-song-gia-dinh-viet-185250713214814954.htm,thanhnien.vn,,,,,,30 năm thấu cảm: LG và dấu ấn công nghệ nâng tầm cuộc sống gia đình Việt,"Ba thập kỷ đồng hành cùng người dùng Việt, LG không ngừng đổi mới công nghệ từ sự thấu cảm – lắng nghe, quan sát và thấu hiểu nhu cầu thực tế của người dùng. Mỗi cải tiến không chỉ hiện đại hơn mà còn hữu ích, tiện nghi hơn với các gia đình Việt.","Sự ""thấu cảm"" đến từ triết lý ""lấy người dùng làm trọng tâm"" Với LG, mọi sản phẩm và cải tiến công nghệ luôn bắt nguồn từ chính nhịp sống thường nhật – nơi mỗi thói quen, nhu cầu nhỏ đều được thấu hiểu để mang đến những giải pháp cá nhân hóa cho từng người dùng. Từ những thiết bị điện tử, gia dụng đầu tiên như tivi, tủ lạnh, máy giặt…đến hệ sinh thái nhà thông minh với các sản phẩm được tích hợp AI, LG luôn đặt câu hỏi: ""Vấn đề người dùng đang gặp phải là gì? Sản phẩm và công nghệ nào sẽ giúp giải quyết vấn đề đó một cách hiệu quả nhất?"" Chính tinh thần đó đã khiến LG không chỉ là một ""ông lớn"" về công nghệ mà còn là người bạn thân thiết của mỗi gia đình Việt - thấu hiểu từng góc bếp, từng không gian và từng khoảnh khắc sống. Từ khi đặt chân vào thị trường Việt Nam, tivi LG nhanh chóng trở thành lựa chọn được ưa chuộng bởi độ bền và hình ảnh sắc nét. Những năm 2000s, LG tiếp tục tạo dấu ấn với những dòng điều hòa tiết kiệm điện - đặc biệt phù hợp với khí hậu nhiệt đới của Việt Nam. Tiếp theo đó, LG tiên phong đưa công nghệ inverter vào các dòng máy giặt, máy lạnh, mở ra một làn sóng ""tiết kiệm thông minh"" cho người tiêu dùng. Bước sang kỷ nguyên AI, LG lại tái định nghĩa trải nghiệm gia đình hiện đại bằng các sản phẩm tích hợp công nghệ AI – như máy giặt AI DD™ tự động nhận biết chất liệu vải, điều hòa DualCool giúp làm lạnh nhanh và lọc không khí sạch, hay dòng tivi OLED và QNED mang đến trải nghiệm nghe nhìn đỉnh cao… Mọi sản phẩm của LG đều được phát triển dựa trên nhu cầu thực tế của người dùng Tất cả những cải tiến đó đều phản ánh rõ triết lý lấy con người làm trung tâm của mọi đổi mới – mà LG đã và đang theo đuổi. Công nghệ, với LG, không chỉ là hiện đại, mà còn thật sự gần gũi với cuộc sống hàng ngày. AI thấu cảm - ""người bạn"" của mỗi thành viên trong gia đình Từ triết lý công nghệ lấy con người làm trung tâm, LG tiếp tục đẩy mạnh phát triển trí tuệ nhân tạo (AI) theo hướng ""thấu cảm"" – một bước tiến công nghệ nổi bật, mở ra kỷ nguyên mới của trải nghiệm sống được cá nhân hóa tối đa. Không chỉ là công cụ hỗ trợ, AI trong các thiết bị LG ngày nay được thiết kế như một ""người bạn"" đồng hành, học hỏi hành vi, ghi nhớ thói quen và điều chỉnh linh hoạt để cá nhân hóa trải nghiệm cho từng thành viên trong gia đình. Chẳng hạn, các dòng sản phẩm TV LG AI 2025 vừa ra mắt đã được tích hợp trí tuệ nhân tạo thấu cảm toàn diện. Hệ thống AI sẽ tự động nhận diện người dùng, phân tích nội dung đang xem và điều chỉnh độ sáng, màu sắc phù hợp với ánh sáng phòng, thói quen và sở thích của người dùng. Với hệ điều hành webOS và trợ lý ảo tích hợp, người dùng có thể điều khiển TV bằng giọng nói tiếng Việt với các thao tác tra cứu thông tin, chuyển kênh, tìm phim yêu thích… Trí tuệ nhân tạo thấu cảm tích hợp trên dòng sản phẩm TV LG AI với khả năng đề xuất nội dung theo từng người dùng Trong căn bếp, tủ lạnh LG InstaView tích hợp AI giúp người dùng bảo quản thực phẩm thông minh hơn: ghi nhớ tần suất mở cửa, phân tích nhiệt độ sử dụng, và thậm chí có thể kết nối với ứng dụng trên điện thoại để theo dõi lượng thực phẩm còn lại hoặc cảnh báo nếu quên đóng cửa. Các thế hệ máy giặt sấy của LG từ lồng đứng, lồng ngang cho tới tháp giặt sấy WashTower™ cũng đều được tích hợp AI thấu cảm để tối ưu hiệu quả hoạt động. Nhờ AI DD™, máy có thể tự động nhận biết chất liệu vải, khối lượng quần áo và chọn chế độ giặt tối ưu để bảo vệ sợi vải tốt hơn.Trong căn bếp, tủ lạnh LG InstaView tích hợp AI giúp người dùng bảo quản thực phẩm thông minh hơn: ghi nhớ tần suất mở cửa, phân tích nhiệt độ sử dụng, và thậm chí có thể kết nối với ứng dụng trên điện thoại để theo dõi lượng thực phẩm còn lại hoặc cảnh báo nếu quên đóng cửa. Các thế hệ máy giặt sấy của LG từ lồng đứng, lồng ngang cho tới tháp giặt sấy WashTower™ cũng đều được tích hợp AI thấu cảm để tối ưu hiệu quả hoạt động. Nhờ AI DD™, máy có thể tự động nhận biết chất liệu vải, khối lượng quần áo và chọn chế độ giặt tối ưu để bảo vệ sợi vải tốt hơn. Máy giặt sấy lồng ngang của LG được tích hợp trí tuệ nhân tạo thấu cảm, tối ưu hiệu quả hoạt động Ngay cả điều hòa LG Inverter DUALCOOL AI Air cũng có khả năng tùy chỉnh thông minh dựa trên ba yếu tố nhiệt độ, hướng gió và tốc độ gió, đáp ứng nhu cầu đa dạng mà còn tạo ra làn gió êm ái, dễ chịu cho người dùng. Hay trong không gian làm việc, laptop LG gram được tích hợp AI mang đến khả năng xử lý AI ngoại tuyến (on-device) và trực tuyến (cloud-based) để tối ưu hóa trải nghiệm người dùng. Tất cả các thiết bị đều có thể dễ dàng kết nối và điều khiển thông qua ứng dụng thông minh LG ThinQ, tạo nên ngôi nhà thông minh và thấu cảm cho người dùng. Khẳng định vị thế từ công nghệ thấu cảm Những nỗ lực bền bỉ suốt ba thập kỷ đã giúp LG xây dựng vị thế vững chắc tại thị trường Việt Nam. Liên tục trong nhiều năm qua, hãng giữ vị trí số 1 ở nhiều ngành hàng từ TV OLED cao cấp, máy giặt sấy đến máy lọc không khí. Bên cạnh đó, các sản phẩm LG còn được vinh danh tại nhiều hạng mục giải thưởng công nghệ tại Việt Nam. Tiêu biểu, tại Tech Awards 2024, LG là thương hiệu TV duy nhất nhận cú đúp với TV OLED evo M4 đạt giải ""TV xuất sắc nhất năm"" và QNED86 đạt ""TV phổ thông tốt nhất"". Cũng tại sự kiện này, LG được trao danh hiệu ""Thương hiệu Máy lọc không khí xuất sắc nhất 2024"" – năm thứ ba liên tiếp giành giải. Thế hệ máy giặt LG AI DD™ 2.0 cũng được vinh danh tại Editors' Choice Awards là ""Máy giặt sấy công nghệ đột phá của năm"". Hàng loạt thành tựu và giải thưởng giá trị không chỉ khẳng định chất lượng công nghệ mà còn minh chứng cho chiến lược phát triển bền vững từ triết lý thấu cảm – không ngừng tối ưu trải nghiệm sống từ những điều nhỏ nhất. Sau 30 năm, hành trình công nghệ của LG tại Việt Nam vẫn tiếp tục bằng sự hiện diện bền bỉ trong mỗi gia đình – với một triết lý thấu cảm chưa từng thay đổi.",,"LG không ngừng đổi mới công nghệ từ sự thấu cảm, LG và dấu ấn công nghệ nâng tầm cuộc sống gia đình Việt, LG tiện nghi hơn với các gia đình Việt, tivi LG",https://images2.thanhnien.vn/thumb_w/640/528068263637045248/2025/7/13/1-17524177598821258175023.png,"[""https://images2.thanhnien.vn/thumb_w/640/528068263637045248/2025/7/13/1-17524177598821258175023.png"", ""https://images2.thanhnien.vn/thumb_w/640/528068263637045248/2025/7/13/2-17524177599471754311879.png"", ""https://images2.thanhnien.vn/thumb_w/640/528068263637045248/2025/7/13/3-1752417759959442233316.jpg""]",,2025-07-14T08:00:00+07:00,2026-07-03T14:34:48.473389,Công nghệ,,,,
185250907140544987,https://thanhnien.vn/meo-giup-toc-do-internet-nhanh-hon-cho-windows-11-185250907140544987.htm,thanhnien.vn,,,,,,Mẹo giúp tốc độ internet nhanh hơn cho Windows 11,Tốc độ internet Windows 11 chậm chạp? Hãy áp dụng ngay 2 'tuyệt chiêu' này để tăng tốc tức thì.,"Theo BGR , bạn vừa nâng cấp lên Windows 11 và cảm thấy tốc độ internet không như ý? Đừng vội bực bội, có những giải pháp đơn giản nhưng cực kỳ hiệu quả ngay trên máy tính của bạn để cải thiện tình hình, giúp công việc và giải trí trở nên mượt mà hơn. Hai tuyệt chiêu có thể giúp cải thiện tốc độ internet trên Windows 11 Trong thời đại làm việc tại nhà, một kết nối internet ổn định và nhanh chóng là yếu tố sống còn. Tuy nhiên, đôi khi chính chiếc máy tính của bạn lại là nguyên nhân gây ra tình trạng ì ạch không mong muốn. Dưới đây là hai phương pháp, từ cơ bản đến nâng cao, để bạn có thể tối ưu hóa và giải phóng toàn bộ tiềm năng tốc độ mạng trên Windows 11. Giải pháp 1: Đón đầu tương lai với Wi-Fi 7 Wi-Fi 7 là chuẩn kết nối không dây thế hệ mới nhất, hứa hẹn tốc độ vượt trội và độ ổn định cao hơn hẳn so với các chuẩn cũ. Một trong những ưu điểm của Windows 11 là khả năng hỗ trợ chuẩn Wi-Fi 7 , điều mà Windows 10 không làm được. Windows 11 đã hỗ trợ chuẩn Wi-Fi 7 tiên tiến nhất ẢNH: CHỤP MÀN HÌNH Tuy nhiên, để tận dụng được sức mạnh này, bạn cần đảm bảo hai điều kiện: Gói cước và thiết bị : Hãy liên hệ với nhà cung cấp mạng internet mà bạn đang sử dụng, đảm bảo rằng gói cước và router Wi-Fi đã hỗ trợ chuẩn Wi-Fi 7. Bản cập nhật Windows 11 : Tiếp đó, máy tính của bạn phải được cập nhật lên phiên bản Windows 11 24H2 trở đi. Bạn có thể kiểm tra bằng cách vào Settings > Windows Update, hoặc mở Run gõ winver . Sau khi đã đáp ứng đủ các yêu cầu, bạn chỉ việc kết nối với mạng Wi-Fi 7 như bình thường và tận hưởng tốc độ được cải thiện. Giải pháp 2: Dọn dẹp 'rác' kỹ thuật số để tăng tốc Đây là phương pháp đơn giản, miễn phí và bất kỳ ai cũng có thể thực hiện ngay lập tức. Khi bạn lướt web hay sử dụng phần mềm, máy tính sẽ lưu lại các tệp tạm thời trong một khu vực gọi là bộ nhớ đệm (cache). Dù mục đích là giúp tải lại các trang web cũ nhanh hơn, nhưng khi bộ nhớ đệm trở nên quá đầy, nó sẽ gây tác dụng ngược, làm chậm cả máy tính và tốc độ mạng. Cách dọn dẹp bộ nhớ đệm hệ thống: Vào Settings > System > Storage, sau đó chọn mục Temporary Files. Hệ thống sẽ quét và liệt kê các loại tệp bạn có thể xóa. Bạn có thể chọn Remove files để xóa tất cả hoặc chọn thủ công từng mục như Downloads, Thumbnails... Ngoài ra, việc dọn dẹp bộ nhớ đệm từ trình duyệt như Chrome, Edge hay Firefox cũng là một ý tưởng hay để cải thiện tốc độ mạng. Để xóa nhanh dữ liệu rác của trình duyệt , hãy sử dụng tổ hợp phím Ctrl+Shift+Delete, sau đó chọn các mục cần dọn dẹp (thường là lịch sử truy cập và bộ nhớ đệm), xong bấm Delete Data. Dọn dẹp dữ liệu của trình duyệt cũng giúp tăng tốc kết nối mạng ẢNH: CHỤP MÀN HÌNH Việc thường xuyên thực hiện các thao tác 'dọn dẹp' đơn giản này sẽ giúp máy tính của bạn luôn hoạt động ở hiệu suất cao nhất và tốc độ internet được cải thiện rõ rệt.",,"Bộ nhớ, Windows 11, Windows, internet, ổn định, cập nhật, Máy tính",https://images2.thanhnien.vn/thumb_w/640/528068263637045248/2025/9/7/wifi-7-duoc-trien-khai-tren-windows-11-1757228810801-17572288115891447572574.jpg,"[""https://images2.thanhnien.vn/thumb_w/640/528068263637045248/2025/9/7/wifi-7-duoc-trien-khai-tren-windows-11-1757228810801-17572288115891447572574.jpg"", ""https://images2.thanhnien.vn/528068263637045248/2025/9/7/clear-1757228852660641476580.jpg""]",,2025-09-08T09:08:00+07:00,2026-07-03T14:34:48.926439,Công nghệ,,,,
185250307141023287,https://thanhnien.vn/apple-khong-the-theo-kip-dien-thoai-android-gia-re-185250307141023287.htm,thanhnien.vn,,,,,,Apple không thể theo kịp điện thoại Android giá rẻ,"Gần 3 năm sau khi ra mắt iPhone SE thế hệ thứ ba, Apple đã chính thức giới thiệu sản phẩm kế nhiệm của nó là iPhone 16e.","Tuy nhiên, thay vì tiếp tục duy trì mức giá cạnh tranh như dòng iPhone SE nổi tiếng, Apple đã áp dụng giá iPhone 16e ở mức 16,99 triệu đồng, điều này khiến việc sở hữu một chiếc iPhone trở nên khó khăn hơn cho nhiều người, đặc biệt là các bậc phụ huynh muốn mua cho con cái. iPhone 16e là dấu chấm hết cho nỗ lực 'iPhone giá rẻ"" của Apple ẢNH: APPLE Mặc dù không hoàn toàn tương đương iPhone 16 cao cấp hơn nhưng iPhone 16e vẫn mang lại nhiều tính năng hấp dẫn. iPhone 16e kết hợp thiết kế của iPhone 14 với những cải tiến hiện đại như cổng USB-C và chip A18. Apple tạo cơ hội cho các nhà sản xuất Android Dẫu vậy, sự ra mắt của iPhone 16e cũng mở ra cơ hội cho các nhà sản xuất Android cạnh tranh trong phân khúc giá rẻ, điều mà họ chưa từng có kể từ khi iPhone SE đầu tiên ra mắt gần 9 năm trước. Mặc dù 16,99 triệu đồng cho iPhone 16e không phải là mức giá quá cao nhưng nhiều người tiêu dùng có thể cảm thấy không thuyết phục khi so sánh với các lựa chọn Android hiện có. Nhiều điện thoại Android tầm trung cảm thấy dễ thở hơn sau sự biến mất của dòng iPhone SE ẢNH: YAHOO Các mẫu smartphone Android dưới 17 triệu đồng đang ngày càng trở nên hấp dẫn hơn với nhiều tính năng vượt trội. Ví dụ, OnePlus 13R và Pixel 8a đều có giá thấp hơn và cung cấp hiệu suất tốt hơn, cùng với các tính năng như camera chất lượng cao và pin lớn. Kết quả là Apple có thể gặp khó khăn trong việc thuyết phục người dùng chọn iPhone 16e thay vì các lựa chọn Android hấp dẫn hơn. Sự cạnh tranh trong phân khúc từ các thương hiệu như Google, Samsung và Motorola có thể khiến khoảng cách giữa giá iPhone và Android ngày càng lớn hơn. Cuối cùng, sự tồn tại của các mẫu smartphone Android giá rẻ chất lượng cao có thể thay đổi cách người tiêu dùng nhìn nhận về smartphone. Apple cần phải xem xét lại chiến lược của mình nếu không muốn mất đi thị phần trong phân khúc này.",,"smartphone, điện thoại tầm trung, Pixel 8a, iPhone SE",https://images2.thanhnien.vn/thumb_w/640/528068263637045248/2025/3/7/2-174133120845137620987.jpg,"[""https://images2.thanhnien.vn/thumb_w/640/528068263637045248/2025/3/7/2-174133120845137620987.jpg"", ""https://images2.thanhnien.vn/thumb_w/640/528068263637045248/2025/3/7/3-17413312499221670881602.jpg""]",,2025-03-07T14:45:00+07:00,2026-07-03T14:34:49.226532,Công nghệ,,,,
185251128092919301,https://thanhnien.vn/du-lieu-bi-danh-cap-tu-openai-mat-khau-va-lich-su-chat-co-bi-lo-185251128092919301.htm,thanhnien.vn,,,,,,Dữ liệu bị đánh cắp từ OpenAI: Mật khẩu và lịch sử chat có bị lộ?,OpenAI vừa chính thức lên tiếng cảnh báo các nhà phát triển cần đề cao cảnh giác sau khi đối tác phân tích của họ là Mixpanel bị tin tặc tấn công.,"Theo Business Insider , ngày 27.11, OpenAI xác nhận một vụ vi phạm an ninh nghiêm trọng đã xảy ra tại Mixpanel - nền tảng phân tích dữ liệu web mà hãng đang hợp tác. Ngay lập tức, OpenAI đã trấn an cộng đồng khi tuyên bố hệ thống cốt lõi của họ vẫn an toàn. Điều này đồng nghĩa với việc mật khẩu, thông tin thẻ tín dụng, lịch sử trò chuyện và các yêu cầu API của người dùng đều không bị xâm phạm. Đây là tin vui cho hàng triệu người dùng phổ thông đang sử dụng ChatGPT hằng ngày. OpenAI xác nhận nền tảng phân tích dữ liệu của hãng đã bị hack ẢNH: SECURITY WEEK OpenAI là mục tiêu số một của tin tặc Theo Mixpanel, vụ việc bắt nguồn từ ngày 8.11 thông qua một cuộc tấn công phi kỹ thuật gọi là 'Smishing' (kết hợp giữa SMS và Phishing). Tin tặc đã sử dụng tin nhắn văn bản giả mạo để lừa nhân viên hoặc hệ thống, từ đó chiếm quyền truy cập. Mặc dù hệ thống OpenAI an toàn, nhưng hồ sơ của các nhà phát triển (Developer) sử dụng nền tảng của họ đã bị vạ lây. Dữ liệu bị đánh cắp gồm có họ và tên, địa chỉ email, vị trí địa lý. Ông Jake Moore, cố vấn an ninh mạng toàn cầu tại ESET, nhận định với Business Insider rằng dù các dữ liệu trên có vẻ ít nhạy cảm, nhưng chúng lại là nguyên liệu hoàn hảo để hacker sử dụng có các đợt tấn công sâu hơn. ""Kẻ xấu có thể kết hợp tên và email chính xác để tạo ra các kịch bản lừa đảo (phishing) cực kỳ thuyết phục nhắm vào các lập trình viên"", ông Moore cảnh báo. Chính vì vậy, OpenAI đã phát đi thông báo khuyên các đối tác nên ""thận trọng tối đa với các email hoặc tin nhắn bất thường"" trong thời gian tới. Với vị thế là một trong những công ty công nghệ giá trị nhất thế giới hiện nay, OpenAI đang trở thành 'kho báu' đối với giới tội phạm mạng. Trước đó, tờ The New York Times từng đưa tin về việc hacker xâm nhập hệ thống tin nhắn nội bộ của hãng. Thậm chí, cựu nhân viên của OpenAI cũng từng lên tiếng cảnh báo về lỗ hổng an ninh và nguy cơ gián điệp công nghệ. Hiện tại, Mixpanel đang phối hợp chặt chẽ với cơ quan thực thi pháp luật để điều tra vụ việc. Số lượng nạn nhân cụ thể vẫn chưa được công bố.",,"dữ liệu, hệ thống, an ninh, Tin nhắn, Hacker, Smishing, Email, nhân viên, phân tích, công nghệ",https://images2.thanhnien.vn/thumb_w/640/528068263637045248/2025/11/28/airisks-chatgpt-1764296997937-1764296998614160281644.jpg,"[""https://images2.thanhnien.vn/thumb_w/640/528068263637045248/2025/11/28/airisks-chatgpt-1764296997937-1764296998614160281644.jpg""]",,2025-11-28T09:49:00+07:00,2026-07-03T14:34:49.310556,Công nghệ,,,,
185240906211319445,https://thanhnien.vn/theo-doi-thong-tin-bao-yagi-truc-tiep-tren-dien-thoai-185240906211319445.htm,thanhnien.vn,,,,,,Theo dõi thông tin siêu bão Yagi trực tiếp trên điện thoại,"Qua ứng dụng cài trên smartphone, người dùng có thể theo dõi thông tin siêu bão Yagi ngay từ màn hình di động, khá đầy đủ thông tin theo thời gian thực cũng như dự báo.","Siêu bão Yagi mạnh cấp 16 (184 - 201 km/giờ), giật trên cấp 17, di chuyển theo hướng tây tây bắc, mỗi giờ đi được 15 km. Dự kiến khoảng 22 giờ đêm nay, bão sẽ đi vào khu vực vịnh Bắc bộ và giảm 1 - 2 cấp, giật cấp 17. Tuy vậy, hiện nay hoàn lưu của bão đã ảnh hưởng trực tiếp đến phần phía đông của vịnh Bắc bộ. Trưa nay, đảo Bạch Long Vĩ đã có gió mạnh cấp 6. Ngoài việc chủ động cập nhật thông tin và tình hình siêu bão Yagi qua các phương tiện truyền thông như báo đài, TV, người dân đang sử dụng thiết bị thông minh cá nhân như smartphone, máy tính bảng... có thể trực tiếp theo dõi các thông tin về siêu bão này ngay trên màn hình điện thoại. Thông tin siêu bão Yagi được cập nhật theo thời gian thực trên điện thoại thông minh Ảnh: Anh Quân Hiện trên 2 kho ứng dụng là App Store (dành cho iOS) và Play Store (dành cho các máy sử dụng hệ điều hành Android) có khá nhiều phần mềm khác nhau để theo dõi thông tin thời tiết. Trong bài viết này, Báo Thanh Niên sử dụng phần mềm có tên Windy của nhà cung cấp Windyty. Đây là một ứng dụng hoàn toàn miễn phí, có thể xem trực tiếp trên nền tảng web lẫn ứng dụng. Vì sao bão Yagi không suy yếu sau khi đổ bộ Quảng Ninh - Hải Phòng? Để bắt đầu sử dụng phần mềm, trên thiết bị di động cá nhân, người dùng truy cập vào kho ứng dụng tương ứng với hệ điều hành của máy (Android hoặc iOS, iPadOS), sau đó tìm từ khóa ""Windy"". Chương trình này có biểu trưng (logo) là 2 vệt màu trắng tạo hình giống chữ V, trên nền màu đỏ. Người dùng tải phần mềm về máy, cài đặt và cấp một số quyền cơ bản theo gợi ý của chương trình như Cho phép gửi thông báo , Cho phép truy cập vị trí ... Đây là những quyền cơ bản để ứng dụng có thể lấy được vị trí giúp người dùng không mất nhiều công tìm kiếm thông tin về cơn bão gần mình, đồng thời được gửi các cập nhật cần thiết. Bên cạnh đó còn hiển thị thêm chi tiết về các địa điểm đang xảy ra hiện tượng sét đánh diện rộng, số lượng lớn. Ngay khi cài đặt, phần mềm sẽ nhận dạng ngôn ngữ dựa trên ngôn ngữ chính đang cài đặt trên thiết bị. Do vậy, với các máy đang cài sẵn tiếng Việt, ứng dụng sẽ hiển thị tiếng Việt; tương tự với tiếng Anh hoặc bất kỳ ngôn ngữ nào khác. Các tên địa danh quốc tế cũng sẽ được Việt hóa nếu thông tin đó khả dụng. Thông tin về siêu bão Yagi được cập nhật chi tiết nhờ dữ liệu từ các cơ quan khí tượng và mô hình dự báo khác nhau Ảnh: Chụp màn hình Trong giao diện của chương trình có khá nhiều tính năng khác nhau, nhưng cơ bản sẽ hiển thị ảnh vệ tinh kèm thông tin cơ bản như tên bão, thời gian hiện tại. Ngoài ra, phần mềm cũng cung cấp dự báo lộ trình, tốc độ, mức độ ảnh hưởng của cơn bão (trong trường hợp này là siêu bão Yagi) dựa trên dữ liệu của các cơ quan khí tượng thủy văn cung cấp công khai. Phần mềm cũng có tính năng chạy lộ trình dự đoán theo khung thời gian để người dùng chủ động kế hoạch. Lấy ví dụ nếu xem Trình theo dõi bão (hiện có 2 cơn bão và 2 áp thấp nhiệt đới được ghi nhận), hệ thống dự báo khoảng 7 giờ sáng mai, siêu bão Yagi sẽ tiến gần tới đảo Cô Tô ( Quảng Ninh ) và đến khoảng 13 giờ chiều cùng ngày tiến sát tới đất liền thuộc địa phận tỉnh Quảng Ninh. Đây là một ứng dụng theo dõi thông tin khí tượng ở quy mô toàn cầu, do đó không chỉ riêng siêu bão Yagi mà những cơn bão khác đang xảy ra ở trên toàn cầu cũng được cung cấp thông tin. Bên cạnh đó còn có biểu đồ thông tin về chỉ số UV, độ ẩm, nhiệt độ, gió, áp suất... Một điểm đáng chú ý là dù sử dụng bản đồ quốc tế, chương trình vẫn hiển thị đầy đủ thông tin hai quần đảo Hoàng Sa, Trường Sa thuộc chủ quyền của Việt Nam.",,"thiết bị thông minh, Đảo Cô Tô, áp thấp nhiệt đới, điện thoại thông minh, siêu bão Yagi, bão YAGI",https://images2.thanhnien.vn/thumb_w/640/528068263637045248/2024/9/6/img3902-17256334806011868319578.jpeg,"[""https://images2.thanhnien.vn/thumb_w/640/528068263637045248/2024/9/6/img3902-17256334806011868319578.jpeg"", ""https://images2.thanhnien.vn/thumb_w/640/528068263637045248/2024/9/6/bao-17256334806091069200271.png""]",,2024-09-06T22:08:00+07:00,2026-07-03T14:34:49.394589,Công nghệ,,,,
185251224115015006,https://thanhnien.vn/tu-camera-200-mp-hasselblad-den-tele-macro-moi-chi-tiet-deu-thanh-tam-diem-voi-find-x9-pro-185251224115015006.htm,thanhnien.vn,,,,,,"Từ camera 200 MP Hasselblad đến Tele-Macro, mọi chi tiết đều thành tâm điểm với Find X9 Pro","Trong kỷ nguyên nhiếp ảnh di động liên tục được tái định nghĩa, OPPO Find X9 Pro tiếp tục tiên phong với cảm biến, thuật toán và khả năng xử lý màu cũng như ánh sáng được nâng cấp mạnh mẽ.","Không chỉ thể hiện qua thông số, chất lượng ảnh thực tế cho thấy độ chi tiết, độ sạch và sắc thái màu vượt chuẩn flagship. Tâm điểm là camera tele 200 MP Hi-Res Hasselblad với cảm biến lớn, ghi lại chi tiết cực cao và tái tạo màu chính xác, tạo nền tảng cho những bức ảnh sắc nét trong mọi bối cảnh. Hệ thống camera đột phá: Chuẩn mới cho chụp chi tiết và màu sắc tự nhiên Find X9 Pro sở hữu hệ thống camera thế hệ mới với hai cảm biến lớn hàng đầu thị trường. Ở camera chính, cảm biến LYT-828 50MP với kích thước 1/1.28"", kết hợp khẩu độ f/1.5, công nghệ HF-HDR và chống rung OIS giúp thu sáng vượt trội, tái tạo dải sáng rộng và ổn định khung hình trong nhiều môi trường phức tạp. Camera tele sử dụng cảm biến HP5 200 MP 1/1.56"", hỗ trợ tele-macro 10 cm và ống kính thủy tinh chất lượng cao, cho khả năng phóng xa sắc nét đồng thời chụp cận chi tiết như kính hiển vi. Hệ màu Danxia 48 vùng kết hợp giải pháp ""Natural Color Solution"" của Hasselblad đảm bảo màu sắc trung thực, đặc biệt trong điều kiện ánh sáng khó. Bên cạnh đó, kiến trúc xử lý RAW được tái thiết kế giúp hình ảnh giữ được độ chi tiết, độ chuyển sắc mượt mà và giảm nhiễu hiệu quả, tạo nền tảng cho những bức ảnh trong trẻo ở mọi hoàn cảnh. Cụm camera OPPO Find X9 Pro với hai cảm biến lớn gồm camera chính LYT-828 50 MP và camera tele 200 MP nổi bật 200 MP Hi-Res Hasselblad: Chuẩn mực mới của sức mạnh chi tiết Camera tele Hasselblad 200 MP trên Find X9 Pro không chỉ dừng ở việc tăng số ""megapixel"", mà là một bước nhảy toàn diện trong cách một chiếc smartphone thu nhận và tái tạo chi tiết. Cảm biến HP5 kích thước 1/1.56"" kết hợp ống kính thủy tinh 1G5P giúp mỗi điểm ảnh được ghi lại với độ trong trẻo cao hơn và giảm hiện tượng tán sắc. Thuật toán RAW tái kiến trúc mới cho phép máy xử lý dữ liệu 200 MP trực tiếp ở định dạng RAW nhiều lớp, nhờ đó ảnh có độ chuyển sắc mượt, độ sâu tốt và ít nhiễu ngay cả trong bối cảnh ánh sáng phức tạp. Bộ ảnh ""Hồn quê trong lá"" được thực hiện bởi nhiếp ảnh gia Nguyễn Khánh Vũ Khoa cùng sự đồng hành của Find X9 Pro Hình ảnh từ Find X9 Pro được tái hiện giàu chi tiết và sắc thái, từ chất liệu nón lá đến ánh sáng trong gian nhà. Từng sợi tre, đường đan, texture da hay mảng tường đất đều sắc nét, không bệt, không viền sáng. Ánh sáng mạnh từ cửa sổ được kiểm soát tốt với vùng sáng mềm, vùng tối sạch và ít nhiễu dù bối cảnh khá tối. Màu sắc mang chất Hasselblad rõ nét như màu da tự nhiên, áo tím đúng chất liệu lụa, nón lá màu ấm vừa phải. Nhờ hệ màu Danxia 48 vùng và giải pháp màu Natural Color Solution, ảnh 200 MP không chỉ nét mà còn cân bằng, trung thực, giữ nguyên đặc tính ánh sáng tại thời điểm chụp. Hình ảnh ruộng bậc thang chụp tại Mù Cang Chải (Yên Bái) bởi nhiếp ảnh gia Nguyễn Khánh Vũ Khoa Hình ảnh cho thấy rõ sức mạnh của cảm biến 200 MP: từ toàn cảnh rộng đến khi crop cực sâu, từng đường cong của thửa ruộng, mái nhà nhỏ giữa đồng hay các mảng cây bụi đều vẫn giữ độ sắc rõ ràng, không bệt và không xuất hiện nhiễu hạt. Dải sáng phức tạp với nắng xiên và vùng tối dưới tán rừng được tái hiện mượt mà. Điểm sáng không cháy, vùng tối giữ được độ tách lớp. Kết hợp lại, Find X9 Pro mang đến dải ứng dụng rộng giúp chụp phong cảnh để hậu kỳ sâu, crop chọn chi tiết mà không lo mất độ nét, chụp kiến trúc hoặc địa hình từ xa vẫn rõ ràng từng đường nét, hay ghi lại đời sống với màu sắc nịnh mắt nhưng trung thực hơn chuẩn flagship thông thường. Khả năng Tele-Macro 10 cm: Phóng đại chi tiết nhỏ với góc nhìn telephoto Find X9 Pro sử dụng ống kính periscope nổi, cho phép lấy nét tele-macro ở khoảng cách tối thiểu chỉ 10 cm, giúp chụp cận mà không cần dí sát vào chủ thể, vừa an toàn cho các vật thể nhỏ, vừa giúp ánh sáng vào tốt hơn. Nhờ cấu trúc quang học telephoto dài, hệ thống vẫn giữ được độ nén tiêu cự, tạo chiều sâu mạnh và hậu cảnh tách lớp rõ ràng. Ống kính thủy tinh 1G5P giảm quang sai, khẩu độ f/2.1 và OIS giúp ảnh ổn định, giữ sắc nét ở những chi tiết nhỏ dễ rung. Khác với camera 200 MP, tele-macro có chất ảnh riêng như vùng nét tập trung, bokeh mượt và màu sắc tự nhiên. Từ chụp sản phẩm, nguyên liệu thủ công đến các chi tiết nhỏ khó tiếp cận, tele-macro 10 cm thể hiện đúng tinh thần hệ thống camera: ""zoom xa - bắt gần - giữ trọn chi tiết"". Bộ ảnh ""Nghệ nhân nuôi Nghệ nhân"" được thực hiện bởi nhiếp ảnh gia Nguyễn Đắc Đương cùng Find X9 Pro Với chế độ chụp tele-macro, những ""nghệ nhân"" tằm và kén dưới góc nhìn của Find X9 Pro được kiểm soát rất tốt về chi tiết cận cảnh ở tiêu cự tele. Texture bề mặt như sợi tơ, lớp kén khô, hay phần da tằm được tái hiện rõ ràng mà không bị quang sai hay viền tím thường gặp ở macro. Nhờ hiệu ứng nén của tele, chủ thể nổi khối mạnh và tách nền đẹp, tạo cảm giác ""3D"" hơn macro góc rộng. Hậu cảnh được xử lý mịn, vùng sáng tròn và sạch, trong khi vùng tối vẫn giữ độ trong dù bối cảnh thiếu sáng. Những vùng chuyển sắc trên da tằm hoặc bề mặt kén mượt, không bị gắt, cho thấy hệ quang học tele-macro ổn định và thuật toán xử lý giữ trọn được chất liệu thật. Bộ ảnh là minh chứng rõ ràng cho khả năng chụp cận cảnh telephoto chỉ 10 cm, rất tinh xảo và tập trung, giàu chiều sâu và mang phong cách ảnh chuyên nghiệp. Với những nâng cấp toàn diện từ cảm biến, quang học đến hệ màu và thuật toán RAW, Find X9 Pro không chỉ cải thiện ""chất lượng ảnh"" mà còn nâng chuẩn trải nghiệm nhiếp ảnh di động lên một tầm mới. Từ 200 MP Hi-Res Hasselblad mang lại sức mạnh chi tiết vượt trội, đến tele-macro 10 cm mở ra góc nhìn cận cảnh đầy khác biệt, mọi yếu tố đều được xây dựng để ghi lại thế giới chân thực nhất, đẹp nhất, theo đúng cách người dùng nhìn thấy.",,"Tele-Macro, Oppo, camera điện thoại, camera tele 200MP Hi-Res Hasselblad",https://images2.thanhnien.vn/thumb_w/640/528068263637045248/2025/12/24/1-17665516380801897574542.jpg,"[""https://images2.thanhnien.vn/thumb_w/640/528068263637045248/2025/12/24/1-17665516380801897574542.jpg"", ""https://images2.thanhnien.vn/thumb_w/640/528068263637045248/2025/12/24/2-17665516380441895588104.jpg"", ""https://images2.thanhnien.vn/thumb_w/640/528068263637045248/2025/12/24/3-17665516380091510065745.jpg"", ""https://images2.thanhnien.vn/thumb_w/640/528068263637045248/2025/12/24/4-17665516379752129959480.jpg""]",,2025-12-24T13:30:00+07:00,2026-07-03T14:34:50.185251,Công nghệ,,,,
185260524210444686,https://thanhnien.vn/dong-ho-bao-thuc-kieu-cu-tro-lai-sau-nhieu-nam-bi-dien-thoai-thay-the-185260524210444686.htm,thanhnien.vn,,,,,,Đồng hồ báo thức kiểu cũ trở lại sau nhiều năm bị điện thoại thay thế,"Thay điện thoại bằng đồng hồ báo thức riêng, nhiều người cho biết họ ngủ sâu hơn, ít bị xao nhãng và thức dậy dễ chịu hơn mỗi sáng.","Trong thời đại công nghệ số, nhiều người có thể nghĩ rằng các thiết bị cũ sẽ bị lãng quên, nhưng thực tế cho thấy điều ngược lại. Một ví dụ điển hình là đĩa than đã trở lại mạnh mẽ và giờ đây, đồng hồ báo thức truyền thống cũng đang được giới trẻ, đặc biệt là thế hệ Z, ưa chuộng. Đồng hồ báo thức truyền thống giải quyết nhiều vấn đề hẹn giờ mà điện thoại thông minh gây ra ẢNH: TẠO BỞI GEMINI AI Sự hồi sinh này không chỉ đơn thuần là một trào lưu hoài cổ. Nhiều người trẻ tuổi đang nhận ra rằng việc sử dụng đồng hồ báo thức truyền thống thay vì ứng dụng trên điện thoại thông minh có thể mang lại những lợi ích sức khỏe đáng kể. Lợi thế rõ ràng nhất của đồng hồ báo thức truyền thống Tác hại từ điện thoại thông minh đối với giấc ngủ ngày càng thể hiện rõ khi các nghiên cứu cho thấy chúng không được thiết kế để hỗ trợ giấc ngủ . Màn hình phát ra ánh sáng xanh có thể ức chế sản xuất melatonin, hormone giúp cơ thể dễ dàng đi vào giấc ngủ. Hơn nữa, việc kiểm tra giờ trên điện thoại giữa đêm có thể khiến não bộ tỉnh táo, làm khó khăn cho việc trở lại giấc ngủ. Bên cạnh đó, điện thoại cũng thường là nguồn gây căng thẳng, với các thông báo liên tục kích thích hệ thần kinh. Đây là lý do khiến người dùng luôn trong trạng thái cảnh giác, ngăn cản khả năng thư giãn. Nhiều người đã chuyển từ đồng hồ thông minh sang đồng hồ báo thức truyền thống cho biết họ cảm thấy được nghỉ ngơi và sảng khoái hơn khi thức dậy nhờ vào việc loại bỏ những yếu tố gây xao nhãng bên cạnh giường ngủ. Vì vậy, nếu đang tìm kiếm cách cải thiện chất lượng giấc ngủ và sự nghỉ ngơi của mình, hãy cân nhắc việc trở lại với đồng hồ báo thức truyền thống. Đôi khi, việc tối ưu hóa năng suất không chỉ là về công nghệ, mà còn là biết khi nào nên tạm gác điện thoại sang một bên.",,"điện thoại thông minh, Hoài cổ, Giấc ngủ, sức khỏe",https://images2.thanhnien.vn/thumb_w/640/528068263637045248/2026/5/24/1-17796314005831872273618.jpg,"[""https://images2.thanhnien.vn/thumb_w/640/528068263637045248/2026/5/24/1-17796314005831872273618.jpg""]",,2026-05-25T14:29:00+07:00,2026-07-03T14:34:50.437914,Công nghệ,,,,
185260425155647575,https://thanhnien.vn/redmi-sap-tung-ra-3-mau-smartphone-pin-10000-mah-sac-nhanh-100w-185260425155647575.htm,thanhnien.vn,,,,,,"Redmi sắp tung ra 3 mẫu smartphone pin 10.000 mAh, sạc nhanh 100W",Lộ thông tin Redmi ra mắt bộ ba smartphone pin 'khủng' nhất từ trước đến nay.,"Theo GSMArena , trong khi các hãng smartphone lớn vẫn đang loay hoay ở ngưỡng 5.000 mAh, Redmi dường như đã tìm ra cách để phá bỏ mọi giới hạn. Theo tiết lộ mới nhất từ chuyên gia tin đồn Digital Chat Station trên Weibo, thương hiệu con của Xiaomi đang âm thầm phát triển bộ ba smartphone sở hữu viên pin có dung lượng lên đến 10.000 mAh. Redmi chuẩn bị có 3 smartphone có pin lớn tới 10.000 mAh ẢNH: MI.COM Bước nhảy vọt về năng lượng trên dòng Redmi Note và K Series Điều gây bất ngờ nhất là dung lượng pin 'khủng' này không chỉ dành riêng cho các dòng máy siêu cấp. Theo nguồn tin, cả dòng Note quốc dân và K series thiên về hiệu năng đều sẽ có đại diện góp mặt trong danh sách này. Để đảm bảo trải nghiệm người dùng không bị gián đoạn quá lâu khi sạc, các thiết bị sẽ được hỗ trợ công nghệ sạc nhanh có dây lên đến 100W. Tuy nhiên, có một chi tiết kỹ thuật đáng chú ý là Redmi sẽ sử dụng cấu trúc pin đơn cell. Dù giúp tối ưu không gian và dung lượng, nhưng thiết kế này lại khiến thiết bị khó đáp ứng các tiêu chuẩn an toàn khắt khe tại thị trường châu Âu (EU). Do đó, người dùng tại khu vực này có thể sẽ phải 'ngậm ngùi' đứng ngoài cuộc chơi. Cơ hội nào cho người dùng quốc tế? Dù dòng K thường được ưu tiên cho thị trường nội địa Trung Quốc, nhưng giới thạo tin cho rằng một vài phiên bản sẽ sớm được đổi tên dưới thương hiệu Poco để tiến ra thị trường toàn cầu. Nếu các tin đồn này là chính xác, người dùng tại châu Á, trong đó có Việt Nam, có quyền kỳ vọng vào một chiếc smartphone Poco với thời lượng pin không đối thủ trong vài tháng tới.",,"smartphone, pin 10.000 mAh, Sạc nhanh 100W, EU",https://images2.thanhnien.vn/thumb_w/640/528068263637045248/2026/4/25/297a-pc-2-battery-1b1c-177710750265218437465.jpg,"[""https://images2.thanhnien.vn/thumb_w/640/528068263637045248/2026/4/25/297a-pc-2-battery-1b1c-177710750265218437465.jpg""]",,2026-04-26T07:25:00+07:00,2026-07-03T14:34:50.687772,Công nghệ,,,,
185260106010141853,https://thanhnien.vn/nhung-thay-doi-tren-ios-27-giup-dinh-nghia-lai-iphone-185260106010141853.htm,thanhnien.vn,,,,,,Những thay đổi trên iOS 27 giúp định nghĩa lại iPhone,Apple đang lên kế hoạch cho một cuộc cách mạng phần cứng trong năm nay cũng như thay đổi chu kỳ ra mắt các dòng iPhone chính.,"Mặc dù những sản phẩm mới của Apple rất đáng chú ý, công ty có thể sẽ tập trung nhiều hơn vào việc phát triển phần mềm, đặc biệt là trong lĩnh vực trí tuệ nhân tạo (AI) cho các thiết bị di động như iPhone. Động lực cho những thay đổi này có thể đến từ iOS 27 , với các tin đồn tập trung vào một bản nâng cấp Siri nhằm đưa Apple vào kỷ nguyên AI tạo sinh, tương tự như thành công của Gemini trên Android. iOS 27 dự kiến sẽ được Apple phát hành trong mùa thu năm nay, cùng với dòng iPhone 18 Pro và iPhone gập đầu tiên ẢNH: GEMINI Theo Bloomberg, bản cập nhật iOS sắp tới có thể sẽ theo mô hình của Mac OS X Snow Leopard năm 2009 khi Apple tập trung vào việc tinh chỉnh và hoàn thiện hơn là giới thiệu các tính năng mới. Mặc dù điều đó có thể gây thất vọng, Apple vẫn đang âm thầm chuẩn bị cho những kế hoạch lớn hứa hẹn giúp thay đổi trải nghiệm người dùng iPhone. Trải nghiệm ứng dụng mới với AI Vào cuối năm 2025, Apple đã công bố một khung công nghệ cho phép các nhà phát triển tích hợp AI vào ứng dụng của họ. Khung này không chỉ đơn thuần là tích hợp chatbot AI mà còn là mô hình AI cốt lõi của Apple với khả năng hoạt động hoàn toàn trên thiết bị. Apple cho biết, khung công nghệ này cho phép các nhà phát triển tạo ra các tính năng thông minh mới, bảo vệ quyền riêng tư của người dùng và có thể sử dụng ngoại tuyến. Apple cũng dự kiến sẽ sử dụng khung phần mềm Gemini tùy chỉnh để nâng cao khả năng của Siri, nhờ vậy cho phép trợ lý ảo thực hiện các thao tác trong ứng dụng mà không cần mở ứng dụng đó trước. Kết quả là Siri sẽ trở thành công cụ trung tâm để hoàn thành công việc trên nhiều ứng dụng khác nhau bằng giọng nói hoặc văn bản. Thiết kế lại Siri và dịch vụ Apple Health+ Apple cũng đang xem xét thiết kế lại Siri để cải thiện trải nghiệm người dùng. Hiện tại, cách kích hoạt Siri còn khá phức tạp, vì vậy Apple có thể muốn đơn giản hóa quy trình này. Một trong những ý tưởng là mở rộng khả năng AI đa phương thức của Siri thành các tiện ích chuyên dụng. iOS 27 sẽ thiết kế tối ưu cho giao diện iPhone gập ẢNH: TOM'S GUIDE Ngoài ra, Apple có thể ra mắt dịch vụ mới mang tên Health+ được hỗ trợ bởi AI nhằm giúp người dùng ghi nhật ký thực phẩm, huấn luyện và nhiều tính năng khác. Dịch vụ có thể bao gồm một bác sĩ AI giúp người dùng theo dõi sức khỏe và đưa ra các đề xuất cá nhân hóa. Công cụ tìm kiếm AI và đa nhiệm ứng dụng Theo Bloomberg, Apple đang phát triển một công cụ tìm kiếm toàn hệ thống cho iOS, cho phép người dùng tìm kiếm nội dung trên thiết bị và từ web. Hệ thống này sẽ cung cấp giao diện tìm kiếm đa dạng, bao gồm văn bản, hình ảnh và video, cùng với hệ thống tóm tắt dựa trên AI. Cuối cùng, iPhone màn hình gập sắp ra mắt sẽ mang đến một phiên bản iOS mới được tối ưu hóa cho màn hình lớn hơn. Apple có thể học hỏi từ các đối thủ như Google và Samsung để phát triển các tính năng quản lý đa ứng dụng độc đáo giúp người dùng khai thác tối đa trải nghiệm trên thiết bị mới. Những thay đổi trên hứa hẹn sẽ mang đến một tương lai thú vị cho người dùng Apple, bao gồm nhiều cải tiến đáng kể trong cả phần cứng lẫn phần mềm.",,"Apple, iOS 27, bản cập nhật, tính năng mới",https://images2.thanhnien.vn/thumb_w/640/528068263637045248/2026/1/5/1-17676355385681105495664.jpg,"[""https://images2.thanhnien.vn/thumb_w/640/528068263637045248/2026/1/5/1-17676355385681105495664.jpg"", ""https://images2.thanhnien.vn/thumb_w/640/528068263637045248/2026/1/5/2-17676358752161936117659.jpg""]",,2026-01-06T10:17:00+07:00,2026-07-03T14:34:50.852195,Công nghệ,,,,
185260502155756249,https://thanhnien.vn/meta-mat-20-trieu-nguoi-dung-trong-quy-dau-nam-2026-185260502155756249.htm,thanhnien.vn,,,,,,Meta mất 20 triệu người dùng trong quý đầu năm 2026,"Trong ba tháng đầu năm, 20 triệu người dùng của Meta đã rời bỏ các nền tảng phổ biến như Facebook, Messenger, Instagram, WhatsApp.","Trong báo cáo hoạt động được công bố cuối tháng 4, Meta cho biết số người dùng hoạt động hằng ngày của công ty đã giảm 20 triệu người trong quý đầu năm 2026. Con số này tính tổng người dùng trên các nền tảng Facebook , Instagram, WhatsApp và Messenger . Meta cho rằng sự sụt giảm này là do ""gián đoạn internet ở Iran và Nga hạn chế truy cập WhatsApp"". Tuy nhiên, lý giải này không thực sự thuyết phục vì công ty tính tổng các ứng dụng, không xác định được nền tảng nào đang sụt giảm nhiều nhất. Ứng dụng Facebook trên App Store ẢNH: KHƯƠNG NHA Theo The Verge , nếu một mạng xã hội hàng đầu thế giới mất đi lượng lớn người dùng mỗi ngày, việc gộp chung các nền tảng khác để báo cáo như Meta là chiến thuật dễ hiểu. Sự sụt giảm của Meta diễn ra trong bối cảnh các đối thủ như TikTok liên tục mở rộng tầm ảnh hưởng, YouTube cũng tìm nhiều cách để đổi mới, còn Facebook bị ví như ""nền tảng của người già"". Tính năng Reels của Facebook vẫn đang chật vật để tìm chỗ đứng trong lòng giới trẻ. Trong lúc người dùng sụt giảm, Meta tiếp tục kế hoạch tăng chi tiêu vốn dự kiến cho năm 2026 lên 125 - 145 tỉ USD. Hãng lấy lý do giá linh kiện cao và trung tâm dữ liệu trong tương lai cần được mở rộng. Bà Susan Li, Giám đốc tài chính của Meta, cho biết trong quá khứ, công ty đã đánh giá thấp nhu cầu về điện toán, do đó họ cần thay đổi nguồn vốn chi tiêu. Trước đó, Meta từng vung tiền để lôi kéo các nhà sáng tạo nội dung từ YouTube, TikTok. Hãng từng tuyên bố các nhà sáng tạo sở hữu trên 1 triệu người theo dõi trên TikTok hoặc YouTube sẽ nhận được khoản thù lao 3.000 USD (khoảng 79 triệu đồng) mỗi tháng nếu đăng tối thiểu 15 video ngắn (Reels) lên Facebook. Với những người có từ 100.000 người theo dõi, mức thưởng sẽ là 1.000 USD. Dù số lượng người dùng sụt giảm, doanh thu của Meta vẫn đạt mức tăng trưởng nhanh nhất kể từ năm 2021. Từ 42,3 tỉ USD trong cùng kỳ năm ngoái, quý 1/2026, doanh thu của tập đoàn tăng lên 56,3 tỉ USD, tương đương mức tăng 33%. Tuy nhiên, không phải bộ phận nào của Meta cũng sinh lời. Đơn vị Reality Labs chuyên sản xuất thiết bị đeo và thiết bị thực tế ảo đã báo cáo khoản lỗ hoạt động 4,03 tỉ USD trong ba tháng đầu năm. Từ đầu năm đến nay, bộ phận này từng hai lần sa thải nhân viên. Cổ phiếu của Meta đã giảm hơn 7% sau báo cáo kinh doanh của quý 1/2026.",,"Meta mất người dùng, Người dùng rời bỏ Facebook, Messenger",https://images2.thanhnien.vn/thumb_w/640/528068263637045248/2026/5/2/facebookthanh-nien-177771213345578515681.png,"[""https://images2.thanhnien.vn/thumb_w/640/528068263637045248/2026/5/2/facebookthanh-nien-177771213345578515681.png""]",,2026-05-02T18:39:00+07:00,2026-07-03T14:34:51.349176,Công nghệ,,,,
185260527231832914,https://thanhnien.vn/trung-quoc-phat-trien-pin-mat-troi-sieu-re-voi-hieu-qua-vuot-troi-185260527231832914.htm,thanhnien.vn,,,,,,Trung Quốc phát triển pin mặt trời siêu rẻ với hiệu quả vượt trội,"Công nghệ pin mặt trời thế hệ mới tại Trung Quốc vừa đạt đột phá quan trọng, hứa hẹn tạo ra nguồn điện sạch rẻ và hiệu quả hơn.","Theo thông tin từ Knowridge , nhóm nghiên cứu do Viện Công nghệ và Kỹ thuật Vật liệu Ninh Ba thuộc Viện Hàn lâm Khoa học Trung Quốc dẫn đầu đã phát triển một phương pháp mới để chế tạo các tế bào pin mặt trời ""ghép nối tiếp hoàn toàn bằng perovskite"" với hiệu suất cao. Điện mặt trời có cơ hội tiếp cận nhiều người dân hơn nhờ đột phá mới từ Trung Quốc ẢNH: REUTERS Kết quả nghiên cứu đã được công bố trên tạp chí Nature Nanotechnology, với tỷ lệ hiệu suất được chứng nhận đạt 30,3% cho các tế bào song song cứng và 28,0% cho phiên bản dẻo. Đây được xem là một cột mốc quan trọng cho công nghệ năng lượng mặt trời, thu hút sự chú ý toàn cầu nhờ tiềm năng vượt trội so với các tấm silicon truyền thống và khả năng giảm chi phí sản xuất. Perovskite là một vật liệu đặc biệt hứa hẹn vì có thể được xử lý ở nhiệt độ thấp, giúp giảm chi phí và đơn giản hóa quy trình sản xuất. Chúng cũng có thể được thiết kế nhẹ và linh hoạt, mở rộng khả năng lắp đặt năng lượng mặt trời. Giải quyết điểm yếu lớn của pin mặt trời perovskite Tuy nhiên, một trong những thách thức lớn nhất của perovskite là khâu sản xuất. Trong các tế bào ghép nối tiếp, nhiều lớp perovskite được xếp chồng lên nhau để thu nhận các phần khác nhau của ánh sáng mặt trời. Các thành phần trong các lớp này thường kết tinh không đồng đều, tạo ra khuyết tật làm giảm hiệu suất và độ bền. Để khắc phục vấn đề, nhóm nghiên cứu đã áp dụng lý thuyết axit-bazơ cứng-mềm để lựa chọn các chất phụ gia giúp tinh thể hình thành đồng đều hơn. Việc cải thiện hiệu suất của các tấm pin mặt trời không chỉ giúp giảm chi phí điện năng mà còn mở ra nhiều lựa chọn hơn cho việc sử dụng năng lượng sạch trong cuộc sống hằng ngày. Nếu sản xuất các tấm pin mặt trời ghép nối perovskite trở nên dễ dàng hơn, chúng có thể giúp giảm giá thành lắp đặt hệ thống năng lượng mặt trời cho cả hộ gia đình và các tòa nhà thương mại. Hiệu suất cao hơn cũng đồng nghĩa với việc tạo ra nhiều điện năng hơn từ cùng một diện tích, đặc biệt có giá trị cho các khu vực có diện tích bề mặt hạn chế như mái nhà hay các thành phố đông đúc. Mặc dù sản phẩm vẫn chưa sẵn sàng để thương mại hóa ngay lập tức, nghiên cứu này mở ra triển vọng cho một tương lai nơi các tấm pin mặt trời có thể trở nên rẻ hơn, nhẹ và linh hoạt hơn, phù hợp với nhiều mục đích sử dụng khác nhau.",,"perovskite, công nghệ pin, nghiên cứu, năng lượng sạch",https://images2.thanhnien.vn/thumb_w/640/528068263637045248/2026/5/27/1-17798986342791419806560.jpg,"[""https://images2.thanhnien.vn/thumb_w/640/528068263637045248/2026/5/27/1-17798986342791419806560.jpg""]",,2026-05-28T09:07:00+07:00,2026-07-03T14:34:51.827214,Công nghệ,,,,
185260325092636383,https://thanhnien.vn/viet-nam-dung-thu-hai-khu-vuc-ve-rui-ro-tan-cong-mang-chuoi-cung-ung-185260325092636383.htm,thanhnien.vn,,,,,,Việt Nam đứng thứ hai khu vực về rủi ro tấn công mạng chuỗi cung ứng,"Khảo sát mới cho thấy tấn công mạng chuỗi cung ứng ảnh hưởng tới 31% doanh nghiệp toàn cầu, với Việt Nam nằm trong nhóm quốc gia chịu rủi ro cao tại châu Á - Thái Bình Dương.","Theo nghiên cứu mới công bố về tình hình an ninh mạng toàn cầu của Kaspersky, tấn công mạng chuỗi cung ứng đang trở thành một trong những mối đe dọa phổ biến nhất đối với doanh nghiệp. Khảo sát cho thấy khoảng 31% doanh nghiệp trên thế giới đã bị ảnh hưởng bởi hình thức tấn công này trong 12 tháng qua. Tại khu vực châu Á - Thái Bình Dương, rủi ro từ tấn công mạng chuỗi cung ứng xuất hiện với mức độ đáng chú ý. Trung Quốc là quốc gia chịu ảnh hưởng cao nhất khi có khoảng 40% doanh nghiệp ghi nhận sự cố liên quan trong năm qua. Việt Nam đứng thứ hai với tỷ lệ 34%, tiếp theo là Ấn Độ (29%), Singapore (26%) và Indonesia (20%). Những con số này cho thấy các doanh nghiệp trong khu vực đang ngày càng trở thành mục tiêu của các chiến dịch tấn công thông qua mạng lưới đối tác và nhà cung cấp. Doanh nghiệp kết nối càng nhiều, rủi ro tấn công càng lớn Các cuộc tấn công chuỗi cung ứng thường nhắm đến những tổ chức có hệ sinh thái kết nối phức tạp. Doanh nghiệp quy mô lớn ghi nhận tỷ lệ bị tấn công lên tới 36%, cao hơn đáng kể so với nhóm doanh nghiệp nhỏ hơn. Một trong những nguyên nhân là số lượng nhà cung cấp phần mềm và phần cứng rất lớn. Trung bình, mỗi doanh nghiệp quy mô lớn quản lý khoảng 100 nhà cung cấp, mở rộng đáng kể bề mặt tấn công của hệ thống. Biểu đồ cho thấy các mối đe dọa an ninh mạng phổ biến với doanh nghiệp toàn cầu, trong đó tấn công chuỗi cung ứng đứng đầu với 31% trong 12 tháng qua ẢNH: KASPERSKY Bên cạnh đó, nhiều doanh nghiệp còn cấp quyền truy cập hệ thống cho các nhà thầu bên ngoài. Trong khi doanh nghiệp quy mô nhỏ có khoảng 50 nhà thầu, con số này ở doanh nghiệp lớn có thể vượt 130 đơn vị. Khi các mối quan hệ hợp tác ngày càng dày đặc, nguy cơ tấn công thông qua các kết nối tin cậy cũng tăng theo. Khảo sát cũng ghi nhận tấn công thông qua mối quan hệ tin cậy nằm trong nhóm năm mối đe dọa an ninh mạng phổ biến nhất, ảnh hưởng đến khoảng 25% doanh nghiệp toàn cầu. Tại khu vực châu Á - Thái Bình Dương, Singapore ghi nhận tỷ lệ cao nhất với khoảng một phần ba tổ chức từng gặp sự cố trong năm qua, trong khi Việt Nam đạt 27%. Theo nhận định của Kaspersky , nhiều doanh nghiệp vẫn chưa đánh giá đúng mức độ nguy hiểm của các cuộc tấn công xuất phát từ chuỗi cung ứng . Dù hình thức tấn công này xảy ra khá phổ biến, chỉ khoảng 9% tổ chức trên toàn cầu xem đây là mối đe dọa an ninh mạng hàng đầu cần ưu tiên xử lý. Các chuyên gia cho rằng trong bối cảnh doanh nghiệp ngày càng phụ thuộc vào hệ sinh thái số và mạng lưới đối tác rộng lớn, việc củng cố an ninh mạng không thể chỉ tập trung vào hệ thống nội bộ. Các tổ chức cần mở rộng phạm vi phòng vệ sang toàn bộ chuỗi cung ứng, bao gồm nhà cung cấp phần mềm, dịch vụ và các đối tác kết nối hệ thống. Nghiên cứu cũng cho thấy khoảng cách đáng kể giữa nhận thức và thực tế rủi ro. Nhiều doanh nghiệp thừa nhận các sự cố từ chuỗi cung ứng có thể gây gián đoạn nghiêm trọng hoạt động kinh doanh, nhưng lại chưa ưu tiên đầu tư đầy đủ cho các biện pháp phòng vệ tương ứng.",,"chuỗi cung ứng, Bảo mật, hệ sinh thái số, doanh nghiệp, tấn công mạng",https://images2.thanhnien.vn/thumb_w/640/528068263637045248/2026/3/25/vnkasperskybang-so-lieu-1774405145462821653029.jpg,"[""https://images2.thanhnien.vn/thumb_w/640/528068263637045248/2026/3/25/vnkasperskybang-so-lieu-1774405145462821653029.jpg""]",,2026-03-25T10:40:00+07:00,2026-07-03T14:34:51.911488,Công nghệ,,,,
18525011909152384,https://thanhnien.vn/instagram-thay-doi-cach-hien-thi-hinh-anh-gay-tranh-cai-18525011909152384.htm,thanhnien.vn,,,,,,Instagram thay đổi cách hiển thị hình ảnh gây tranh cãi,Thay đổi mới của Instagram khiến ảnh hiển thị theo định dạng dọc thay vì vuông đã gây ra nhiều phản ứng từ người dùng trên toàn cầu.,"Instagram, nền tảng mạng xã hội thuộc sở hữu của Meta vừa chính thức thay đổi định dạng hiển thị trên hồ sơ người dùng. Lần đầu tiên sau 15 năm ra mắt, nền tảng này sẽ từ bỏ cách sắp xếp truyền thống hình vuông (1:1) và chuyển sang hiển thị hình chữ nhật đứng (4:5). Theo phát biểu từ Giám đốc điều hành Instagram, ông Adam Mosseri, quyết định này phản ánh sự thay đổi trong cách người dùng tạo nội dung. Với sự phổ biến của smartphone và các thiết bị quay phim theo chiều dọc, hầu hết ảnh và video hiện nay được sản xuất ở định dạng dọc. Việc hiển thị nội dung này trong khung vuông thường gây bất tiện và không tận dụng hết không gian màn hình. Người dùng trẻ đang bàn luận khá sôi nổi về cập nhật mới của Instagram ẢNH: CHỤP MÀN HÌNH MXH FACEBOOK Dù thay đổi này có vẻ hợp lý, nhưng nó đã nhận được những phản hồi đa dạng từ cộng đồng người dùng. Do định dạng là vuông nên từ lâu người dùng có xu hướng sắp xếp những hình ảnh nhỏ thành một ảnh lớn. Tuy nhiên khi cập nhật diễn ra, những hình ảnh đã bị hiển thị sai cho ý đồ người dùng gây nên những tình huống dở khóc dở cười. Instagram cho rằng sự đổi mới là cần thiết để đáp ứng thị hiếu và hành vi tiêu dùng nội dung ngày càng phát triển. Việc tập trung vào video dọc , đặc biệt trong mục Reels, đã chứng minh sức hút mạnh mẽ với người dùng trẻ tuổi - nhóm khách hàng quan trọng của nền tảng Instagram nói riêng và toàn bộ hệ sinh thái Meta nói chung. Bên cạnh việc thay đổi hiển thị hồ sơ, Instagram cũng công bố một tính năng mới cho chức năng Reels. Theo đó, người dùng có thể xem danh sách các video mà bạn bè của họ đã thích. Tính năng này được kỳ vọng sẽ tăng cường sự kết nối giữa người dùng, đồng thời khuyến khích họ tương tác với nhiều nội dung hơn trên nền tảng. Những thay đổi này có mục đích củng cố vị trí của Instagram trong cuộc cạnh tranh với các nền tảng video ngắn như TikTok và nhấn mạnh tầm quan trọng của video dọc. Tuy nhiên, liệu sự thay đổi này có làm hài lòng tất cả người dùng hay không vẫn là câu hỏi cần thời gian để trả lời.",,"Instagram, thay đổi, Hiển thị, hình ảnh",https://images2.thanhnien.vn/thumb_w/640/528068263637045248/2025/1/19/screenshot-2025-01-19-at-084411-1737251486392200797064.jpg,"[""https://images2.thanhnien.vn/thumb_w/640/528068263637045248/2025/1/19/screenshot-2025-01-19-at-084411-1737251486392200797064.jpg""]",,2025-01-19T15:44:00+07:00,2026-07-03T14:34:52.024808,Công nghệ,,,,
185250507175254191,https://thanhnien.vn/gmail-sap-co-thay-doi-lon-ve-chuan-bao-mat-185250507175254191.htm,thanhnien.vn,,,,,,Gmail sắp có thay đổi lớn về chuẩn bảo mật,Chuẩn mã hóa 3DES sắp ngừng hoạt động trên Gmail - các quản trị viên cần gấp rút hành động.,"Theo Neowin , chỉ còn hơn ba tuần nữa, một thay đổi quan trọng về bảo mật của Gmail sẽ chính thức có hiệu lực, có khả năng ảnh hưởng đến việc gửi và nhận email của hàng triệu người dùng nếu các hệ thống gửi thư không kịp thời cập nhật. Google đã thông báo sẽ ngừng hỗ trợ hoàn toàn 3DES - một chuẩn mã hóa được xem là lỗi thời - cho tất cả kết nối SMTP đến trên Gmail kể từ ngày 30.5.2025. Google ngừng hỗ trợ chuẩn mã hóa 3DES trên Gmail vào cuối tháng 5 Quyết định này của Google được đưa ra nhằm ""cải thiện an ninh và bảo vệ người dùng khỏi các lỗ hổng tiềm ẩn liên quan đến các phương thức mã hóa lỗi thời"", theo tuyên bố của hãng. Điều này có nghĩa là bất kỳ hệ thống email nào vẫn cố gắng gửi thư đến Gmail chỉ bằng mã hóa 3DES sau ngày 30.5 tới sẽ bị từ chối và email đó sẽ không thể đến được hộp thư người nhận. Gmail chuẩn bị ngừng hỗ trợ chuẩn mã hóa 3DES ẢNH: CHỤP MÀN HÌNH NEOWIN 3DES từng được xem là một bước tiến so với chuẩn DES đơn lẻ, hiện không còn đủ mạnh mẽ để đối phó với các nguy cơ tấn công mạng ngày càng tinh vi. Với kích thước khối 64-bit tương đối nhỏ, 3DES dễ bị tổn thương khi xử lý lượng lớn dữ liệu bằng cùng một khóa, đồng thời tốc độ cũng thua kém đáng kể so với các chuẩn mã hóa hiện đại hơn như AES. Sự lỗi thời của 3DES đã khiến nó dần biến mất khỏi nhiều ứng dụng và giao thức bảo mật trong những năm gần đây. Google đang kêu gọi các quản trị viên hệ thống email trên toàn cầu, những người có hệ thống gửi email đến người dùng Gmail, phải khẩn trương hành động. ""Hãy đảm bảo rằng tất cả các hệ thống gửi của bạn được cấu hình để sử dụng các mật mã TLS hiện đại và an toàn hơn"", công ty nhấn mạnh. Các quản trị viên tên miền Google Workspace có sử dụng 3DES trong thời gian gần đây cũng đã được thông báo trực tiếp qua email với hướng dẫn chi tiết. Việc loại bỏ này sẽ ảnh hưởng đến tất cả khách hàng Google Workspace và bất kỳ ai gửi email tới người dùng Gmail . Trong trường hợp hệ thống chưa được cập nhật, người dùng cuối có thể sẽ thấy các thông báo lỗi không còn được hỗ trợ. Với thời hạn đang đến gần, việc kiểm tra và nâng cấp hệ thống ngay từ bây giờ là cần thiết để đảm bảo thông suốt trong liên lạc qua email. Bên cạnh cập nhật quan trọng về bảo mật này, Gmail cũng liên tục cải tiến dịch vụ. Gần đây, nền tảng này đã triển khai rộng rãi nhãn phân loại dữ liệu giúp các tổ chức bảo vệ thông tin tốt hơn, bổ sung tính năng phản hồi nhanh bằng biểu tượng cảm xúc và nâng cấp công cụ tìm kiếm bằng trí tuệ nhân tạo (AI) để ưu tiên các kết quả phù hợp nhất cho người dùng.",,"người dùng, mã hóa, Email, Bảo mật, Gmail, cập nhật, ảnh hưởng, dữ liệu, Google Workspace",https://images2.thanhnien.vn/thumb_w/640/528068263637045248/2025/5/7/gmail-17466152103431778030449.jpg,"[""https://images2.thanhnien.vn/thumb_w/640/528068263637045248/2025/5/7/gmail-17466152103431778030449.jpg""]",,2025-05-07T20:26:00+07:00,2026-07-03T14:34:52.044101,Công nghệ,,,,
185250726231913371,https://thanhnien.vn/phat-hien-ma-doc-backdoor-moi-tan-cong-may-chu-microsoft-exchange-185250726231913371.htm,thanhnien.vn,,,,,,Phát hiện mã độc backdoor mới tấn công máy chủ Microsoft Exchange,"Nhóm Nghiên cứu và Phân tích Toàn cầu (GReAT) của Kaspersky vừa phát hiện một loại mã độc backdoor mới có tên GhostContainer, được xây dựng dựa trên các công cụ mã nguồn mở.","Đây là một loại mã độc tinh vi, chưa từng được phát hiện trước đó. Nhóm GReAT đã phát hiện ra mã độc này trong quá trình ứng phó sự cố tại các hệ thống chính phủ có sử dụng Microsoft Exchange. GhostContainer được cho là một phần của chiến dịch tấn công mạng tinh vi và kéo dài (APT), nhắm vào những tổ chức quan trọng tại khu vực châu Á, bao gồm cả các công ty công nghệ lớn. Kaspersky phát hiện GhostContainer - lỗ hổng mới tấn công máy chủ Microsoft Exchange thông qua mã độc backdoor Ảnh: Kaspersky Tệp tin độc hại được Kaspersky phát hiện có tên gọi App_Web_Container_1.dll thực chất là một backdoor đa chức năng, có khả năng mở rộng tùy biến bằng cách tải thêm các mô-đun khác từ xa. Mã độc này tận dụng nhiều dự án mã nguồn mở và được tùy biến tinh vi để tránh bị phát hiện. Một khi cài thành công GhostContainer vào hệ thống, tin tặc dễ dàng kiểm soát hoàn toàn máy chủ Exchange, từ đó có thể thực hiện hàng loạt hành vi nguy hiểm mà người dùng không hề hay biết. Mã độc này được ngụy trang tinh vi dưới vỏ bọc một thành phần hợp lệ của máy chủ và sử dụng nhiều kỹ thuật né tránh giám sát để tránh bị phát hiện bởi các phần mềm diệt virus và qua mặt hệ thống giám sát an ninh. Ngoài ra, mã độc này có thể hoạt động như một máy chủ trung gian (proxy) hoặc đường hầm mã hóa (tunnel), tạo kẽ hở để tin tặc xâm nhập vào hệ thống nội bộ hoặc đánh cắp thông tin nhạy cảm. Nhìn vào cách thức hoạt động này, các chuyên gia nghi ngờ mục đích chính của chiến dịch này có thể là do thám, gián điệp mạng (cyber espionage). Ông Sergey Lozhkin, Trưởng nhóm Nghiên cứu và Phân tích Toàn cầu khu vực châu Á - Thái Bình Dương và Trung Đông - châu Phi của Kaspersky nhận định: ""Phân tích chuyên sâu của chúng tôi cho thấy thủ phạm đứng sau rất thành thạo trong việc xâm nhập vào hệ thống máy chủ Microsoft Exchange. Họ tận dụng nhiều công cụ mã nguồn mở để xâm nhập vào môi trường của IIS và Exchange, đồng thời phát triển các công cụ gián điệp tinh vi dựa trên mã nguồn mở có sẵn. Chúng tôi sẽ tiếp tục theo dõi hoạt động của nhóm này cũng như phạm vi và mức độ nguy hiểm của các cuộc tấn công, nhằm hiểu rõ hơn về bức tranh tổng thể của mối đe dọa"". Để tránh trở thành nạn nhân của các cuộc tấn công có chủ đích đến từ nhóm tội phạm mạng đã biết hay chưa được phát hiện, các chuyên gia của Kaspersky khuyến nghị doanh nghiệp nên áp dụng một số biện pháp sau: Trang bị cho đội ngũ vận hành an ninh (SOC) quyền truy cập vào các nguồn thông tin về mối đe dọa mới nhất. Nền tảng Kaspersky Threat Intelligence là nơi tập hợp toàn bộ dữ liệu và phân tích về các cuộc tấn công mạng mà Kaspersky đã thu thập trong hơn 20 năm qua. Nâng cao kỹ năng cho đội ngũ an ninh mạng, giúp họ sẵn sàng đối phó với các mối đe dọa mới bằng chương trình đào tạo trực tuyến của Kaspersky do chính các chuyên gia GReAT xây dựng. Kết hợp thêm giải pháp bảo mật ở cấp độ mạng doanh nghiệp, chẳng hạn như Kaspersky Anti Targeted Attack Platform, giúp phát hiện sớm những cuộc tấn công phức tạp đang âm thầm diễn ra trong hệ thống.",,"tấn công, máy chủ, Độc hại, Gián điệp",https://images2.thanhnien.vn/thumb_w/640/528068263637045248/2025/7/26/hack-1753546671071193399396.png,"[""https://images2.thanhnien.vn/thumb_w/640/528068263637045248/2025/7/26/hack-1753546671071193399396.png""]",,2025-07-27T08:09:00+07:00,2026-07-03T14:34:52.193137,Công nghệ,,,,
185250312231103022,https://thanhnien.vn/chau-au-dieu-tra-san-okx-ve-rua-tien-vu-hack-146-ti-usd-vao-bybit-185250312231103022.htm,thanhnien.vn,,,,,,"Châu Âu điều tra sàn OKX về rửa tiền vụ hack 1,46 tỉ USD vào Bybit","CEO Bybit tố tin tặc đã rửa hàng trăm triệu USD thông qua nền tảng của OKX, trong khi Liên minh châu Âu (EU) cũng mở cuộc điều tra sàn giao dịch tiền điện tử này.","""40.233 Ethereum (ETH), tương đương 100 triệu USD, chiếm khoảng 8% - trong số 1,46 tỉ USD bị tin tặc hack từ Bybit - đã được tẩu tán có liên quan đến proxy Web3 của OKX"", CEO Ben Zhou của sàn Bybit nói hôm 4.3, trong một cập nhật liên quan đến vụ hack lịch sử hôm 21.2. Thông tin này ngay lập tức thu hút sự chú ý lớn của cộng đồng vì sau vụ hack, OKX là một trong những sàn giao dịch tuyên bố sẽ hỗ trợ Bybit chặn các địa chỉ nghi ngờ. Tuy nhiên CEO Ben Zhou nói trong số 40.233 ETH được rửa trên sàn OKX, họ chỉ có thể lần theo đường đi của 16.680 ETH, 23.553 ETH còn lại không thể theo dõi được. Lãnh đạo sàn Bybit hy vọng OKX có thể cung cấp thông tin về những địa chỉ ví liên quan số tiền này. Châu Âu mở cuộc điều tra sàn OKX Sau những lùm xùm giữa hai sàn giao dịch, ngày 11.3, Bloomberg dẫn các nguồn tin cho biết cơ quan giám sát từ 27 quốc gia thành viên của Liên minh châu Âu đã thảo luận loạt vấn đề liên quan đến OKX. Dịch vụ ví Web3 của sàn đang rơi vào tầm ngắm do cáo buộc cho phép tin tặc rửa tiền. Sàn giao dịch OKX trên kho ứng dụng của Apple ẢNH: KHƯƠNG NHA Theo giới thiệu của OKX, dịch vụ Web3 của họ gồm nền tảng tài chính phi tập trung và ví tự lưu ký, cho phép các nhà giao dịch tiền điện tử truy cập vào nhiều sàn, blockchain khác nhau. Cơ quan quản lý cho rằng OKX đang không tuân thủ quy định mới của EU về Đạo luật thị trường tài sản số ( MiCA ). Cuộc điều tra của EU nhằm xác định liệu nền tảng Web3 có nằm trong phạm vi của MiCA hay không? Nếu có, OKX có thể phải chịu những hình phạt nào khi vi phạm? Trước đó vào ngày 27.1, OKX thông báo đã có được đầy đủ giấy phép, đáp ứng yêu cầu của MiCA để có thể hoạt động ở châu Âu. OKX phủ nhận cáo buộc Trong thông báo mới nhất OKX tuyên bố CEO Bybit đang lan truyền những thông tin sai sự thật . Họ cũng khẳng định mình không bị điều tra như Bloomberg đưa tin. OKX cho rằng nguồn cơn của việc Bybit bị tấn công bắt đầu từ lỗi bảo mật nghiêm trọng trên sàn giao dịch của chính họ. Còn Bloomberg cho biết trong cuộc họp mới đây, cơ quan quản lý nhấn mạnh nền tảng Web3 của OKX rõ ràng nằm trong phạm vi quản lý của MiCA. Do đó họ kêu gọi các cơ quan quản lý thảo luận xem việc để tin tặc rửa tiền thông qua nền tảng có vi phạm lệnh trừng phạt không. Công ty tiền điện tử Harmony của Mỹ bị tin tặc trộm 100 triệu USD Một số cơ quan quản lý của EU đã thúc giục ESMA (Cơ quan Giám sát Thị trường và Chứng khoán châu Âu) và Cơ quan Ngân hàng châu Âu (EBA) cùng hành động chống lại OKX. Nhóm này cũng yêu cầu cơ quan quản lý tài chính của Malta xem xét các hình phạt, trong đó có việc hủy bỏ giấy phép MiCA của OKX. Đại diện của Malta nói có thể tổ chức các cuộc họp với ban quản lý cấp cao của OKX để thảo luận về sự cố Bybit. Tuy nhiên họ chưa đưa ra cam kết nào liên quan đến việc chống lại sàn giao dịch này. Theo Điều 64 của MiCA, cơ quan quản lý có thể thu hồi giấy phép nếu đơn vị không có hệ thống hiệu quả để ngăn chặn rửa tiền hoặc vi phạm các quy định. Điều 64 cũng cho phép ESMA và EBA yêu cầu cơ quan quản lý tiến hành đánh giá việc tuân thủ các điều khoản trong giấy phép. Việc EU mở cuộc điều tra nhắm vào OKX càng mở rộng cuộc khủng hoảng liên quan đến việc tuân thủ quy định của sàn. Tháng trước họ đã nhận tội liên quan đến việc xử lý hơn 1.000 tỉ USD giao dịch của khách hàng Mỹ mà không có giấy phép. OKX sẽ phải đóng phạt hơn 504 triệu USD tiền mặt cho vi phạm của mình.",,"OKX, Sàn giao dịch, ví web3, tin tặc, rửa tiền",https://images2.thanhnien.vn/thumb_w/640/528068263637045248/2025/3/12/san-giao-dich-okxthanh-nien-1741795902191497428338.jpg,"[""https://images2.thanhnien.vn/thumb_w/640/528068263637045248/2025/3/12/san-giao-dich-okxthanh-nien-1741795902191497428338.jpg""]",,2025-03-13T08:40:00+07:00,2026-07-03T14:34:52.937472,Công nghệ,,,,
18525012614355242,https://thanhnien.vn/nhung-diem-vuot-troi-cua-smartphone-samsung-so-voi-iphone-18525012614355242.htm,thanhnien.vn,,,,,,Những điểm vượt trội của smartphone Samsung so với iPhone,Cuộc tranh luận giữa việc smartphone Samsung có tốt hơn iPhone hay không vẫn là một chủ đề nhận được nhiều sự quan tâm từ cộng đồng.,"Mặc dù iPhone sở hữu một lượng người dùng trung thành, không thể phủ nhận rằng smartphone Samsung đang âm thầm vượt iPhone ở một số khía cạnh quan trọng. Công nghệ màn hình Samsung được biết đến với công nghệ màn hình hàng đầu trong ngành, đó là lý do khiến Apple chọn tấm nền OLED từ Samsung cho iPhone. Tuy nhiên, màn hình của Apple thường thấp hơn về độ phân giải, độ sáng và tốc độ làm mới. Apple cũng phải chọn Samsung để cung cấp màn hình cho iPhone cao cấp ẢNH: PHONEARENA Chẳng hạn, Galaxy S25 Ultra sở hữu màn hình QHD+ Dynamic AMOLED 2X với tốc độ làm mới 120 Hz, trong khi iPhone chỉ áp dụng công nghệ này cho các mẫu Pro. Sự khác biệt này trở nên rõ ràng khi người dùng so sánh trực tiếp, với các đánh giá cho thấy màn hình Samsung sống động và sắc nét hơn, đồng thời xử lý nội dung HDR tốt hơn. Tùy chỉnh và tính linh hoạt Apple nổi tiếng với hệ sinh thái của mình nhưng cũng bị chỉ trích vì tính hạn chế. Ngược lại, Samsung cung cấp giao diện Android có thể tùy chỉnh cao One UI nhằm cho phép người dùng điều chỉnh mọi thứ từ biểu tượng đến màn hình luôn bật. Với Samsung, người dùng có thể tự do sắp xếp ứng dụng và cài đặt chủ đề theo ý thích, điều mà iPhone không cho phép. Đổi mới phần cứng Samsung không ngại thử nghiệm với các thiết kế mới. Điển hình là dòng Galaxy Z Fold và Z Flip với công nghệ màn hình gập, điều mà Apple vẫn chưa thực hiện. Nếu muốn một chiếc điện thoại có thể biến thành tablet hoặc gập lại, Samsung trở thành lựa chọn duy nhất trong phân khúc cao cấp. Ngoài ra, Galaxy S24 Ultra còn sở hữu cảm biến camera 200 MP, trong khi iPhone chỉ dừng lại ở 48 MP. Thời lượng pin và sạc nhanh Samsung thường trang bị pin lớn hơn cho các sản phẩm của mình. Chẳng hạn, Galaxy S25 Ultra có pin 5.000 mAh, so với 4.685 mAh của iPhone 16 Pro Max . Điều này mang lại thời gian sử dụng lâu hơn, đặc biệt khi chơi game hoặc phát video. Về tốc độ sạc, Samsung cung cấp sạc nhanh 45W trên Galaxy S25 Ultra, trong khi iPhone chỉ dừng lại ở 25W, điều này giúp người dùng tiết kiệm thời gian sạc. Tính linh hoạt của camera Mặc dù iPhone chụp ảnh đẹp và ổn định nhưng điện thoại Samsung lại được cho là linh hoạt hơn. Galaxy S25 Ultra có 4 camera với khả năng zoom lên đến 100x, trong khi iPhone chỉ đạt tối đa 25x. Samsung cũng tích hợp nhiều tính năng AI trong nhiếp ảnh giúp người dùng dễ dàng tạo ra những bức ảnh ấn tượng. Tính linh hoạt của camera trên smartphone Samsung tốt hơn nhiều so với iPhone ẢNH: REDDIT Giá bán Điện thoại Samsung thường mang lại giá trị tốt so với số tiền mà người dùng bỏ ra. Mặc dù cả hai thương hiệu đều có mức giá cao nhưng Samsung thường xuyên có các chương trình khuyến mãi và giao dịch đổi máy, trong khi Apple hiếm khi giảm giá iPhone. Dòng sản phẩm tầm trung của Samsung cũng mang lại hiệu suất ấn tượng với mức giá phải chăng. Hệ sinh thái mở Samsung xây dựng hệ sinh thái đa dạng từ smartwatch đến tablet, nhưng không giống như Apple, Samsung cho phép người dùng kết nối với các thiết bị khác dễ dàng hơn. Điều này mang lại cho người dùng sự tự do hơn trong việc lựa chọn công nghệ mà không bị ràng buộc. Chọn smartphone Samsung hay iPhone? Cuối cùng, lựa chọn giữa smartphone Samsung và iPhone phụ thuộc vào sở thích cá nhân. Tuy nhiên, nếu người dùng coi trọng sự tùy chỉnh, phần cứng tiên tiến và tính linh hoạt, smartphone Samsung thường chiếm ưu thế. Nếu đang tìm kiếm một chiếc điện thoại mới, hãy cân nhắc kỹ lưỡng Samsung để có được một thiết bị vượt trội hơn.",,"công nghệ màn hình, camera, thời lượng pin, hệ sinh thái",https://images2.thanhnien.vn/thumb_w/640/528068263637045248/2025/1/26/1-17378765305431507295654.jpg,"[""https://images2.thanhnien.vn/thumb_w/640/528068263637045248/2025/1/26/1-17378765305431507295654.jpg"", ""https://images2.thanhnien.vn/thumb_w/640/528068263637045248/2025/1/26/2-17378765633021269987926.jpg""]",,2025-01-27T10:50:00+07:00,2026-07-03T14:35:14.139276,Công nghệ,,,,
185251205114902995,https://thanhnien.vn/thuong-hieu-ram-quoc-dan-crucial-tuyen-bo-dong-cua-185251205114902995.htm,thanhnien.vn,,,,,,Thương hiệu RAM 'quốc dân' Crucial tuyên bố đóng cửa,Cú sốc làng công nghệ khi Crucial tuyên bố đóng cửa vì lĩnh vực AI tạo ra nhiều lợi nhuận hơn mảng game.,"Theo Neowin , nếu thường xuyên theo dõi tin tức công nghệ hay các diễn đàn phần cứng , Crucial chắc chắn không phải là cái tên xa lạ. Về bản chất, đây là thương hiệu bán lẻ của Micron - một trong ba 'gã khổng lồ' sản xuất chip nhớ lớn nhất thế giới, đứng ngang hàng với Samsung và SK Hynix. Tuy nhiên, trong một thông báo mới nhất, Micron xác nhận họ đã đưa ra ""quyết định khó khăn"" là rút lui hoàn toàn khỏi mảng kinh doanh tiêu dùng dưới thương hiệu Crucial. Động thái này không phải do thua lỗ, mà ngược lại, để Micron có thể kiếm được nhiều tiền hơn ở các phân khúc khác. Thương hiệu Crucial sẽ đóng cửa để Micron tập trung vào AI ẢNH: CHỤP MÀN HÌNH PC MAG AI đang thay đổi cuộc chơi phần cứng, Crucial đóng cửa Nguyên nhân cốt lõi đến từ sự bùng nổ của trí tuệ nhân tạo (AI) và học máy (Machine Learning). Các hệ thống AI hiện đại đang 'ngốn' một lượng tài nguyên bộ nhớ khổng lồ, đẩy nhu cầu về RAM và bộ nhớ lưu trữ hiệu suất cao tại các trung tâm dữ liệu lên mức kỷ lục. Giá thành bộ nhớ vì thế cũng đang leo thang chóng mặt. Tình huống này gợi nhớ đến cơn sốt tiền ảo cuối thập niên 2010, khi giá GPU bị đẩy lên trời và game thủ không thể mua được card đồ họa. Giờ đây, kịch bản tương tự đang lặp lại với bộ nhớ khi các ông lớn ưu tiên bán hàng cho doanh nghiệp hơn là người dùng cá nhân. Ông Sumit Sadana, Phó chủ tịch điều hành Micron, chia sẻ thẳng thắn: ""Sự tăng trưởng do AI thúc đẩy trong các trung tâm dữ liệu đã dẫn đến sự bùng nổ nhu cầu. Micron buộc phải đưa ra quyết định khó khăn là dừng mảng kinh doanh tiêu dùng Crucial để dồn nguồn cung và hỗ trợ cho các khách hàng chiến lược lớn trong các phân khúc tăng trưởng nhanh hơn"". Như vậy, Micron đi theo con đường mà Nvidia hay AMD đang áp dụng, đó là ưu tiên phục vụ cơn khát phần cứng của AI thay vì thị trường PC truyền thống, đơn giản vì biên lợi nhuận từ doanh nghiệp hấp dẫn hơn nhiều. Theo lộ trình, thương hiệu Crucial sẽ chính thức đóng cửa hoàn toàn vào cuối quý 2 năm tài chính, tức khoảng tháng 2.2026. Tuy nhiên, Micron cam kết vẫn sẽ duy trì dịch vụ hỗ trợ và bảo hành cho các sản phẩm Crucial đã bán ra thị trường theo đúng quy định. Đây là một mất mát lớn cho cộng đồng xây dựng cấu hình PC , khi thị trường mất đi một lựa chọn uy tín, chất lượng và có mức giá dễ tiếp cận.",,"Nvidia, Samsung, AMD, PC truyền thống, SSD, RAM, AI, Học máy, trí tuệ nhân tạo, Micron, doanh nghiệp, Cấu hình PC, Trung tâm dữ liệu",https://images2.thanhnien.vn/thumb_w/640/528068263637045248/2025/12/5/07aznccoj6xbegowyadapth-2v1764793210-1764910100879-1764910101264471484597.png,"[""https://images2.thanhnien.vn/thumb_w/640/528068263637045248/2025/12/5/07aznccoj6xbegowyadapth-2v1764793210-1764910100879-1764910101264471484597.png""]",,2025-12-05T21:09:00+07:00,2026-07-03T14:35:14.215575,Công nghệ,,,,
185250328001316959,https://thanhnien.vn/mien-phi-tao-moi-tai-khoan-chu-ky-so-mysign-viettel-tren-ung-dung-vneid-185250328001316959.htm,thanhnien.vn,,,,,,Miễn phí tạo mới tài khoản chữ ký số MySign Viettel trên ứng dụng VNeID,"Từ nay đến hết ngày 31.12.2025, Viettel miễn phí đăng ký mới tài khoản chữ ký số cho người dùng trên ứng dụng VNeID, đồng thời miễn phí ký trên cổng dịch vụ công trực tuyến trong vòng 12 tháng kể từ ngày khởi tạo.","Viettel cho biết đã tích hợp dịch vụ chữ ký số MySign trên VNeID - ứng dụng định danh điện tử đã phổ biến với mọi người dân Việt Nam. Theo đó, công dân có tài khoản định danh mức 2 dễ dàng khởi tạo chữ ký số để ký các văn bản, giấy tờ như đăng ký kết hôn, khai sinh, hộ chiếu, đăng ký xe, tạm trú/tạm vắng… ngay trên điện thoại di động và hoàn toàn miễn phí ký dịch vụ công trong vòng 12 tháng. Viettel đã tích hợp dịch vụ chữ ký số MySign trên VNeID Ảnh: Viettel MySign là dịch vụ chứng thực chữ ký số theo mô hình ký số từ xa do Viettel Telecom phát triển cho phép người dùng ký mọi lúc mọi nơi các văn bản, tài liệu chỉ với thiết bị thông minh như điện thoại, máy tính bảng, laptop, máy tính cá nhân…  Sản phẩm đáp ứng tiêu chuẩn bảo mật châu Âu eIDAS và các quy định của Bộ Khoa học và Công nghệ, đảm bảo tính pháp lý cho các giao dịch điện tử như ký giấy truyền thống. Sử dụng chữ ký số từ xa MySign đem lại cho người dùng nhiều lợi ích như tiết kiệm thời gian, công sức và tối ưu chi phí, ký kết nhanh chóng, tiện lợi trong các giao dịch điện tử, tài liệu ký được lưu trữ toàn vẹn và bảo mật thông tin. Viettel kỳ vọng việc tích hợp chữ ký số MySign trên ứng dụng VNeID sẽ không chỉ giúp phổ cập chữ ký số cho người dân mà còn thúc đẩy quá trình chuyển đổi số, hiện thực hóa các mục tiêu trong Nghị quyết số 57-NQ/TW và Nghị quyết số 03 của Thủ tướng Chính phủ về đột phá phát triển khoa học công nghệ, đổi mới sáng tạo và chuyển đổi số quốc gia. Đây là minh chứng cho sự sáng tạo trong công nghệ, góp phần tạo ra các dịch vụ tiện ích, bền vững cho cộng đồng. Ông Lê Mạnh Tấn, Phó tổng giám đốc Viettel Telecom, chia sẻ: ""Với mục tiêu trở thành doanh nghiệp tiên phong trong việc kiến tạo xã hội số, Viettel và dịch vụ chữ ký số từ xa MySign cam kết mang đến giải pháp an toàn, tiện lợi và hiệu quả, góp phần thúc đẩy quá trình chuyển đổi số toàn diện trong mọi khía cạnh của cuộc sống . Sáng tạo công nghệ chính là yếu tố then chốt giúp chúng tôi phát triển các giải pháp bền vững, góp phần vào sự nghiệp chuyển đổi số quốc gia"". Tính đến nay, Viettel đã đạt mốc 1,5 triệu tài khoản sử dụng chữ ký số MySign trong các lĩnh vực như hành chính công, tài chính ngân hàng, y tế, bảo hiểm... Đặc biệt, trên cả nước có tới 60% thuê bao phát triển do người dân tự đăng ký dịch vụ chữ ký số MySign của Viettel. Người dân có thể khởi tạo chữ ký số MySign trên ứng dụng VNeID theo hướng dẫn sau: Bước 1: Đăng nhập ứng dụng VNeID > Chọn Dịch vụ khác > Chọn Chứng thư chữ ký số Bước 2: Chọn Đăng ký chứng thư chữ ký số > Chọn nhà cung cấp Viettel MySign Tích chọn đồng ý điều khoản và xác nhận thông tin khách hàng. Bước 3: Tải ứng dụng MySign và thực hiện đăng ký tài khoản: Đăng nhập lại ứng dụng VneID > Chọn Dịch vụ khác > Chọn Chứng thư chữ ký số > Chọn Đăng ký chứng thư chữ ký số Viettel MySign. Tích chọn đồng ý với điều khoản và nhấn Xác nhận nghiệm thu tạo mới thành công tài khoản. Chọn ""Đăng nhập ngay"" để đăng nhập ứng dụng MySign và có thể thực hiện ký số trên các cổng dịch vụ công trực tuyến như khai sinh, hộ chiếu, tạm trú tạm vắng, đăng ký xe… (Tên tài khoản, mật khẩu đăng nhập sẽ gửi qua SMS và email. Với chứng thư số được cấp lần 2, thông tin gửi về sẽ chỉ gồm tên tài khoản).",,"Chữ ký số, dịch vụ, ứng dụng, đăng ký, MySign",https://images2.thanhnien.vn/thumb_w/640/528068263637045248/2025/3/27/vt-174309544848263255279.png,"[""https://images2.thanhnien.vn/thumb_w/640/528068263637045248/2025/3/27/vt-174309544848263255279.png""]",,2025-03-28T06:51:00+07:00,2026-07-03T14:35:14.318958,Công nghệ,,,,
18525101601043406,https://thanhnien.vn/macbook-pro-m5-ra-mat-ban-xin-nhat-van-con-cho-18525101601043406.htm,thanhnien.vn,,,,,,"MacBook Pro M5 ra mắt, bản xịn nhất vẫn còn chờ","Apple vừa công bố phiên bản MacBook Pro cơ bản mới đi kèm chip M5 và màn hình 14 inch, trong khi các bản cao cấp hơn vẫn cần thêm thời gian.","MacBook Pro M5 vẫn giữ thiết kế tương tự như thế hệ tiền nhiệm, nhưng được nâng cấp với chip mới. Cụ thể, sản phẩm đi kèm CPU lên đến 10 lõi, bao gồm 4 lõi hiệu năng cao và 6 lõi tiết kiệm điện năng giúp tăng hiệu suất đa luồng lên 20% so với chip M4, đặc biệt trong các tác vụ như biên dịch mã. Sức mạnh từ M5 giúp MacBook Pro mới đáp ứng nhiều nhu cầu khác nhau ẢNH: APPLE Bên cạnh đó, GPU trên MacBook Pro M5 cũng được cải tiến đáng kể giúp mang lại khả năng xử lý đồ họa nhanh hơn 1,6 lần so với thế hệ trước. Apple cũng nâng cấp các tính năng AI (trí tuệ nhân tạo) với Neural Engine tốt hơn và khả năng quản lý nhiệt hiệu quả hơn. Giữ nguyên thiết kế, MacBook Pro M5 vẫn mạnh hơn đáng kể Trong tuyên bố về sản phẩm, ""ứng viên CEO Apple tiềm năng"" John Ternus cho biết MacBook Pro đang trở nên tuyệt vời hơn nữa với sự xuất hiện của phiên bản 14 inch cùng chip M5. Theo ông Ternus, M5 đánh dấu bước tiến lớn tiếp theo về AI cho máy Mac và mang đến sự cải tiến vượt bậc về hiệu năng đồ họa, đáp ứng mọi nhu cầu từ sinh viên đến các chuyên gia sáng tạo. Sản phẩm hướng đến nhiều đối tượng người dùng khác nhau ẢNH: APPLE MacBook Pro M5 được trang bị cổng HDMI hỗ trợ độ phân giải lên đến 8K, khe cắm thẻ SDXC, cổng MagSafe 3 để sạc, cùng với khả năng hỗ trợ Wi-Fi 6E và Bluetooth 5.3. Hệ điều hành macOS Tahoe cũng là một phần quan trọng trong bản cập nhật này, với các tính năng Apple Intelligence được cải tiến, khả năng đa nhiệm tốt hơn và thiết kế Liquid Glass hoàn toàn mới. Giá khởi điểm cho MacBook Pro 14 inch M5 là 1.599 USD, với hai màu mà người dùng có thể lựa chọn là bạc và đen. Sản phẩm sẽ chính thức được bán ra từ ngày 22.10. Trong trường hợp tìm kiếm các biến thể sử dụng chip M5 Pro và M5 Max cao cấp hơn, người dùng vẫn phải tiếp tục chờ đợi thêm một thời gian nữa.",,"Apple, máy tính xách tay, Apple M5, macOS Tahoe",https://images2.thanhnien.vn/thumb_w/640/528068263637045248/2025/10/15/1-17605510559031877154598.jpg,"[""https://images2.thanhnien.vn/thumb_w/640/528068263637045248/2025/10/15/1-17605510559031877154598.jpg"", ""https://images2.thanhnien.vn/thumb_w/640/528068263637045248/2025/10/15/2-1760551195727358633913.jpg""]",,2025-10-16T09:04:00+07:00,2026-07-03T14:35:14.771679,Công nghệ,,,,
185250614101718064,https://thanhnien.vn/galaxy-s25-ultra-bat-ngo-bai-tran-truoc-s25-edge-ve-pin-185250614101718064.htm,thanhnien.vn,,,,,,Galaxy S25 Ultra bất ngờ 'bại trận' trước S25 Edge về pin,"Sự thật về pin Galaxy S25 Edge đã được vén màn, công nghệ 'vượt mặt' cả S25 Ultra.","Theo SamMobile , ngay từ khi những thông tin đầu tiên xuất hiện, viên pin 3.900 mAh của Galaxy S25 Edge đã trở thành tâm điểm chỉ trích, nhiều người cho rằng Samsung đã quá 'keo kiệt' cho một thiết bị cao cấp. Tuy nhiên, một video 'mổ xẻ' mới đây đã tiết lộ sự thật đáng kinh ngạc về công nghệ pin bên trong chiếc máy siêu mỏng này thực chất lại tiên tiến hơn cả người anh em S25 Ultra. Công nghệ pin của Galaxy S25 Edge tiên tiến vượt mặt S25 Ultra Trong một video phân tích chi tiết, kênh YouTube WekiHome chỉ ra rằng, dù có dung lượng (mAh) thấp hơn, viên pin của Galaxy S25 Edge lại sở hữu mật độ năng lượng vượt trội. Cụ thể, mật độ năng lượng của pin S25 Edge đạt 758 Wh/L (watt-giờ trên mỗi lít), cao hơn đáng kể so với con số 727 Wh/L của viên pin 5.000 mAh trên Galaxy S25 Ultra. So sánh mật độ năng lượng giữa S25 Edge và Ultra ẢNH: CHỤP MÀN HÌNH SAMMOBILE Điều này có nghĩa là Samsung đã thành công trong việc 'nén' nhiều năng lượng hơn vào một không gian vật lý nhỏ hơn. Đây là một thành tựu kỹ thuật đáng nể, cho thấy hãng đã nỗ lực tối ưu hóa công nghệ pin cho chiếc điện thoại siêu mỏng của mình thay vì chỉ chạy theo các con số dung lượng thuần túy. Tại sao không phải là một viên pin lớn hơn? Nhiều người sẽ đặt câu hỏi tại sao Samsung không sử dụng các công nghệ pin mới hơn như silicon carbon (tương tự OPPO Find N5, mật độ 810 Wh/L) để tăng dung lượng. Tuy nhiên, theo tính toán của các chuyên gia, ngay cả khi áp dụng công nghệ này, dung lượng pin của S25 Edge cũng chỉ đạt khoảng 4.200 mAh - một sự cải thiện không quá lớn. Lý do sâu xa hơn nằm ở sự thận trọng của Samsung. Kể từ sau 'thảm họa' cháy nổ pin của Galaxy Note 7, gã khổng lồ công nghệ xứ kim chi đã trở nên cực kỳ cẩn trọng với các công nghệ pin mới. Việc lựa chọn một viên pin lithium-ion truyền thống nhưng được tối ưu hóa về mật độ được xem là một bước đi an toàn và hợp lý. Đến cả chuyên gia rò rỉ Ice Universe, người thường xuyên có những nhận xét khắt khe với Samsung , cũng đã lên tiếng bênh vực hãng. Ông cho rằng việc chê bai viên pin của S25 Edge là không công bằng và việc mong đợi một viên pin 6.000 mAh trong một thân máy mỏng tương tự là suy nghĩ viển vông, ngay cả với các thương hiệu Trung Quốc. Rõ ràng, thay vì 'cắt xén', Samsung đã chọn một hướng đi khác để cân bằng giữa thiết kế mỏng nhẹ, sự an toàn và công nghệ pin tiên tiến, hứa hẹn những cải tiến lớn hơn trong tương lai.",,"Galaxy S25, công nghệ pin, Ice universe, Siêu mỏng, Dung lượng, năng lượng, GALAXY, Pin",https://images2.thanhnien.vn/thumb_w/640/528068263637045248/2025/6/14/edge-vert-1749871166386970509733.jpg,"[""https://images2.thanhnien.vn/thumb_w/640/528068263637045248/2025/6/14/edge-vert-1749871166386970509733.jpg""]",,2025-06-14T11:53:00+07:00,2026-07-03T14:35:14.839367,Công nghệ,,,,
185250927065611848,https://thanhnien.vn/iphone-17-gap-loi-nghiem-trong-apple-chua-hen-ngay-sua-185250927065611848.htm,thanhnien.vn,,,,,,"iPhone 17 gặp lỗi nghiêm trọng, Apple chưa hẹn ngày sửa",Sự ra mắt của iPhone 17 và hệ điều hành iOS 26 đã mang đến cho người dùng nhiều tính năng mới hấp dẫn.,"Tuy nhiên, giống như thường lệ, các sản phẩm mới của Apple không tránh khỏi một số trục trặc khi công ty mới đây xác nhận một lỗi nghiêm trọng liên quan đến tính năng Apple Intelligence trên iPhone 17. Có một số giải pháp người dùng iPhone 17 có thể tạm thời khắc phục ẢNH: REUTERS Theo thông tin từ trang hỗ trợ cộng đồng của Apple, một người dùng chia sẻ đã trải nghiệm iPhone 17 Pro mà không gặp vấn đề gì trong những ngày đầu. Tuy nhiên, sau vài ngày sử dụng, thiết bị này thông báo rằng cần tải xuống các mô hình Apple Intelligence , mặc dù chúng đã được cài đặt và chiếm tới 6,59 GB bộ nhớ. Nhiều người dùng khác cũng báo cáo tình trạng tương tự, với một số cho biết thiết bị của họ ""bị kẹt khi tải xuống"" dù đã thực hiện các bước khắc phục theo hướng dẫn của bộ phận hỗ trợ của Apple. Review nháy mắt, há miệng, lè lưỡi lướt iPhone: Hay thật nhưng kỳ cục? Sự cố AI tiếp tục làm khó iPhone 17 Mặc dù Apple đã thừa nhận sự cố này, công ty vẫn chưa công bố thời gian dự kiến cho bản sửa lỗi. Đây là một thách thức khác trong hành trình phát triển tính năng hỗ trợ AI (trí tuệ nhân tạo) của Apple. Trước đó, một số người dùng đã gặp phải tình trạng Apple Intelligence tự động biến mất khỏi thiết bị mà họ không hề hay biết. Thêm vào đó, tính năng Siri đôi khi cũng gặp phải vấn đề tương tự. Dù gặp phải những khó khăn này, nhiều người vẫn háo hức chờ đợi những gì Apple Intelligence có thể mang lại. Nếu đang gặp phải vấn đề tương tự trên iPhone 17, có một số giải pháp tạm thời mà người dùng đã thử và thành công. Theo đó, mọi người có thể thử tắt dữ liệu di động hoặc Wi-Fi để kích hoạt lại quá trình tải xuống. Nếu không hiệu quả, hãy thử thay đổi ngôn ngữ của thiết bị hoặc bật chế độ máy bay rồi tắt đi. Một lựa chọn khác là khôi phục cài đặt gốc cho iPhone, mặc dù điều này sẽ mất thời gian để thiết lập lại. Apple đang phát triển phiên bản iOS 26 tiếp theo, hy vọng các vấn đề này sẽ được giải quyết trong thời gian tới.",,"Apple, sự cố, Apple Intelligence, iOS 26",https://images2.thanhnien.vn/thumb_w/640/528068263637045248/2025/9/26/1-17589308049591315834692.jpg,"[""https://images2.thanhnien.vn/thumb_w/640/528068263637045248/2025/9/26/1-17589308049591315834692.jpg""]",,2025-09-27T07:37:00+07:00,2026-07-03T14:35:14.904410,Công nghệ,,,,
185260416142743589,https://thanhnien.vn/nen-dung-usb-hay-bluetooth-de-nghe-nhac-tren-o-to-185260416142743589.htm,thanhnien.vn,,,,,,Nên dùng USB hay Bluetooth để nghe nhạc trên ô tô?,"Giữa thời đại streaming bùng nổ, một chiếc USB nhỏ gọn lại mang đến cách nghe nhạc trên ô tô đơn giản, tiết kiệm mà vẫn giữ trọn chất lượng âm thanh.","Mặc dù việc sử dụng ứng dụng để nghe nhạc trở nên dễ dàng hơn bao giờ hết, nhưng khi nghe nhạc trong ô tô, kết nối Bluetooth không phải là lựa chọn tối ưu nếu so sánh với phát nhạc từ USB . USB tưởng lỗi thời nhưng lại là “chìa khóa” nghe nhạc hay nhất trên ô tô ẢNH: CARLUEX Theo BGR , mặc dù kết nối không dây mang lại sự tiện lợi, nhưng chất lượng âm thanh sẽ tốt hơn nhiều nếu người dùng cắm điện thoại trực tiếp vào hệ thống âm thanh của xe qua cổng USB. Ngoài ra, một lựa chọn khác tương tự như những cuốn băng nhạc xưa là sử dụng ổ USB để lưu trữ và phát nhạc trên ô tô trực tiếp từ đó. Nhiều lợi ích từ ổ USB mang lại cho âm thanh trên ô tô Sử dụng ổ USB để lưu trữ nhạc không chỉ giúp người dùng tiết kiệm chi phí đăng ký dịch vụ nghe nhạc mà còn cho phép phát nhạc với định dạng FLAC và âm thanh lossless , điều mà Bluetooth không hỗ trợ trừ khi sử dụng các codec đặc biệt. Với dung lượng ổ USB lớn, người dùng có thể lưu trữ hàng chục nghìn bài hát. Chẳng hạn, một ổ USB 256 GB có thể chứa hơn 83.000 bài hát với dung lượng trung bình 3 MB mỗi bài. Người dùng có thể dễ dàng thêm hoặc thay đổi bài hát trên ổ USB, miễn là ô tô mình sở hữu có cổng USB. Nếu không, người dùng sẽ cần một bộ chuyển đổi hoặc thiết bị có đầu ra phụ như DAC. Để thêm nhạc vào ổ USB, người dùng có thể bắt đầu bằng cách tải những bài hát MP3 hoặc định dạng nhạc mà mình thường sử dụng. Hãy đảm bảo định dạng ổ USB theo cấu trúc file phổ biến như FAT hoặc FAT32. Sau khi chuyển bài hát vào ổ USB, hãy cắm vào cổng USB trên xe và chọn đúng đầu vào. Nếu bài hát phát mà không gặp vấn đề gì, người dùng đã hoàn tất. Ngoài việc phát nhạc, cổng USB trên ô tô còn có thể kết nối với nhiều thiết bị thú vị khác giúp nâng cao trải nghiệm lái xe. Tuy nhiên, không gì thú vị hơn việc tự tạo danh sách phát và thưởng thức âm nhạc chất lượng cao trong khi lái xe.",,"Bluetooth, chất lượng âm thanh, giải trí di động",https://images2.thanhnien.vn/thumb_w/640/528068263637045248/2026/4/16/01-1776324311825665485254.jpg,"[""https://images2.thanhnien.vn/thumb_w/640/528068263637045248/2026/4/16/01-1776324311825665485254.jpg""]",,2026-04-16T15:16:00+07:00,2026-07-03T14:35:15.884138,Công nghệ,,,,
18525100322225951,https://thanhnien.vn/galaxy-a35-5g-bat-dau-nhan-one-ui-8-18525100322225951.htm,thanhnien.vn,,,,,,Galaxy A35 5G bắt đầu nhận One UI 8,"Một trong những smartphone Android giá rẻ tốt nhất của năm 2024, Galaxy A35 5G, đã chính thức nhận bản cập nhật One UI 8 ổn định.","Đây được xem là tin vui cho người dùng Galaxy A35 5G trên toàn cầu, với nhiều người báo cáo rằng họ đã nhận được One UI 8. Đáng chú ý, điều này diễn ra chỉ vài ngày sau khi Samsung phát hành One UI 8 ổn định đầu tiên cho người dùng Hàn Quốc. Galaxy A35 5G được ra mắt tại Việt Nam vào tháng 3.2024 với giá khởi điểm 8,29 triệu đồng ẢNH: T.L Theo các báo cáo, người dùng Galaxy A35 5G ở nhiều quốc gia như Pháp, Iran, Kenya, Nga, Nam Phi và Syria đã nhận được bản cập nhật, cho thấy One UI 8 đang được triển khai rộng rãi đến Galaxy A35 5G tại các khu vực EMEA và một số thị trường khác. One UI 8 giúp nâng tầm trải nghiệm Galaxy A35 5G Báo cáo cho biết, bản cập nhật One UI 8 dành cho Galaxy A35 5G có dung lượng khoảng 2,3 GB, mang đến nhiều tinh chỉnh độc quyền cho Samsung, bên cạnh các tính năng của phiên bản Android 16. Ngoài ra, bản cập nhật này cũng bao gồm bản vá bảo mật tháng 9.2025 nhằm bảo vệ người dùng khỏi các lỗ hổng nguy hiểm. Không chỉ Galaxy A35 5G, Samsung còn phát hành bản cập nhật One UI 8 ổn định cho các dòng điện thoại khác như Galaxy S23, Galaxy Z5 và các thiết bị Galaxy Z6 trong thời gian gần đây. Người dùng Galaxy A35 5G tại nhiều quốc gia đã nhận được bản cập nhật One UI 8 ẢNH: ANDROID AUTHORITY Galaxy A35 5G là mẫu smartphone được mở bán tại Việt Nam lần đầu tiên vào ngày 22.3.2024 với mức giá khởi điểm 8,29 triệu đồng. Sản phẩm nhận được nhiều sự chú ý nhờ hiệu năng mạnh mẽ từ chip Exynos 1380, màn hình Super AMOLED 120 Hz, hệ thống camera 50 MP với tính năng chống rung quang học (OIS) và pin dung lượng 5.000 mAh hỗ trợ sạc nhanh 25W. Nhiều tính năng đáng chú ý khác có trên thiết bị bao gồm thiết kế hiện đại, kháng nước bụi IP67 và các tính năng bảo mật như Knox Vault.",,"Galaxy A35 5G, bản cập nhật, Samsung, Android 16",https://images2.thanhnien.vn/thumb_w/640/528068263637045248/2025/10/3/1-1759504818696298765521.jpg,"[""https://images2.thanhnien.vn/thumb_w/640/528068263637045248/2025/10/3/1-1759504818696298765521.jpg"", ""https://images2.thanhnien.vn/thumb_w/640/528068263637045248/2025/10/3/2-17595048754521679681332.jpg""]",,2025-10-04T08:51:00+07:00,2026-07-03T14:35:16.294524,Công nghệ,,,,
185250604220553089,https://thanhnien.vn/samsung-gay-xon-xao-voi-nhan-to-bi-an-galaxy-z-fold7-ultra-185250604220553089.htm,thanhnien.vn,,,,,,Samsung gây xôn xao với 'nhân tố bí ẩn' Galaxy Z Fold7 Ultra,Samsung vừa khiến giới công nghệ đứng ngồi không yên khi 'thả thính' về phiên bản Galaxy Z Fold7 Ultra bí ẩn.,"Theo Neowin , trong lúc cộng đồng công nghệ đang nóng lòng chờ đợi bộ đôi điện thoại gập Galaxy Z Fold7 và Z Flip7, Samsung bất ngờ tung ra một thông cáo báo chí đầy ẩn ý. Việc lặp đi lặp lại và nhấn mạnh vào thương hiệu 'Ultra' khiến nhiều người đặt câu hỏi: Liệu một phiên bản Galaxy Z Fold7 Ultra siêu cao cấp sắp sửa trình làng? Siêu phẩm Galaxy Z Fold7 Ultra là 'át chủ bài' bí ẩn của Samsung? Trong không khí mong chờ sự ra mắt của Galaxy Z Fold7, Z Flip7 và có thể cả phiên bản giá mềm Z Flip7 FE, Samsung vừa phát đi một thông cáo báo chí với tiêu đề đầy khơi gợi: "" Meet the Next Chapter of Ultra "". Thông điệp này ngay lập tức làm dấy lên những đồn đoán về một phiên bản 'Ultra' đầu tiên cho dòng điện thoại gập Z Fold, vốn trước đây chỉ dành cho các dòng flagship Galaxy S và Note. Samsung 'nhá hàng' về một thiết bị gập mang tên 'Ultra' ẢNH: CHỤP MÀN HÌNH Samsung nhấn mạnh rằng họ đã lắng nghe người hâm mộ, những người mong muốn ""màn hình lớn hơn, camera tốt hơn và những cách thức mới để kết nối và sáng tạo"". Hãng tuyên bố ""chương tiếp theo của Galaxy là mang đến một trải nghiệm kết hợp liền mạch giữa nghệ thuật và kỹ thuật để nâng tầm các tương tác hằng ngày"". Đi kèm thông cáo là một hình ảnh động hé lộ thiết kế được cho là của Galaxy Z Fold7 (hoặc Z Fold7 Ultra nếu tồn tại). Các tin đồn trước đó cho rằng Z Fold7 sẽ cao và rộng hơn phiên bản tiền nhiệm nhờ màn hình lớn hơn, đồng thời có thể sử dụng mặt lưng titan để giảm độ dày, tăng độ bền và tối ưu trọng lượng. Bên cạnh những hé lộ về thiết kế, Samsung cũng không quên nhấn mạnh vào các tính năng AI, như điều khiển giọng nói để tìm kiếm địa điểm hay các tính năng camera mạnh mẽ được trí tuệ nhân tạo hỗ trợ. Dù Samsung chưa chính thức xác nhận sự tồn tại của một chiếc Galaxy Z Fold7 Ultra, việc sử dụng thuật ngữ 'Ultra' một cách có chủ đích trong thông cáo báo chí khiến giới mộ điệu không thể không hy vọng. Liệu đây có phải là một chiêu bài marketing, hay Samsung thực sự đang ấp ủ một siêu phẩm điện thoại gập với những nâng cấp vượt trội? Thời gian sẽ sớm cho chúng ta câu trả lời, khi những thông tin chi tiết hơn được hé lộ trong vài tuần tới.",,"Samsung, điện thoại gập, GALAXY, ULTRA, Chiêu bài, Z Fold",https://images2.thanhnien.vn/thumb_w/640/528068263637045248/2025/6/4/z-fold-1749049797448542337184.jpg,"[""https://images2.thanhnien.vn/thumb_w/640/528068263637045248/2025/6/4/z-fold-1749049797448542337184.jpg""]",,2025-06-05T07:49:00+07:00,2026-07-03T14:35:16.513509,Công nghệ,,,,
185250512112551799,https://thanhnien.vn/kaspersky-cong-bo-dai-dich-ransomware-2025-185250512112551799.htm,thanhnien.vn,,,,,,Kaspersky công bố 'đại dịch' ransomware 2025,"Trong báo cáo về mã độc mã hóa dữ liệu tống tiền (ransomware) 2025, hãng bảo mật Kaspersky cho biết tuy số lượng có giảm nhưng mức độ nguy hiểm và lượng người bị ảnh hưởng tăng.","Theo dữ liệu của Kaspersky Security Network, số lượng phát hiện phần mềm tống tiền (ransomware) đã giảm 18% từ năm 2023 đến năm 2024 - từ 5.715.892 xuống còn 4.668.229. Tuy nhiên, tỷ lệ người dùng bị ảnh hưởng bởi các cuộc tấn công phần mềm tống tiền đã tăng nhẹ 0,44%. Tỷ lệ phần trăm nhỏ hơn này so với các mối đe dọa mạng khác được giải thích bởi thực tế là những kẻ tấn công thường không phân phối loại phần mềm độc hại này trên quy mô lớn mà ưu tiên các mục tiêu có giá trị cao, theo đó làm giảm tổng số lượng sự cố do chúng gây ra. Các nhóm tội phạm mạng tấn công bằng ransomware, dẫn đầu là RansomHub Ảnh: Kaspersky Bộ phận Ứng cứu An ninh mạng Toàn cầu của Kaspersky (GERT) cho biết có đến 41,6% trong số các sự cố an ninh mạng năm 2024 có liên quan đến phần mềm tống tiền, tăng so với 33,3% vào năm 2023. Mã độc tống tiền nhắm mục tiêu cụ thể có khả năng vẫn là mối đe dọa chính đối với các tổ chức trên toàn thế giới. Xu hướng đáng chú ý liên quan ransomware trong năm 2024 - 2025 1. Cho thuê mã độc ransomware để chia lợi nhuận Các nhóm tội phạm mạng cung cấp loại ransomware đến các băng nhóm 'chân rết' để tạo ra các mạng lưới tấn công mạng và đòi tiền chuộc. Lợi nhuận thu được từ tống tiền chia có tỷ lệ cao gồm tỷ lệ 90% cho băng nhóm so với 10% của chủ sở hữu ransomware. 2. Tấn công các nền tảng khác bên cạnh Windows Nhiều cuộc tấn công ransomware vẫn nhắm vào các hệ thống chạy trên Windows do hệ điều hành này được sử dụng rộng rãi trong môi trường doanh nghiệp. Kiến trúc của Windows, kết hợp với các lỗ hổng trong phần mềm như Giao thức máy tính từ xa (RDP) và các hệ thống chưa vá lỗi, khiến nó trở thành mục tiêu chính cho các tệp thực thi ransomware. Bên cạnh đó, dạng tấn công vào bên thứ ba là các trình điều khiển được chứng thực chữ ký số bởi một tổ chức uy tín hoặc Microsoft. Các trình điều khiển này có quyền hoạt động sâu trong hệ thống nhưng lại mang lỗ hổng có thể bị khai thác, theo đó kẻ tấn công tránh được các lớp phòng vệ kiểm tra bảo mật của Windows. Tuy nhiên, trong những năm gần đây, một số nhóm tấn công như RansomHub và Akira đã đa dạng hóa mục tiêu phát triển các biến thể ransomware nhắm đến các hệ thống Linux và VMware, đặc biệt là trong môi trường đám mây và ảo hóa khi các tổ chức áp dụng các thiết lập đám mây và hệ thống lai. 3. Số lượng nạn nhân giảm, số tiền nạn nhân phải trả tăng Theo Chainalysis, các khoản trả tiền chuộc dữ liệu nộp cho ransomware đã giảm đáng kể vào năm 2024 xuống còn khoảng 813,55 triệu USD, giảm 35% so với mức kỷ lục 1,25 tỉ USD vào năm 2023. Đáng chú ý, Sophos báo cáo rằng khoản thanh toán tiền chuộc trung bình đã tăng từ 1.542.333 USD vào năm 2023 lên 3.960.917 USD vào năm 2024, phản ánh xu hướng ransomware nhắm mục tiêu vào các tổ chức lớn hơn với nhu cầu cao hơn. Báo cáo trên cũng nhấn mạnh rằng nhiều tổ chức đã phải trả tiền chuộc để lấy lại dữ liệu của họ. 4. Thay đổi chiến thuật tống tiền, tăng mức độ và đối tượng liên quan Đây là xu hướng nguy hiểm nghiêm trọng, gây ra tổn thất rất lớn cho các tổ chức doanh nghiệp là nạn nhân của ransomware. Cụ thể, một số nhóm tội phạm mạng không chỉ tống tiền khi mã hóa dữ liệu, chúng còn khai thác dữ liệu nhạy cảm chiếm dụng được để làm đòn bẩy mở rộng các mối đe dọa cho các bên thứ ba như khách hàng, đối tác, nhà cung cấp… của nạn nhân. Chúng có thể bán dữ liệu kinh doanh nhạy cảm cho các bên khác để tối ưu hóa nguồn lợi. 5. Các cuộc tấn công ransomware có mục tiêu Chúng nhắm vào các tổ chức được xác định để gây gián đoạn và tối ưu mức trả tiền lên tối đa, tập trung vào các mục tiêu có giá trị cao như bệnh viện, tổ chức tài chính và cơ quan chính phủ. Đối với ransomware tấn công phổ thông thường lây lan đại trà thông qua lừa đảo qua mạng hoặc các thiết bị gắn ngoài như USB hay ổ cứng. Chúng thường ảnh hưởng đến các doanh nghiệp nhỏ hoặc cá nhân có khả năng phòng thủ yếu hơn. Dẫn chứng vào tháng 3.2025, nhóm NightSpire tấn công EmoTrans, một công ty hậu cần phục vụ các ngành công nghiệp quan trọng ở Chile như khai thác mỏ, nông nghiệp và thương mại quốc tế. Hay nhóm 'đàn anh' RansomHub làm ngừng trệ hoạt động của các văn phòng Hãng Kawasaki tại châu Âu trong tháng 9.2024. Gần nhất, trong tuần đầu tiên tháng 4.2025, ransomware họ Qilin đã tấn công 45 công ty. Châu Á - Thái Bình Dương có tỷ lệ bị ransomware tấn công cao hơn mức trung bình toàn cầu Ảnh: Kaspersky 6. Thế hệ ransomware mạnh hơn, thông minh hơn nhờ AI Các nhóm tội phạm mạng năm qua liên tục bị các tổ chức an ninh quốc tế châu Âu, Mỹ (FBI) hay Đức triệt phá và đánh mạnh vào mạng lưới của chúng, ngăn cản nhiều chiến dịch rải thảm và tấn công bằng ransomware. Dù vậy, lợi nhuận khổng lồ khiến các băng nhóm tiếp tục tìm cách cải tiến, bằng chứng là LockBit 3.0 ra đời. Băng nhóm hoạt động mạnh nhất là RansomHub cũng 'khởi động lại' các hoạt động vào đầu tháng 4.2025 sau khi tạm lắng trong thời gian qua. Song song đó, các mã nguồn ransomware được tu bổ thêm các công cụ, thậm chí nhóm FunkSec chuyên tấn công vào các tổ chức tài chính và giáo dục, công nghệ còn tận dụng AI để phát triển thêm sức mạnh cho ransomware, tránh bị phát hiện. Khuyến cáo đến các doanh nghiệp và tổ chức Theo Kaspersky, để chống lại ransomware hiệu quả vào năm 2025, các tổ chức và cá nhân phải áp dụng chiến lược phòng thủ nhiều lớp để giải quyết các chiến thuật đang phát triển của các nhóm như FunkSec, RansomHub và các nhóm khác tận dụng AI. Ưu tiên phòng ngừa chủ động thông qua việc vá lỗi và quản lý lỗ hổng. Nhiều cuộc tấn công ransomware khai thác các hệ thống chưa vá lỗi, vì vậy các tổ chức nên triển khai các công cụ quản lý bản vá tự động để đảm bảo cập nhật kịp thời cho hệ điều hành, phần mềm và trình điều khiển. Hệ thống phòng vệ nhiều lớp, nhiều công cụ an ninh của Kaspersky Plus Ảnh: chụp màn hình Theo ông Ngô Trần Vũ, Công ty NTS Security, việc bật chức năng Vulnerable Driver Blocklist của Windows trong phần Device Security - Core isolation là rất quan trọng để ngăn chặn các cuộc tấn công dạng BYOVD. Việc người dùng Windows thường xuyên cập nhật các bản vá của Windows cùng các bản cập nhật vá lỗi của những phần mềm cài trên máy là rất quan trọng. Với doanh nghiệp nên thường quét các lỗ hổng và ưu tiên các lỗi có mức độ nghiêm trọng cao, đặc biệt là trong các phần mềm được sử dụng rộng rãi như Microsoft Exchange hoặc VMware ESXi ngày càng bị ransomware nhắm mục tiêu. ""Đối với doanh nghiệp nhỏ có thể tận dụng song song giải pháp Kaspersky Plus kết hợp cùng Windows Security để gia tăng bảo vệ nhiều lớp, chống mã độc và ngăn khai thác lỗ hổng cũng như bảo vệ dữ liệu tốt hơn"", ông Ngô Trần Vũ cho biết.",,"Phần mềm, Tống tiền, tội phạm mạng, ransomware, Windows",https://images2.thanhnien.vn/thumb_w/640/528068263637045248/2025/5/12/state-of-ransomware-in-20251-17470235920491902779017.png,"[""https://images2.thanhnien.vn/thumb_w/640/528068263637045248/2025/5/12/state-of-ransomware-in-20251-17470235920491902779017.png"", ""https://images2.thanhnien.vn/thumb_w/640/528068263637045248/2025/5/12/state-of-ransomware-in-20252-1747023679679362264874.png"", ""https://images2.thanhnien.vn/thumb_w/640/528068263637045248/2025/5/12/kaspersky-premium2025-baomat-17470237457961347090601.png""]",,2025-05-12T13:29:00+07:00,2026-07-03T14:35:17.038997,Công nghệ,,,,
185250321123208818,https://thanhnien.vn/cach-smartwatch-dinh-hinh-loi-song-lanh-manh-cho-nguoi-viet-185250321123208818.htm,thanhnien.vn,,,,,,Cách smartwatch định hình lối sống lành mạnh cho người Việt,"Ngày 20.3 hằng năm được Liên Hợp Quốc chọn làm Ngày Quốc tế Hạnh phúc, nhằm nhấn mạnh giá trị cốt lõi của một cuộc sống khỏe mạnh, cân bằng. Trong nhịp sống hiện đại, người Việt đang ngày càng chú trọng đến sức khỏe như một yếu tố quan trọng giúp họ có cuộc sống hạnh phúc và bền vững hơn.","Smartwatch tại Việt Nam ""lên ngôi"" trong kỷ nguyên chăm sóc sức khỏe toàn diện Theo báo cáo gần đây từ Cimigo, nhóm người trẻ (24-44 tuổi) thường lựa chọn các môn thể thao cường độ cao. Trong khi, nhóm trung niên (45-55 tuổi) ưu tiên vận động nhẹ nhàng hơn thông qua đi bộ, yoga. Đáng chú ý, trong số người được khảo sát, 73% người đang sở hữu smartwatch nhằm theo dõi sức khỏe và hoạt động thể chất. Con số này cho thấy vai trò ngày càng quan trọng của công nghệ trong chăm sóc sức khỏe cá nhân cũng như xu hướng đầu tư vào chăm sóc bản thân của người Việt ngày càng gia tăng. ""Sự bùng nổ của smartwatch không đơn thuần chỉ là xu hướng, mà đó là dấu hiệu cho thấy người Việt đang thực sự chú tâm và đầu tư vào sức khỏe của mình một cách nghiêm túc"" , ông Ivan Lai, Giám đốc Garmin Việt Nam nhận định. Theo Straits Research, smartwatch hỗ trợ đo lường lượng oxy tiêu thụ tối đa (VO2 max), khối lượng tập luyện (Training Load) hay độ bão hòa oxy trong máu (SpO2), cùng nhịp tim, biến thiên nhịp tim (HRV), chỉ số căng thẳng, giúp đảm bảo an toàn sức khỏe khi tập luyện cường độ cao. Những chỉ số này cho phép người dùng theo dõi thể trạng, điều chỉnh cường độ tập luyện phù hợp, tối ưu hiệu suất và phát hiện sớm dấu hiệu bất thường, giúp họ kiểm soát quá trình rèn luyện và nâng cao sức khỏe một cách hiệu quả. Điều này thúc đẩy các hãng công nghệ không ngừng cải tiến sản phẩm để đáp ứng nhu cầu người dùng. Đơn cử, Garmin đã phát triển Garmin Coach - huấn luyện viên ảo giúp cá nhân hóa lộ trình tập luyện và nâng cao thành tích. Không chỉ hỗ trợ theo dõi sức khỏe, smartwatch còn trở thành người bạn đồng hành trong cuộc sống hiện đại. Thiết bị này giúp người dùng quản lý thời gian, sắp xếp công việc và thực hiện các giao dịch thông minh, mang đến sự tối ưu trong lối sống bận rộn. Hòa mình vào xu hướng thanh toán không tiền mặt, một trong những phương thức phổ biến nhất hiện nay là Garmin Pay, chỉ cần "" một chạm - trả"", giao dịch sẽ nhanh chóng thực hiện ngay trên cổ tay, hiện tính năng này đã hỗ trợ 11 ngân hàng tại Việt Nam. Giấc ngủ và sức khỏe tinh thần: Yếu tố then chốt của hạnh phúc Không chỉ giúp theo dõi hoạt động thể chất, smartwatch còn đóng vai trò quan trọng trong việc cải thiện giấc ngủ - yếu tố quyết định đến sức khỏe tổng thể. Theo Cimigo, 81% người Việt ưu tiên giấc ngủ đầy đủ để duy trì thể lực và tinh thần minh mẫn. Để làm rõ hơn về mối liên hệ mật thiết giữa giấc ngủ, hoạt động thể chất và mức độ hạnh phúc. Cũng như khám phá cách smartwatch có thể đóng góp vào hành trình sống khỏe mạnh hơn. Gần đây, Garmin đã hợp tác với Đại học Harvard và Đại học Oxford để nghiên cứu sâu hơn về yếu tố quyết định đến hạnh phúc và sức khỏe tinh thần, từ đó giúp người dùng tìm ra phương pháp tối ưu để nâng cao chất lượng cuộc sống. Kết quả bước đầu nghiên cứu cho thấy giữa giấc ngủ, luyện tập thể dục và hạnh phúc có mối liên kết mật thiết. Những yếu tố này góp phần duy trì sự ổn định cảm xúc và tác động trực tiếp đến mức độ hài lòng của mỗi cá nhân. Để làm rõ hơn về nghiên cứu này, hiện nay, Nghiên cứu Sức khỏe và Hạnh phúc đang mở rộng quy mô hơn 10.000 người trên toàn thế giới, người dùng có thể đăng ký tham gia tại đây . Ngoài ra, vào ngày 26.3 tới, Garmin sẽ sự kiện trực tuyến Garmin Health Webinar, tại đây khách mời tham dự sẽ cơ hội gặp gỡ các giáo sư từ Harvard - Oxford và cập nhật những phát hiện khoa học mới nhất về sức khỏe. Đăng ký tham gia tại đây . Tiềm năng thị trường smartwatch Việt Nam Theo Imarc Group, thị trường smartwatch tại Việt Nam dự kiến tăng trưởng 25,2% mỗi năm đến 2033. Theo ước tính từ ECDB, riêng doanh thu từ kênh bán hàng trực tuyến có thể đạt 79,6 triệu USD vào năm 2025 và tiếp tục tăng trưởng 9,8% mỗi năm giai đoạn 2025-2029. Nếu tính cả kênh bán lẻ truyền thống, con số này còn lớn hơn, phản ánh nhu cầu ngày càng cao của người tiêu dùng Việt. Nắm bắt xu hướng này, Garmin không ngừng đổi mới công nghệ và tạo dấu ấn khác biệt, đơn cử như ra mắt ứng dụng Điện tâm đồ ECG, đã được kiểm nghiệm lâm sàng và được Cục Quản lý Thực phẩm và Dược phẩm Hoa Kỳ (FDA) chứng nhận (FDA-cleared), theo đó ECG cho phép người dùng ghi lại nhịp tim hay kiểm tra các dấu hiệu của nhịp tim không đều (AFib) chỉ trong 30 giây, người dùng có thể xem kết quả nhịp tim ngay lập tức trên đồng hồ thông minh, mang đến trải nghiệm theo dõi thông số sức khỏe chính xác và khoa học cho người dùng. Garmin cũng góp phần xây dựng cộng đồng sống khỏe, năng động qua các câu lạc bộ chạy bộ GRC, câu lạc bộ xe đạp GCC cũng như tổ chức các sự kiện thể thao quy mô lớn như Garmin Run. Bên cạnh đó, Garmin triển khai chương trình ""giá cạnh tranh"" nhằm hỗ trợ người dùng tiếp cận các mẫu đồng hồ thông minh tiên tiến mà không phải lo lắng về chi phí. Nhờ vậy, Garmin ngày càng khẳng định vị thế là một trong những thương hiệu đồng hồ thông minh được tin dùng nhất, chiếm 21% giá trị thị phần đồng hồ GPS, theo báo cáo của IDC trong nửa đầu năm 2024. Trong tương lai, Garmin tiếp tục đầu tư vào các giải pháp công nghệ tiên tiến nhằm giúp người dùng hiểu rõ hơn về sức khỏe của mình, từ đó đưa ra những quyết định phù hợp để nâng cao chất lượng cuộc sống. Với sự kết hợp giữa công nghệ và lối sống lành mạnh, smartwatch sẽ dần trở thành một phần không thể thiếu trong hành trình chăm sóc sức khỏe của người Việt hiện đại. Ông Ivan Lai, Giám đốc Garmin Việt Nam",,"Garmin Việt Nam, Garmin Coach, Garmin Pay, Garmin Health Webinar",https://images2.thanhnien.vn/thumb_w/640/528068263637045248/2025/3/21/250319smartwatch-consumption-trends-in-vietnam-1-1742534166700612845270.jpg,"[""https://images2.thanhnien.vn/thumb_w/640/528068263637045248/2025/3/21/250319smartwatch-consumption-trends-in-vietnam-1-1742534166700612845270.jpg"", ""https://images2.thanhnien.vn/thumb_w/640/528068263637045248/2025/3/21/250319smartwatch-consumption-trends-in-vietnam-2-1742534166712372580215.jpg"", ""https://images2.thanhnien.vn/thumb_w/640/528068263637045248/2025/3/21/250319smartwatch-consumption-trends-in-vietnam-3-17425341666801031184722.jpg"", ""https://images2.thanhnien.vn/thumb_w/640/528068263637045248/2025/3/21/250319smartwatch-consumption-trends-in-vietnam-4-174253416671672879858.jpg""]",,2025-03-21T12:33:00+07:00,2026-07-03T14:35:17.680757,Công nghệ,,,,
18525030322132399,https://thanhnien.vn/nhat-ban-che-tao-thanh-cong-game-ban-sung-nho-nhat-the-gioi-18525030322132399.htm,thanhnien.vn,,,,,,Nhật Bản chế tạo thành công game bắn súng nhỏ nhất thế giới,Các nhà khoa học Nhật Bản đã chế tạo thành công game nhỏ nhất thế giới bằng cách sử dụng các hạt nano để tạo ra giao diện máy tính phân tử.,"Trong báo cáo khoa học được công bố trên tạp chí Japanese Journal of Applied Physics (Vật lý Ứng dụng Nhật Bản) hồi cuối tháng 2, nhóm nghiên cứu do Giáo sư Takayuki Hoshino thuộc Đại học Nagoya dẫn đầu đã phát triển một dự án được đặt tên là "" game bắn súng nhỏ nhất thế giới"". Theo các nhà khoa học, ngoài giải trí công nghệ này còn có thể được ứng dụng rộng rãi trong lĩnh vực nano , in 3D và phân phối thuốc có chủ đích. Nhóm nghiên cứu đã tìm ra cách để thao tác trên các hạt nano có kích thước khoảng một phần tỉ mét theo thời gian thực. Đây là bước tiến quan trọng trong việc tạo ra thực thể hỗn hợp nano (MR), cho phép kết hợp môi trường ảo với vật liệu nano vật lý. Trong nghiên cứu của mình, các nhà khoa học đã dùng chùm tia điện tử tốc độ cao để tạo ra trường điện và hình ảnh quang học, cho phép người chơi game kiểm soát các hạt nano theo thời gian thực. Nghiên cứu lấy cảm hứng từ các trò chơi bắn súng cổ điển với thao tác khá đơn giản. Người chơi dùng bộ điều khiển thông thường để điều chỉnh một chùm tia điện tử xuất hiện dưới dạng một phi thuyền hình tam giác trên màn hình. Chùm tia này tương tác với các quả cầu polystyrene nano ngoài đời thực, đẩy chúng ra xa như thể chúng là kẻ thù. Sự kết hợp giữa công nghệ nano vật lý với hình ảnh trên màn hình đã cho phép các nhà nghiên cứu tạo ra một trò chơi bắn súng tương tác thời gian thực. Trong video trình diễn, các kỹ sư cho thấy chính xác cách tương tác giữa các yếu tố kỹ thuật số và vật lý hoạt động như thế nào. Họ mô tả bước đột phá này là bằng chứng sống động nhất về khả năng điều khiển các vật thể cực nhỏ một cách hiệu quả nhất. ""Hệ thống phản chiếu trong game trên không gian nano vật lý thực như một hình ảnh quang học và trường lực. Nó cho phép tạo ra MR nơi các hạt nano và các thành phần kỹ thuật số tương tác"", Hoshino giải thích. ""Người chơi điều khiển một con tàu và bắn đạn vào các hạt nano thực để đẩy lùi chúng, thể hiện sự tương tác thời gian thực giữa dữ liệu kỹ thuật số và các vật thể nano vật lý"". Theo Giáo sư Takayuki Hoshino, người đứng đầu nghiên cứu, công nghệ đằng sau game bắn súng hạt nano có thể có nhiều ứng dụng vượt xa mục đích giải trí. Ví dụ, phương pháp dẫn hướng hạt nano tương tự này có thể được dùng để kiểm soát vật liệu chính xác hơn ở cấp độ vi mô, ứng dụng trực tiếp vào công nghệ in 3D. Thú vị hơn nữa, kỹ thuật này có thể được áp dụng trong khoa học y tế, giúp nhắm mục tiêu vào các tác nhân gây hại bên trong cơ thể, chẳng hạn như dẫn hướng độc tố trực tiếp đến tế bào virus để điều trị. ""Chúng tôi có thể in 3D các vật thể nano theo thời gian thực. Điều này đồng nghĩa việc thay đổi cách vật liệu được chế tạo ở quy mô nhỏ nhất"", Hoshino nói. Kỹ thuật tương tự này cũng có thể được dùng để dẫn các tác nhân đến tế bào virus trong các sinh vật sống, mang đến một phương pháp tiếp cận mới để điều trị bệnh. Theo chuyên trang Gamerant , dù trò chơi bắn súng siêu nhỏ này không giành được bất kỳ giải thưởng ""Game of the Year"" (trò chơi của năm) nào, nhưng nó vẫn là một minh chứng hấp dẫn về cách game có thể giao thoa với nghiên cứu quan trọng để cải thiện khoa học. Hình ảnh có thể nhiễu hạt và tốc độ khung hình không ổn định, nhưng kết quả tiềm năng của nó thật sự vượt xa trí tưởng tượng của chúng ta.",,"trò chơi bắn súng, công nghệ, vật liệu nano, Game, game bắn súng",,,,2025-03-04T19:55:00+07:00,2026-07-03T14:35:17.780098,Công nghệ,,,,
185260217082809539,https://thanhnien.vn/ly-do-khien-tai-nghe-co-day-dang-tro-lai-185260217082809539.htm,thanhnien.vn,,,,,,Lý do khiến tai nghe có dây đang trở lại,"Tai nghe có dây xuất hiện trở lại trên phố và mạng xã hội, gắn với phong cách sống tối giản của thế hệ trẻ ngày nay.","Đối với thế giới âm nhạc và thời trang, câu nói ""cái cũ lại thành cái mới"" luôn đúng qua từng thập kỷ. Mặc dù công nghệ không dây đã trở thành tiêu chuẩn khi nhiều điện thoại không còn giắc cắm tai nghe, thế hệ trẻ đang tìm về những giá trị đơn giản và cổ điển bằng việc lựa chọn tai nghe có dây . Giới trẻ đang xem tai nghe có dây là xu hướng thời trang mới ẢNH: GEAR PATROL Sự trở lại của tai nghe có dây không chỉ là một trào lưu thời trang mà còn phản ánh một mong muốn sâu sắc hơn: ngắt kết nối với thế giới số. Nhiều người nổi tiếng như Anthony Edwards, Steph Curry, Drake, Harry Styles và Zendaya đã được bắt gặp đeo tai nghe có dây, cho thấy ngay cả những người có khả năng chi tiền cho tai nghe không dây đắt tiền vẫn chọn trở về với những sản phẩm đơn giản hơn. Nhiều điểm mạnh từ tai nghe có dây Mối quan tâm đến tai nghe có dây không phải là ngẫu nhiên, đặc biệt khi sản phẩm được cho là mang lại nhiều lợi ích. Chúng dễ sử dụng, không cần sạc và thường có chất lượng âm thanh tốt hơn. Xu hướng trở lại với tai nghe có dây đã phát triển đến mức xuất hiện cả tài khoản Instagram mang tên ""Wireditgirls"", chuyên đăng tải hình ảnh những người nổi tiếng đeo tai nghe có dây. Shelby Hull, người sáng lập tài khoản Instagram này cho biết việc chọn tai nghe có dây không chỉ là một tuyên ngôn về phong cách mà còn thể hiện sự thờ ơ với những xu hướng công nghệ mới nhất. Điều này đặc biệt có ý nghĩa với thế hệ trẻ, giúp họ nhận ra giá trị của sự đơn giản thay vì chạy theo những sản phẩm đắt tiền. Tai nghe có dây không chỉ là một lựa chọn thời trang mà còn được xem là cách để tránh những rắc rối như mất kết nối, hết pin hay nguy cơ bị hack. Đối với một thế hệ đang tìm kiếm cách để ngắt kết nối và trở về với những giá trị truyền thống, tai nghe có dây chính là lựa chọn hoàn hảo.",,"tai nghe không dây, tai nghe, giới trẻ, thời trang",https://images2.thanhnien.vn/thumb_w/640/528068263637045248/2026/2/17/1-177129160453081139205.jpg,"[""https://images2.thanhnien.vn/thumb_w/640/528068263637045248/2026/2/17/1-177129160453081139205.jpg""]",,2026-02-17T14:39:00+07:00,2026-07-03T14:35:17.862897,Công nghệ,,,,
185251219090234175,https://thanhnien.vn/nhung-san-pham-apple-bien-mat-khoi-ke-hang-trong-nam-2025-185251219090234175.htm,thanhnien.vn,,,,,,Những sản phẩm Apple biến mất khỏi kệ hàng trong năm 2025,Năm nay Apple đã 'khai tử' hàng loạt thiết bị để dọn đường cho iPhone Air và siêu chip M5.,"Năm 2025 được giới chuyên môn đánh giá là 'bước đệm' của Apple. Trong khi chờ đợi sự bùng nổ của trí tuệ nhân tạo (AI) và Siri thế hệ mới vào năm 2026, ""táo khuyết"" đã mạnh tay tái cấu trúc dải sản phẩm của mình. Dưới đây là những cái tên đã chính thức nói lời tạm biệt trong năm nay. Apple 'thanh lọc' dòng iPhone: Tạm biệt Plus, chào đón Air Sự thay đổi lớn nhất nằm ở mảng điện thoại. Apple đã ngừng sản xuất tới 5 mẫu iPhone trong năm. Dòng iPhone SE và iPhone 14/15 : Đã lùi vào dĩ vãng để nhường chỗ cho iPhone 16e - tân binh giá rẻ với thiết kế hiện đại và chip xử lý mạnh mẽ hỗ trợ Apple Intelligence. Dòng Plus : iPhone 16 Plus chính thức là chiếc điện thoại màn hình lớn giá rẻ cuối cùng. Tháng 9.2025, Apple đã thay thế nó bằng dòng iPhone Air siêu mỏng và iPhone 17 tiêu chuẩn. iPhone 16 Pro/Pro Max : Bị thay thế bởi loạt iPhone 17 Pro với khung nhôm kính mới và hệ thống tản nhiệt buồng hơi (vapor chamber) tiên tiến, giải quyết triệt để vấn đề quá nhiệt. Hàng loạt sản phẩm của Apple đã 'xuống kệ' trong năm nay ẢNH: CHỤP MÀN HÌNH BLOOMBERG Cú sốc iPad và bước tiến của Apple Watch Người dùng iPad Air M2 có lẽ là những người 'đau lòng' nhất khi thiết bị của họ bị khai tử khi chưa tròn 1 năm tuổi, để thay thế bằng phiên bản chạy chip M3. Trong khi đó, iPad Gen 10 được nâng cấp nhẹ lên chip A16 nhưng vẫn 'lệch pha' khi không hỗ trợ AI (trí tuệ nhân tạo). Ở mảng thiết bị đeo, Apple Watch Ultra 3 đã xuất hiện để thay thế Ultra 2, mang theo kết nối 5G và vệ tinh - một nâng cấp đáng giá cho dân thám hiểm. Dòng Watch SE giá rẻ cũng được 'lên đời' mạnh mẽ với màn hình Always-On và chip S10. MacBook và Vision Pro: Kỷ nguyên chip M5 bắt đầu Dù 2025 không phải là năm bùng nổ của Mac, nhưng nó đánh dấu sự xuất hiện của chip M5 trên MacBook Pro bản cơ sở và đặc biệt là trên Vision Pro thế hệ mới. Chiếc kính Vision Pro đời đầu - sản phẩm từng gây tranh cãi - đã bị ngừng bán. Phiên bản mới chạy chip M5 hứa hẹn xử lý mượt mà hơn, màn hình đẹp hơn, dù vấn đề về pin và trọng lượng vẫn còn đó. Ngoài ra, AirPods Pro 3 với cảm biến nhịp tim cũng đã chính thức thay thế thế hệ 2, biến tai nghe thành một thiết bị theo dõi sức khỏe thực thụ. Chờ đợi gì ở năm 2026? Việc 'dọn dẹp' hàng loạt sản phẩm cũ trong năm 2025 được cho là động thái chuẩn bị cho năm 2026 bùng nổ. Giới thạo tin dự đoán Apple sẽ tung ra iPhone màn hình gập đầu tiên, kính AR và hoàn thiện hệ sinh thái nhà thông minh.",,"ngừng sản xuất, iPhone Air, chip M5, thiết bị, Watch Ultra",https://images2.thanhnien.vn/thumb_w/640/528068263637045248/2025/12/19/bloomberg-17661103299751988774012.jpg,"[""https://images2.thanhnien.vn/thumb_w/640/528068263637045248/2025/12/19/bloomberg-17661103299751988774012.jpg""]",,2025-12-19T10:09:00+07:00,2026-07-03T14:35:18.319415,Công nghệ,,,,
185241002140930046,https://thanhnien.vn/ericsson-va-mobifone-hop-tac-thanh-lap-trung-tam-doi-moi-sang-tao-5g-185241002140930046.htm,thanhnien.vn,,,,,,Ericsson và MobiFone hợp tác thành lập trung tâm đổi mới sáng tạo 5G,Ericsson và MobiFone vừa ký kết biên bản ghi nhớ (MoU) để thành lập trung tâm đổi mới sáng tạo 5G (5G Innovation Hub) tại trụ sở của MobiFone.,"Trung tâm sẽ được trang bị các thiết bị tiên tiến, màn hình tương tác và nhiều tài nguyên đào tạo phong phú, nhằm giới thiệu các ứng dụng 5G sáng tạo, thể hiện tiềm năng của 5G cho người dùng và doanh nghiệp. Ericsson và MobiFone vừa hợp tác chiến lược với nhau Ảnh: CTV Trung tâm đổi mới sáng tạo 5G được thiết kế như một không gian hợp tác để thử nghiệm mạng 5G hiện đại. Đây sẽ là nơi phát triển các ứng dụng 5G mới nhất thông qua sự phối hợp với các đối tác trong nước và quốc tế. Ericsson và MobiFone đặt mục tiêu đưa trung tâm thành một môi trường sáng tạo năng động, tạo ra các ứng dụng phục vụ cả người dùng và doanh nghiệp, đồng thời hỗ trợ các dự án nghiên cứu và phát triển (R&D). Ông Tô Mạnh Cường, Tổng Giám đốc MobiFone, chia sẻ: ""Với trung tâm đổi mới sáng tạo mới, các doanh nghiệp và các ngành tại Việt Nam sẽ hiểu rõ được tiềm năng chuyển đổi của 5G và tầm quan trọng của nó trong chiến lược phát triển dài hạn. 5G sẽ là một yếu tố then chốt thúc đẩy các sáng kiến chuyển đổi số và phát huy tối đa lợi ích của Công nghiệp 4.0"". Ericsson sẽ chia sẻ kinh nghiệm toàn cầu của mình trong việc triển khai các ứng dụng thương mại 5G, đồng thời hỗ trợ MobiFone xây dựng và duy trì hoạt động của trung tâm đổi mới sáng tạo, bao gồm cả tư vấn thiết kế và giải pháp trải nghiệm dịch vụ. Bà Rita Mokbel, Chủ tịch Ericsson Việt Nam, cho biết: ""Thông qua hợp tác với MobiFone và các đối tác khác trong hệ sinh thái tại Việt Nam, chúng tôi sẽ thúc đẩy các hoạt động sáng tạo, hỗ trợ các sáng kiến chuyển đổi số của quốc gia và mang lại lợi ích thiết thực cho doanh nghiệp. Ericsson cam kết kết nối MobiFone với các trung tâm nghiên cứu quốc tế và đối tác toàn cầu, biến trung tâm đổi mới sáng tạo 5G thành một trung tâm trải nghiệm tiên phong"". Ericsson Việt Nam cũng cam kết thúc đẩy quan hệ đối tác và các hoạt động đổi mới sáng tạo, nhằm đảm bảo Việt Nam khai thác tối đa lợi ích từ hạ tầng mạng 5G mạnh mẽ và bền vững.",,"Biên bản ghi nhớ, chuyển đổi số, chiến lược phát triển, 5G, Ericsson",https://images2.thanhnien.vn/thumb_w/640/528068263637045248/2024/10/2/hoptac-17278523412621836604955.jpg,"[""https://images2.thanhnien.vn/thumb_w/640/528068263637045248/2024/10/2/hoptac-17278523412621836604955.jpg""]",,2024-10-02T13:23:00+07:00,2026-07-03T14:35:18.676342,Công nghệ,,,,
185251225114348782,https://thanhnien.vn/gia-bitcoin-hom-nay-25122025-btc-vut-tang-trong-dem-giang-sinh-185251225114348782.htm,thanhnien.vn,,,,,,Giá Bitcoin hôm nay 25.12.2025: BTC vụt tăng trong đêm Giáng sinh,"Giá Bitcoin đã tăng khoảng 1% trong đêm Giáng sinh, tiến sát mốc 88.000 USD khi các chỉ số cho thấy bên bán dần yếu thế, thị trường đã chạm đáy, chuẩn bị cho đà tăng giá tiếp theo.","Dữ liệu từ sàn giao dịch tiền mã hóa Binance cho thấy, giá Bitcoin lúc 10 giờ 40 ngày 25.12 (theo giờ Việt Nam) đạt 87.844 USD, tăng khoảng 1% so với hôm qua. Trong đêm Giáng sinh, giá Bitcoin nhảy vọt từ 86.587 USD lên sát 88.000 USD, sau đó giảm nhẹ. Diễn biến giá Bitcoin hôm nay 25.12 ẢNH: CHỤP MÀN HÌNH Dữ liệu trên blockchain cho thấy RSI (Relative Strength Index - chỉ báo động lượng) của Bitcoin đã thoát khỏi vùng quá bán. Tín hiệu này thường xuất hiện quanh các điểm uốn quan trọng trước khi giá Bitcoin tăng trở lại. Các tín hiệu giao cắt tăng giá tương tự đã xuất hiện vào đầu năm 2019 (khi BTC chạm đáy gần 3.200 USD) và tháng 3.2020 (BTC chạm đáy 3.800 USD do Covid-19) và cuối năm 2022 (mức thấp nhất của chu kỳ khoảng 15.500 USD). Sau mỗi đợt giảm sâu này, Bitcoin đều tăng giá. Những tín hiệu này cho thấy áp lực bán trên thị trường Bitcoin có thể sớm kết thúc, thị trường sẽ sớm phục hồi. Ngoài ra, việc thợ đào Bitcoin đang rời đi cho thấy đáy thị trường đã được thiết lập. Tốc độ băm (hashrate) của Bitcoin đã giảm 4% trong tháng, tính đến ngày 15.12. Theo nhà phân tích Matt Sigel và Patrick Bush của VanEck, đây là ""tín hiệu ngược chiều tích cực"" liên quan đến sự ""đầu hàng"" của các thợ đào. Họ cho biết, các giai đoạn hashrate giảm trong lịch sử thường kéo theo lợi nhuận của Bitcoin trong tương lai. Kể từ năm 2014, Bitcoin đã ghi nhận lợi nhuận dương trong 90 ngày sau các lần tốc độ băm trên toàn mạng giảm. Một chỉ báo vĩ mô cho thấy Bitcoin có thể tăng giá trong vòng 4 - 6 tuần tới. Cụ thể, giá Bitcoin đang sát đáy khi điều kiện thanh khoản bắt đầu được cải thiện, một yếu tố trong lịch sử đã dẫn đến những đợt đảo chiều lớn của Bitcoin. Phân tích của Miad Kasravi về 105 chỉ báo cho thấy chỉ số Tình hình Tài chính Quốc gia (NFCI) thường đạt đỉnh trước đợt tăng giá của Bitcoin từ 4 đến 6 tuần. Tín hiệu này xuất hiện vào cuối năm 2022 và giữa năm 2024, khi đó Bitcoin đã tăng giá mạnh. Trong lịch sử, mỗi lần giảm 0,10 điểm tương ứng với mức tăng khoảng 15 - 20% của Bitcoin. Các chỉ số NFCI giảm sâu hơn đánh dấu các giai đoạn tăng giá kéo dài của BTC. Một yếu tố tiềm năng có thể thúc đẩy đà tăng trưởng là kế hoạch của Cục Dự trữ liên bang Mỹ về việc chuyển đổi các chứng khoán thế chấp nhà ở thành tín phiếu kho bạc. Đây là động thái được so sánh với việc bơm thanh khoản ""không phải QE"" năm 2019, từng giúp Bitcoin tăng giá 40%.",,"dự báo giá Bitcoin, Giá Bitcoin hôm nay, Thị trường tiền mã hóa",https://images2.thanhnien.vn/thumb_w/640/528068263637045248/2025/12/25/gia-bitcoin-hom-nay-2512-1766634692764842621715.png,"[""https://images2.thanhnien.vn/thumb_w/640/528068263637045248/2025/12/25/gia-bitcoin-hom-nay-2512-1766634692764842621715.png""]",,2025-12-25T14:10:00+07:00,2026-07-03T14:35:18.906719,Công nghệ,,,,
185260108213131628,https://thanhnien.vn/google-tung-loat-tinh-nang-ai-cuc-manh-cho-gmail-185260108213131628.htm,thanhnien.vn,,,,,,Google tung loạt tính năng AI cực mạnh cho Gmail,Kỷ nguyên mới của Gmail khi những tính năng AI sẽ thay bạn đọc và xử lý email.,"Theo BGR , không còn là những nâng cấp nhỏ giọt, Google đang thực hiện một cuộc cách mạng thực sự trên Gmail . Người dùng sắp được trải nghiệm một loạt công cụ quyền năng như AI Inbox, Suggested Replies (Gợi ý trả lời), AI Overviews (Tổng quan AI) và Help Me Write (Hỗ trợ viết). Google nâng cấp AI mạnh mẽ cho Gmail ẢNH: CHỤP MÀN HÌNH Gmail ngày càng thông minh khi được nâng cấp AI Tính năng gây chú ý nhất và cũng là thay đổi lớn nhất về giao diện chính là AI Inbox. Thay vì hiển thị danh sách email theo trật tự thời gian nhàm chán, AI Inbox sẽ sử dụng trí tuệ nhân tạo để quét toàn bộ hộp thư và đưa ra một bản tóm tắt nhanh, gồm: Danh sách ưu tiên : Gemini sẽ tự động xác định đâu là email cần xử lý gấp (ví dụ: vé máy bay sắp hết hạn giá rẻ, hóa đơn cần thanh toán) và đưa lên đầu. Cập nhật nhanh : AI sẽ gom các email theo chủ đề liên quan (ví dụ: tất cả email về chuyến du lịch Nhật Bản sắp tới) để bạn nắm bắt thông tin liền mạch mà không cần tìm kiếm thủ công. Tuy nhiên, tính năng này hiện chỉ mới được mở cho nhóm 'Người thử nghiệm đáng tin cậy' (Trusted Testers) trước khi phát hành rộng rãi vào cuối năm nay. Bên cạnh AI Inbox, Google cũng nâng cấp mạnh mẽ các công cụ soạn thảo: Suggested Replies : Phiên bản nâng cấp của Smart Replies, nay đã thông minh hơn khi biết bắt chước giọng điệu và phong cách riêng của người dùng. Help Me Write : Hỗ trợ soạn thảo email mới hoặc chỉnh sửa văn bản có sẵn. Sắp tới, tính năng này còn có thể lấy dữ liệu từ các ứng dụng Google khác để viết mail chính xác hơn. AI Overviews & Proofread : Tính năng trả lời câu hỏi dựa trên dữ liệu trong inbox (như ""Tôi đã mua vé đi Legoland ngày nào?"") và tính năng soát lỗi chính tả/ngữ pháp cao cấp. Lưu ý: Hai tính năng này sẽ yêu cầu gói đăng ký Gemini Premium. AI hỗ trợ chỉnh sửa và soạn thảo mail tốt hơn cho Gmail ẢNH: GOOGLE Vấn đề bảo mật: Google nói gì? Việc để AI 'đọc' email cá nhân chắc chắn dấy lên lo ngại về quyền riêng tư . Tại buổi họp báo, Google khẳng định các tính năng mới được vận hành bởi Gemini 3 trong một kiến trúc bảo mật biệt lập. Hãng cam kết không sử dụng nội dung email của người dùng để huấn luyện các phiên bản AI trong tương lai. Bên cạnh đó, hãng cũng không sử dụng dữ liệu email cho mục đích quảng cáo. Đặc biệt, người dùng luôn nắm quyền kiểm soát và các tính năng này là tùy chọn. Mặc dù vậy, với những người dùng kỹ tính, việc AI can thiệp sâu vào dữ liệu cá nhân vẫn là một dấu hỏi lớn cần thời gian để kiểm chứng. Hiện tại, các tính năng này sẽ được triển khai trước tiên tại Mỹ với ngôn ngữ tiếng Anh.",,"Gmail, Nâng cấp, xử lý email, AI Inbox",https://images2.thanhnien.vn/thumb_w/640/528068263637045248/2025/11/24/google-says-it-isnt-using-your-gmail-to-train-aitycx1248-1763956245963-1763956246654424877661.jpg,"[""https://images2.thanhnien.vn/thumb_w/640/528068263637045248/2025/11/24/google-says-it-isnt-using-your-gmail-to-train-aitycx1248-1763956245963-1763956246654424877661.jpg"", ""https://images2.thanhnien.vn/thumb_w/640/528068263637045248/2026/1/8/what-the-new-gmail-ai-tools-can-do-1767871155-1767882766879-17678827685671656145507.jpg""]",,2026-01-09T09:55:00+07:00,2026-07-03T14:35:18.917882,Công nghệ,,,,
185250710150340728,https://thanhnien.vn/sang-tao-cac-giai-phap-ve-ai-tai-aws-regional-llm-league-2025-185250710150340728.htm,thanhnien.vn,,,,,,Sáng tạo các giải pháp về AI tại AWS Regional LLM League 2025,"Regional LLM Leage 2025 vừa chính thức khép lại, đem đến sân chơi công nghệ cho giới trẻ toàn Đông Nam Á, khi mọi người có thể tiếp cận AI (trí tuệ nhân tạo) thông qua tinh chỉnh các mô hình ngôn ngữ lớn (LLM).","Được đồng tổ chức bởi Amazon Web Services (AWS) và AI Singapore (AISG), giải đấu Regional LLM Leage 2025 đã thu hút 1.300 sinh viên tham gia đến từ các cơ sở giáo dục đại học của 6 quốc gia: Việt Nam, Indonesia, Malaysia, Philippines, Singapore và Thái Lan. Cuộc thi khởi động vào tháng 1 năm nay và đã khép lại vòng chung kết trong khuôn khổ của hội nghị sinh viên phát triển AI (AISDC) tại Singapore. Sự kiện giới thiệu các ứng dụng AI trong thực tế, cơ hội nghề nghiệp và tư duy lãnh đạo thông qua chuỗi phiên thảo luận chuyên đề, hội thảo và triển lãm, với mục tiêu truyền cảm hứng và trang bị tri thức về AI. Kim Seokyung - Đại học RMIT Việt Nam, Việt Nam ( trái ) và Simon Tan, Giám đốc điều hành phía nam Đông Nam Á, Úc và New Zealand của AWS Ảnh: CTV Koo Sengmeng, Giám đốc phát triển tài năng AI, AI Singapore, phát biểu: ""LLM League bắt nguồn từ một ý tưởng táo bạo của những nhà đổi mới không ngại thử thách tại AWS - game hóa việc tinh chỉnh các mô hình LLM và khiến chúng trở nên hấp dẫn và phổ cập hơn với tất cả mọi người. AI Singapore tự hào được hợp tác với AWS để đưa những kỹ năng thiết yếu của thế kỷ 21 vào cuộc sống một cách thú vị và dễ tiếp cận"". Tham gia giải đấu, các thí sinh được cấp credit cho công cụ Amazon SageMaker JumpStart để thực hiện tinh chỉnh các mô hình Llama 3B, với mục tiêu thử thách cuối cùng: vượt qua mô hình tham chiếu Llama 70B với quy mô lớn hơn nhiều, dưới hình thức đánh giá trắc nghiệm. Sau chuỗi vòng thi khu vực và quá trình đánh giá nội bộ, các sinh viên xuất sắc nhất từ 6 quốc gia đã được mời tham dự trực tiếp vòng chung kết của giải Regional LLM League 2025, diễn ra tại khách sạn Equarius (Singapore) vào ngày 29.5. Tại đây, mỗi sinh viên được đánh giá dựa trên hai tiêu chí chính: độ chính xác của mô hình thông qua trả lời câu hỏi trắc nghiệm và khả năng tinh chỉnh prompt trực tiếp để tối ưu hóa phản hồi của mô hình AI. Giành vị trí á quân là Kim Seokyung đến từ Việt Nam, sinh viên ngành kỹ thuật phần mềm lần đầu tiên trải nghiệm việc tinh chỉnh LLM, qua đó chứng minh rằng hành trình học tập không hề xa vời. Cô chia sẻ: ""Tôi đã bắt đầu từ con số không, nhưng chỉ sau vài tuần đã có thể xây dựng một mô hình tinh chỉnh sẵn sàng cho ứng dụng thực tế.  Đây là một trải nghiệm đầy căng thẳng nhưng vô cùng xứng đáng, và giờ đây tôi hoàn toàn tự tin ứng dụng kỹ năng này vào các trường hợp sử dụng thực tế"". Xây dựng kỹ năng cá nhân vì lợi ích cộng đồng Một trong những mục tiêu quan trọng của giải đấu Regional LLM League 2025 là mang đến trải nghiệm học tập thực hành trong môi trường thực tế - các kịch bản phát triển mô hình mà thí sinh phải giải quyết đều mô phỏng những tình huống trong môi trường AI chuyên nghiệp. Sinh viên cũng được cung cấp bộ công cụ Amazon SageMaker JumpStart để huấn luyện mô hình, kiểm tra khả năng suy luận và mô phỏng triển khai. Nhờ đó, họ không chỉ phát triển và trau dồi trình độ kỹ thuật mà còn làm quen với môi trường ứng dụng thực tế. Trong bối cảnh Gen AI đang trở thành trụ cột chiến lược của chuyển đổi số, nhu cầu về nguồn nhân lực tài năng đa dạng và toàn diện càng trở nên quan trọng hơn bao giờ hết. Giải đấu Regional LLM League là minh chứng rõ ràng rằng, với những công cụ, cố vấn và cơ hội phù hợp, bất kỳ ai cũng có thể đóng góp tích cực cho tương lai của phát triển AI.",,"sinh viên, giải đấu, AI, Bảo mật, AWS",https://images2.thanhnien.vn/thumb_w/640/528068263637045248/2025/7/10/picture2-1752134109976441259539.jpg,"[""https://images2.thanhnien.vn/thumb_w/640/528068263637045248/2025/7/10/picture2-1752134109976441259539.jpg""]",,2025-07-10T14:37:00+07:00,2026-07-03T14:35:19.317581,Công nghệ,,,,
18525021900502301,https://thanhnien.vn/zebra-cac-nha-ban-le-muon-phong-ngua-that-thoat-hang-hoa-18525021900502301.htm,thanhnien.vn,,,,,,Zebra: Các nhà bán lẻ muốn phòng ngừa thất thoát hàng hóa,"Zebra Technologies Corporation vừa công bố báo cáo Nghiên cứu thường niên về mua sắm toàn cầu lần thứ 17, qua đó cho thấy các nhà bán lẻ đang quan tâm điều gì khi triển khai các giải pháp bán hàng.","Theo đó, phần lớn các nhân viên bán lẻ (84% trên toàn cầu, 72% tại châu Á - Thái Bình Dương ) bày tỏ sự lo ngại về việc thiếu các công nghệ hỗ trợ phát hiện các mối đe dọa về an toàn và hành vi phạm tội. Với việc phần lớn các nhà bán lẻ (78% toàn cầu, 80% tại châu Á - Thái Bình Dương) đang chịu áp lực lớn trong việc giảm thiểu trộm cắp và thất thoát hàng hóa, họ đã và đang đầu tư mạnh vào các công cụ công nghệ để hỗ trợ cả nhân viên tuyến đầu lẫn đội ngũ hậu cần. Trí tuệ nhân tạo ( AI ) hiện được đánh giá là công nghệ hữu ích nhất trong việc ngăn ngừa thất thoát, tiếp theo là camera, cảm biến và RFID. Ứng dụng các giải pháp công nghệ có thể giúp các nhà bán lẻ giảm thiểu rủi ro thất thoát hàng hóa Ảnh: Zebra Báo cáo cũng chỉ ra hiện chỉ có 3 trên 10 nhà bán lẻ (38% trên toàn cầu và tại châu Á - Thái Bình Dương) đang áp dụng phân tích theo quy định dựa trên AI, nhưng hơn một nửa nhà bán lẻ tham gia khảo sát (50% toàn cầu, 52% tại châu Á - Thái Bình Dương) cho biết họ đang có kế hoạch triển khai công nghệ này trong vòng 1 - 3 năm tới. Đồng thời, hơn 3 trên 10 nhà bán lẻ cũng chia sẻ kế hoạch triển khai camera và cảm biến tại quầy thanh toán tự động. Những nỗ lực này sẽ mang lại sự yên tâm hơn cho khách mua hàng, vì 78% cho biết họ cảm thấy chán nản khi các sản phẩm bị khóa hoặc bảo quản trong hộp an toàn. Bên cạnh đó, 70% người tiêu dùng cho rằng việc khó tìm thấy nhân viên hỗ trợ trong quá trình mua sắm tại cửa hàng cũng đem đến sự bất tiện đáng kể. Khách mua hàng tại khu vực châu Á - Thái Bình Dương cũng cùng chung ý kiến với các số liệu tương tự lần lượt là 79% và 70%. Ngoài ra, gần 90% nhân viên bán hàng tin rằng họ có thể cải thiện trải nghiệm khách hàng khi được trang bị các công cụ công nghệ di động, giúp đơn giản hóa giao tiếp theo thời gian thực, ưu tiên các nhiệm vụ cũng như hỗ trợ kiểm tra giá cả và hàng tồn kho. Đa số các nhà bán lẻ cũng nhận thấy công nghệ giúp nhân viên hoàn thành công việc hiệu quả hơn, vì vậy, 75% nhà bán lẻ toàn cầu (79% tại châu Á - Thái Bình Dương) cho biết họ có kế hoạch tăng cường đầu tư vào công nghệ trong năm 2025. Ngành bán lẻ Việt Nam đẩy nhanh chuyển đổi số Trong khi đó, ngành bán lẻ Việt Nam đang nhanh chóng thúc đẩy chuyển đổi số, với chiến lược dữ liệu và đa dạng hóa kênh bán hàng, được các nhà bán lẻ áp dụng để tối ưu hóa chi phí và cải thiện hoạt động. Theo Tổng cục Thống kê (GSO), doanh thu bán lẻ hàng tiêu dùng và dịch vụ tại Việt Nam tăng 8,5% so với cùng kỳ năm trước, đạt hơn 5.246 nghìn tỉ đồng (207,5 tỉ USD) từ tháng 1 đến tháng 10.2024. Bộ Công thương dự báo thị trường bán lẻ Việt Nam sẽ đạt 350 tỉ USD vào năm 2025, phản ánh sự phát triển mạnh mẽ của ngành. Ông Christanto Suryadarma, Phó chủ tịch phụ trách bán hàng khu vực Đông Nam Á (SEA), Hàn Quốc và Kênh khu vực APJeC, Zebra Technologies cho biết: ""Nhiều doanh nghiệp bán lẻ tại Việt Nam đang xây dựng nền tảng vững chắc để mang đến những trải nghiệm cửa hàng hiện đại. Thông qua việc đầu tư vào công nghệ di động và thông minh, các doanh nghiệp có thể nâng cao khả năng hiển thị giám sát, tăng cường quyết định hoạt động và hỗ trợ thuận lợi cho đội ngũ nhân viên. Điều này sẽ cải thiện trải nghiệm của khách hàng, giúp ngành bán lẻ phát triển bền vững. Những nỗ lực này đang định hình lại bối cảnh bán lẻ tại Việt Nam, giúp các doanh nghiệp địa phương tận dụng tiềm năng của công nghệ Zebra để tối ưu hóa hoạt động và đáp ứng nhu cầu của một thị trường đang phát triển mạnh mẽ"". Ông Christanto nói thêm: ""Bằng cách triển khai các công nghệ tiên tiến như máy tính bảng Android dành cho doanh nghiệp ET4x, máy kiểm kho TC22/27, máy đọc mã vạch cố định SP72 series, máy đọc mã vạch bluetooth đeo tay RS2100, đầu đọc RFID cố định FX7500 và thiết bị di động FD40 UHD RFID Sled, chúng tôi sẽ giúp các nhà bán lẻ giải quyết những thách thức kinh doanh hiện tại. Những giải pháp này được thiết kế để giải quyết các vấn đề như tình trạng hết hàng, đồng thời trao quyền cho các nhân viên để cung cấp trải nghiệm khách hàng liền mạch, đáp ứng nhu cầu ngày càng cao của người tiêu dùng hiện đại"".",,"công nghệ, RFID, Máy tính, Zebra",https://images2.thanhnien.vn/thumb_w/640/528068263637045248/2025/2/18/ai-17399009075982107573029.png,"[""https://images2.thanhnien.vn/thumb_w/640/528068263637045248/2025/2/18/ai-17399009075982107573029.png""]",,2025-02-19T06:49:00+07:00,2026-07-03T14:35:19.478712,Công nghệ,,,,
185250224103455526,https://thanhnien.vn/iphone-16e-cho-thay-apple-tu-bo-phan-khuc-tam-trung-185250224103455526.htm,thanhnien.vn,,,,,,iPhone 16e cho thấy Apple từ bỏ phân khúc tầm trung,Apple vừa chính thức ngừng sản xuất mẫu điện thoại iPhone SE có giá khởi điểm 429 USD để thay bằng iPhone 16e có giá 599 USD.,"Điều này đồng nghĩa với việc chi phí để gia nhập hệ sinh thái iOS, người tiêu dùng phải chi thêm đến 170 USD cho chiếc iPhone 16e có giá rẻ nhất. Kết quả là người dùng sẽ phải đưa ra một trong hai lựa chọn: tiếp tục hoặc từ bỏ. Mặc dù Apple quảng bá iPhone 16e như một thành viên trong gia đình iPhone 16, nhưng thực tế sản phẩm này lại không có nhiều điểm nổi bật. Với thiết kế có notch, camera sau 48 MP đơn giản và không có nút Camera Control mới, iPhone 16e dường như không đáp ứng được kỳ vọng của người tiêu dùng về một sản phẩm cao cấp. Thêm vào đó, chiếc điện thoại này sử dụng phiên bản chip A18 kém hơn và modem nội bộ không hỗ trợ Wi-Fi 7 hay mmWave 5G khiến cho giá trị của nó trở nên đáng nghi ngờ. Cái giá tối thiểu mà người dùng phải trả để gia nhập hệ sinh thái iOS là 599 USD ẢNH: APPLE Đối với người dùng quốc tế, giá trị của iPhone 16e càng trở nên kém hấp dẫn do các khoản thuế và nghĩa vụ, khiến cho việc sở hữu sản phẩm này trở nên đắt đỏ hơn. Nếu không phải là một tín đồ trung thành của Apple và không muốn chi thêm 200 USD cho iPhone 16, việc lựa chọn iPhone 16e có vẻ không hợp lý. Trước đây, iPhone SE đã không thể tạo được ấn tượng mạnh mẽ trên thị trường do thiết kế lỗi thời và tính năng hạn chế. Việc ngừng sản xuất iPhone SE và ra mắt iPhone 16e cho thấy Apple đã từ bỏ nỗ lực phục vụ phân khúc thị trường tầm trung, đồng thời khẳng định rõ ràng hơn về định hướng cao cấp của mình. Vẫn còn nhiều lựa chọn tầm trung sáng giá Trong khi Apple gặp khó khăn trong việc phát triển sản phẩm tầm trung, Google lại nổi bật với dòng sản phẩm Pixel a, mang đến sự kết hợp hoàn hảo giữa giá cả và tính năng. Ngoài ra, nhiều sản phẩm từ các thương hiệu Trung Quốc như Xiaomi lại mang đến nhiều lựa chọn cân bằng tốt giữa giá bán và phần cứng. Cuối cùng, quyết định của Apple cho thấy họ đang tập trung vào việc củng cố thương hiệu cao cấp của mình. Người dùng vẫn có thể tìm kiếm các lựa chọn khác, chẳng hạn như tham gia chương trình đổi trả hoặc mua iPhone đã qua sử dụng để có thể trải nghiệm sản phẩm của Apple mà không phải chi quá nhiều tiền.",,"smartphone tầm trung, IPhone 16, điện thoại cao cấp",https://images2.thanhnien.vn/thumb_w/640/528068263637045248/2025/2/24/1-1740367946546974516160.jpg,"[""https://images2.thanhnien.vn/thumb_w/640/528068263637045248/2025/2/24/1-1740367946546974516160.jpg""]",,2025-02-24T20:58:00+07:00,2026-07-03T14:35:19.581033,Công nghệ,,,,
185260116153031078,https://thanhnien.vn/vi-sao-nhieu-nguoi-cho-rang-tv-qled-ben-hon-oled-185260116153031078.htm,thanhnien.vn,,,,,,Vì sao nhiều người cho rằng TV QLED bền hơn OLED?,"Khi quyết định mua một TV mới, nhiều người thường đặt ra câu hỏi về độ bền của hai công nghệ màn hình hàng đầu hiện nay: OLED và QLED.","Cả OLED và QLED đều chiếm lĩnh thị trường TV cao cấp, và với mức giá cao, không ít người ắt hẳn kỳ vọng chúng sẽ có tuổi thọ lâu dài. Chính vì vậy, độ bền giữa OLED và QLED trở thành yếu tố quan trọng khi lựa chọn giữa hai công nghệ. Nhiều yếu tố khác nhau khiến TV QLED có tuổi thọ bền hơn so với OLED ẢNH: RTINGS TV QLED thường có tuổi thọ cao hơn so với TV OLED nhờ vào công nghệ tiên tiến sử dụng đèn LED vô cơ, cho phép QLED chịu được thời gian sử dụng lâu dài hơn. Tuy nhiên, điều đó không có nghĩa TV OLED dễ hỏng hay chất lượng kém. Việc lựa chọn công nghệ tấm nền phù hợp đảm bảo TV vẫn là một phần chức năng của gia đình mà không bị giảm chất lượng đáng kể theo thời gian. Những lợi thế của QLED so với OLED Một trong những mối lo ngại lớn nhất của người dùng đối với TV OLED là hiện tượng lưu ảnh (burn-in), xảy ra khi các điểm ảnh bị hao mòn do hiển thị cùng một hình ảnh trong thời gian dài. Ví dụ, việc xem một kênh trong nhiều giờ có thể khiến logo của kênh đó bị để bóng lại trên màn hình, từ đó làm giảm chất lượng hình ảnh. Ngược lại, công nghệ QLED khắc phục được vấn đề này nhờ vào khả năng chống hư hại của đèn LED vô cơ, giúp màn hình QLED có tuổi thọ cao hơn, đặc biệt trong các tác vụ cường độ cao như chơi game. Nhưng ngay cả khi TV QLED có khả năng chống chịu tốt hơn, chúng không hoàn toàn miễn nhiễm với hư hỏng. Một số lỗi nhỏ vẫn có thể xảy ra theo thời gian, nhưng phần cứng QLED giúp giảm thiểu nguy cơ hư hỏng vĩnh viễn, điều mà công nghệ OLED thường gặp phải. Ngoài hiện tượng lưu ảnh, sự suy giảm chất lượng hình ảnh cũng là một yếu tố cần xem xét. Quá trình này diễn ra nhanh hơn trên OLED do các điểm ảnh có thể bị hỏng không đồng đều sau hàng nghìn giờ hoạt động. Kết quả là độ sáng giảm và sự thay đổi về độ chính xác màu sắc khi tấm nền lão hóa. Trong khi đó, TV QLED thường duy trì chất lượng hình ảnh gần với vẻ ngoài ban đầu trong thời gian dài hơn. Cuối cùng, cả hai loại TV đều có khả năng gặp sự cố vào khoảng năm thứ 5 đến năm thứ 7 sử dụng. Mặc dù những vấn đề này thường có thể được sửa chữa dễ dàng hơn so với lỗi màn hình, nhưng đây là tuổi thọ trung bình của một chiếc TV hiện đại. Việc lựa chọn công nghệ tấm nền phù hợp sẽ giúp đảm bảo rằng TV vẫn hoạt động tốt và không giảm chất lượng theo thời gian.",,"OLED, công nghệ màn hình, Smart tv, kinh nghiệm mua sắm, so sánh sản phẩm",https://images2.thanhnien.vn/thumb_w/640/528068263637045248/2026/1/16/1-17685521294041819055860.jpg,"[""https://images2.thanhnien.vn/thumb_w/640/528068263637045248/2026/1/16/1-17685521294041819055860.jpg""]",,2026-01-16T20:19:00+07:00,2026-07-03T14:35:19.635574,Công nghệ,,,,
185240416103439267,https://thanhnien.vn/bookingcom-tro-thanh-muc-tieu-lua-dao-tren-khap-the-gioi-185240416103439267.htm,thanhnien.vn,,,,,,Booking.com trở thành mục tiêu lừa đảo trên khắp thế giới,"Trang web đặt vé du lịch Booking.com trở thành mục tiêu của các cuộc tấn công lừa đảo trên phạm vi toàn cầu. Mới nhất, hơn 100 khách sạn tại Nhật Bản đã là nạn nhân của cuộc tấn công này.","Theo Japan Today , một số khách sạn đã nhận được khiếu nại từ khách hàng cho rằng họ bị mất tiền khi đặt phòng qua Booking.com . Do tình huống này xảy ra nhiều lần nên Tổng cục Du lịch Nhật Bản đã đề nghị tiến hành điều tra sự việc. Booking.com sẽ không yêu cầu thông tin chi tiết việc thanh toán qua trò chuyện hoặc email BLEEPING COMPUTER Không chỉ riêng Nhật Bản, một báo cáo từ CNN cho biết, một người dùng tại Porto (Bồ Đào Nha) cũng gặp phải điều tương tự. Theo thông tin chia sẻ, người này nhận được một quảng cáo có những bình luận tích cực, mức giá hấp dẫn và đã được Booking.com xác nhận. Tuy nhiên, tất cả đều là lừa đảo. Vài ngày sau khi đặt chỗ, người dùng này nhận được thông báo: “Tên tôi là Andreas. Bạn đã đặt phòng tại chỗ ở của chúng tôi nhưng thẻ của bạn không hợp lệ. Bạn có thể nhập thông tin thẻ của mình và vấn đề sẽ được giải quyết”. Sau khi gợi ý, người dùng điền lại dữ liệu. Vấn đề là ngay khi điều này xảy ra, nạn nhân không thể liên lạc được với đầu bên kia. Trong nghiên cứu nâng cao được thực hiện bởi chuyên gia an ninh mạng Piyokango, dữ liệu đáng báo động về các cuộc tấn công đã được phát hiện. Theo Piyokango, kể từ tháng 6.2023, 118 công ty lưu trú đã trở thành nạn nhân của lừa đảo. Các hacker đã gửi email đến các khách sạn với mục đích truy cập nội dung bí mật của Booking.com. Trong email chứa một liên kết độc hại và khi người dùng nhấp vào đó, máy tính sẽ bị nhiễm độc. Sau khi truy cập vào hệ thống của Booking.com, hacker gửi yêu cầu thanh toán cho khách hàng. Những người này thường không nghi ngờ gì và sẵn sàng trả số tiền được đề cập. Sau đó, họ nhận được thông báo cho biết thời gian lưu trú của họ đã bị hủy vì không thanh toán trước. Japan Today đưa ra một ví dụ xảy ra vào tháng 8.2023. Theo nguồn tin, một khách sạn nhận được email khiếu nại gây dị ứng cho con gái của một khách hàng lưu trú tại đây. Sau khi nhân viên khách sạn nhấp vào liên kết, hacker đã có được quyền truy cập vào các dữ liệu nhạy cảm . Một nhân viên tại khách sạn cho biết, tin tặc đã lợi dụng mong muốn của khách sạn là cố gắng hết sức để đáp ứng yêu cầu của khách hàng nhằm thực hiện cuộc tấn công. Ở châu Âu, những trường hợp tương tự bắt đầu xảy ra vào năm 2022. Tuy nhiên, vấn đề đã lan sang các châu lục khác. Vào tháng 12.2023, Booking.com thông báo công ty không yêu cầu thông tin chi tiết việc thanh toán qua trò chuyện hoặc email.",,"đặt phòng trực tuyến, lừa đảo, Dịch vụ trực tuyến, khách sạn, an ninh mạng",https://images2.thanhnien.vn/thumb_w/640/528068263637045248/2024/4/16/1-17132381840891962126952.jpg,"[""https://images2.thanhnien.vn/thumb_w/640/528068263637045248/2024/4/16/1-17132381840891962126952.jpg""]",,2024-04-16T10:54:00+07:00,2026-07-03T14:35:19.930271,Công nghệ,,,,
185250629094258,https://thanhnien.vn/meo-giup-dien-thoai-sac-pin-nhanh-hon-185250629094258.htm,thanhnien.vn,,,,,,Mẹo giúp điện thoại sạc pin nhanh hơn,Có đến 99% người dùng đang mắc sai lầm khiến tốc độ sạc pin điện thoại chậm đi đáng kể.,"Bạn có đang bực bội vì chiếc điện thoại sạc mãi không đầy pin? Đừng vội đổ lỗi cho thiết bị hay củ sạc. Thủ phạm thực sự có thể đang nằm ngay trước mắt bạn, đó là sợi cáp sạc . Một sai lầm tưởng chừng vô hại trong việc chọn dây sạc đang âm thầm làm giảm đáng kể tốc độ sạc pin của hàng triệu người dùng. Chọn sai cáp sạc sẽ 'bóp nghẹt' tốc độ sạc pin điện thoại Trong mỗi gia đình, việc có đến hàng chục sợi cáp sạc USB là điều bình thường. Chúng ta thường ưu tiên những sợi cáp dài vì sự tiện lợi, có thể thoải mái sử dụng điện thoại ngay cả khi đang sạc. Tuy nhiên, sự tiện lợi này lại phải trả một cái giá đắt là thời gian sạc bị kéo dài. Cáp sạc quá dài sẽ khiến điện thoại sạc chậm hơn ẢNH: CHỤP MÀN HÌNH ADAFRUIT Tốc độ sạc không chỉ phụ thuộc vào củ sạc và điện thoại. Sợi cáp, với vai trò là cầu nối truyền tải năng lượng, chính là một 'điểm nghẽn' quan trọng nhưng thường bị bỏ qua. Một sợi cáp không đạt chuẩn có thể làm giảm hiệu suất ngay cả với bộ sạc tốt nhất. Nguyên nhân nằm ở điện trở. Bất kỳ sợi dây dẫn nào cũng có điện trở, gây ra sự hao hụt công suất khi dòng điện chạy qua. Năng lượng mất đi này sẽ biến thành nhiệt thay vì đi vào pin của bạn. Mức độ hao hụt phụ thuộc vào 3 yếu tố chính: Độ dài cáp: Cáp càng dài, điện trở càng lớn, năng lượng thất thoát càng nhiều. Đây chính là lý do lớn nhất khiến sạc pin chậm. Độ dày dây dẫn: Dây dẫn bên trong càng dày, điện trở càng thấp, cho phép dòng điện lớn đi qua với ít tổn thất hơn. Chất lượng vật liệu: Dây đồng nguyên chất dẫn điện tốt hơn nhiều so với các loại dây nhôm hay hợp kim rẻ tiền. Đáng nói là tiêu chuẩn kỹ thuật của cáp USB-C không có quy định khắt khe về các yếu tố này, dẫn đến chất lượng và hiệu suất sạc giữa các loại cáp trên thị trường có sự chênh lệch rất lớn. Thử nghiệm thực tế  với kết quả bất ngờ Một thử nghiệm đơn giản của trang công nghệ Android Police cho thấy sự khác biệt đáng kinh ngạc. Khi sạc một chiếc điện thoại từ 5 - 100%: Với dây sạc dài 2 mét, thời gian sạc mất 90 phút. Khi đổi sang dây sạc ngắn hơn là 1 mét, thời gian sạc giảm xuống chỉ còn 75 phút - nhanh hơn 15 phút. Sự khác biệt còn rõ rệt hơn trong 30 phút đầu tiên. Dây dài chỉ sạc được từ 5% lên 36%, trong khi dây ngắn hơn sạc được từ 5% lên tới 56% trong cùng khoảng thời gian. Đừng tin vào những gì bạn thấy Điều gây nhầm lẫn là ngay cả khi dùng dây sạc 'dỏm', điện thoại của bạn vẫn có thể hiển thị thông báo đang sạc nhanh . Chỉ báo này chỉ xác nhận rằng các thiết bị tương thích về mặt giao thức, chứ không đảm bảo tốc độ sạc thực tế sẽ đạt mức tối đa. Ngay cả khi trên vỏ cáp ghi thông số '100W', nó cũng không cho biết hiệu suất truyền tải năng lượng thực sự là bao nhiêu. Vì vậy, nếu điện thoại của bạn sạc chậm hơn bình thường, trước khi nghĩ đến việc thay điện thoại hay mua củ sạc mới, hãy thử thay thế sợi cáp bạn đang dùng bằng một sợi cáp ngắn hơn, có thương hiệu uy tín. Rất có thể, giải pháp cho vấn đề của bạn lại đơn giản và không tốn kém đến vậy.",,"dây sạc, Sạc pin, năng lượng, Hiệu suất, tốc độ, Điện trở, Pin, Truyền tải",https://images2.thanhnien.vn/thumb_w/640/528068263637045248/2025/6/29/6029-02-1751165222577-17511652237732114013608.jpg,"[""https://images2.thanhnien.vn/thumb_w/640/528068263637045248/2025/6/29/6029-02-1751165222577-17511652237732114013608.jpg""]",,2025-06-30T19:36:00+07:00,2026-07-03T14:35:20.283576,Công nghệ,,,,
185250605221800222,https://thanhnien.vn/than-dong-14-tuoi-tao-ra-ung-dung-smartphone-phat-hien-benh-tim-185250605221800222.htm,thanhnien.vn,,,,,,Thần đồng 14 tuổi tạo ra ứng dụng smartphone phát hiện bệnh tim,Cậu bé 14 tuổi gây chấn động khi tạo ra ứng dụng phát hiện bệnh tim gần như tức thì chỉ với chiếc smartphone.,"Theo BGR , mặc dù còn trong độ tuổi mà nhiều bạn bè đang miệt mài với sách vở, nhưng cậu bé Siddarth Nandyala 14 tuổi, xuất thân từ thành phố Anantapur (Ấn Độ) và hiện sinh sống tại Mỹ, đã tạo ra một bước đột phá y tế tiềm năng với ứng dụng 'Circadian AI', có khả năng phát hiện sớm các dấu hiệu bệnh tim mạch chỉ trong vài giây bằng cách sử dụng smartphone. Sáng kiến này hứa hẹn sẽ là công cụ đắc lực cho việc can thiệp sớm, đặc biệt tại những khu vực y tế còn hạn chế. Cậu bé Siddarth Nandyala phát triển thành công ứng dụng phát hiện bệnh tim ẢNH: CHỤP MÀN HÌNH Ứng dụng phát hiện bệnh tim nhanh chóng được tạo ra bởi cậu bé 14 tuổi Bệnh tim mạch là nguyên nhân gây tử vong hàng đầu thế giới, nhưng các triệu chứng ban đầu thường bị bỏ qua do việc chẩn đoán đòi hỏi các xét nghiệm xâm lấn, tốn kém và không phải lúc nào cũng sẵn có. Nhận thấy vấn đề này, Nandyala đã phát triển Circadian AI như một giải pháp sàng lọc không xâm lấn, chi phí thấp. Theo tạp chí Smithsonian , ứng dụng này sử dụng micro của smartphone để ghi lại nhịp tim người dùng. Âm thanh sau đó được xử lý bằng công nghệ khử nhiễu tiên tiến và phân tích trên nền tảng đám mây bởi một mô hình học máy. Chỉ trong vài giây, Circadian AI có thể nhận diện các dấu hiệu bất thường liên quan đến rối loạn nhịp tim, vấn đề về van tim, suy tim giai đoạn đầu hay bệnh động mạch vành. Kết quả được trình bày dưới dạng tóm tắt, chỉ ra các điểm đáng ngờ và khuyến nghị người dùng thực hiện các kiểm tra chuyên sâu hơn nếu cần. Dù không thể thay thế hoàn toàn các thiết bị y tế chuyên dụng như điện tâm đồ (ECG), Circadian AI được xem là một công cụ sàng lọc sớm cực kỳ hiệu quả. Ứng dụng đã được thử nghiệm lâm sàng tại Mỹ với khoảng 15.000 người và tại Ấn Độ với khoảng 3.500 người, cho kết quả phát hiện dấu hiệu bệnh tim với độ chính xác ấn tượng, lên đến hơn 96%, và đã được xác nhận bằng các phương pháp chẩn đoán truyền thống. Hiện tại, ứng dụng đang trong quá trình xem xét pháp lý và xác nhận lâm sàng, tạm thời chỉ dành cho các chuyên gia y tế sử dụng. Không dừng lại ở đó, Nandyala còn đang ấp ủ kế hoạch mở rộng Circadian AI để phát hiện các bệnh về phổi như viêm phổi và thuyên tắc phổi, cũng dựa trên phân tích âm thanh. Thành tựu của cậu bé 14 tuổi này một lần nữa khẳng định vai trò và tiềm năng to lớn của trí tuệ nhân tạo (AI) trong lĩnh vực y tế, giúp việc chẩn đoán bệnh trở nên dễ dàng hơn.",,"AI, y tế, ứng dụng, Phát hiện, viêm phổi, Nhịp tim, smartphone, Tim mạch, công cụ, Siddarth Nandyala",https://images2.thanhnien.vn/thumb_w/640/528068263637045248/2025/6/5/tim-17491367199022004104047.jpg,"[""https://images2.thanhnien.vn/thumb_w/640/528068263637045248/2025/6/5/tim-17491367199022004104047.jpg""]",,2025-06-08T19:29:00+07:00,2026-07-03T14:35:20.532553,Công nghệ,,,,
185251102071245535,https://thanhnien.vn/one-ui-8-cap-ben-bo-doi-dien-thoai-galaxy-sieu-re-185251102071245535.htm,thanhnien.vn,,,,,,One UI 8 cập bến bộ đôi điện thoại Galaxy siêu rẻ,Samsung đang trong giai đoạn cuối cùng của việc triển khai bản cập nhật One UI 8 cho các mẫu điện thoại Galaxy giá siêu rẻ của hãng.,"Trong khi nhiều nhà sản xuất thiết bị gốc (OEM) Trung Quốc đang công bố kế hoạch phát hành Android 16 (nền tảng của One UI 8), Samsung đã nhanh chóng hoàn tất việc phân phối đến các thiết bị của mình. Hai thành viên mới nhất nhận One UI 8 bao gồm Galaxy A06 và A07. One UI 8 không chỉ mang đến các tính năng mới mà còn các bản vá bảo mật cho Galaxy A06 và A07 ẢNH: SAMMY FANS Bản cập nhật One UI 8 đã bắt đầu được phát hành cho các thiết bị nói trên tại khu vực Đông Nam Á và dự kiến sớm phát hành trên toàn cầu trong vài ngày tới. Người dùng có thể kiểm tra bản cập nhật cho thiết bị của mình thông qua mã phiên bản phần mềm như sau: A075FXXU1BYJA (Galaxy A07) và A065FXXU7CYJ8 (Galaxy A06). Lý do người dùng nên cập nhật One UI 8 One UI 8 không chỉ mang đến giao diện mới mà còn bao gồm các bản vá bảo mật quan trọng. Galaxy A07 sẽ nhận được bản vá bảo mật mới nhất vào tháng 10.2025, trong khi Galaxy A06 sẽ được nâng cấp bảo mật với bản vá tháng 9.2025. Bản cập nhật này cung cấp nhiều tính năng mới và cải tiến, đồng thời tăng cường tính ổn định và bảo mật thông qua việc tối ưu hóa chức năng của nhiều ứng dụng hệ thống và bên thứ ba. Trải nghiệm Quick Share cũng được cải thiện với giao diện chuyên dụng, chia thành hai phần: Gửi và Nhận. Các ứng dụng gốc như Lịch, Đồng hồ và Nhắc nhở cũng đã được cập nhật thiết kế. Mặc dù One UI 8 không có nhiều thay đổi lớn về mặt thiết kế so với One UI 7 nhưng bản cập nhật này tập trung vào việc tinh chỉnh giao diện, mang đến sự gọn gàng và dễ sử dụng hơn. Phiên bản này cũng đơn giản hóa trải nghiệm người dùng bằng cách tích hợp các tính năng chính vào mục Cài đặt. Để cập nhật One UI 8 cho thiết bị của mình, người dùng hãy vào Cài đặt > Cập nhật phần mềm > Tải xuống và cài đặt.",,"Samsung, Galaxy A07, Galaxy A06, bản cập nhật, Android 16, điện thoại giá rẻ",https://images2.thanhnien.vn/thumb_w/640/528068263637045248/2025/11/2/1-17620422710271024153226.jpg,"[""https://images2.thanhnien.vn/thumb_w/640/528068263637045248/2025/11/2/1-17620422710271024153226.jpg""]",,2025-11-02T08:06:00+07:00,2026-07-03T14:35:21.738807,Công nghệ,,,,
185250305111451179,https://thanhnien.vn/cach-giup-youtube-dua-ra-goi-y-video-phu-hop-nhat-185250305111451179.htm,thanhnien.vn,,,,,,Cách giúp YouTube đưa ra gợi ý video phù hợp nhất,"Thuật toán YouTube có thể gây khó khăn cho người dùng khi chỉ cần một cú nhấp chuột sai, nguồn cấp dữ liệu có thể tràn ngập những video không liên quan.","Để tránh những gợi ý không mong muốn này, người dùng có thể tham khảo hướng dẫn dưới đây nhằm cải thiện trải nghiệm xem video trên YouTube của mình. Lịch sử xem video ảnh hưởng đến các gợi ý từ YouTube ẢNH: REUTERS Xóa lịch sử xem YouTube xây dựng hồ sơ người dùng dựa trên lịch sử xem, tìm kiếm, đăng ký kênh, cũng như các phản hồi như ""Không quan tâm"" và ""Không đề xuất kênh"". Nếu muốn khám phá sở thích mới và các video hiện tại không còn phù hợp, việc xóa lịch sử xem có thể là giải pháp hữu ích. Trước khi thực hiện, hãy lưu lại những video mà mình muốn giữ trong mục ""Xem sau"" hoặc danh sách phát khác. Để xóa lịch sử xem, người dùng chỉ cần mở YouTube trên trình duyệt, vào menu bên trái và chọn ""Video đã xem"". Tại đây, chọn ""Xóa tất cả nhật ký xem"" từ thanh bên phải. Ngoài ra, người dùng cũng có thể tắt lịch sử xem để làm cho các đề xuất trở nên ngẫu nhiên hơn. Tuy nhiên, để nhận được các đề xuất, người dùng cần ít nhất một video trong lịch sử xem, nếu không trang chủ sẽ chỉ hiển thị thanh tìm kiếm và menu bên trái. Chọn lọc video trên YouTube Sau khi xóa lịch sử xem, người dùng có thể bắt đầu xây dựng lại hồ sơ đề xuất bằng cách tìm kiếm và xem những video liên quan đến sở thích hiện tại của mình. Thuật toán của YouTube dựa vào lịch sử xem để đưa ra gợi ý nội dung, vì vậy hãy tránh nhấp vào các video không liên quan, ngay cả khi chỉ tò mò. Nếu cần, người dùng cũng có thể xóa từng video khỏi lịch sử xem của mình. Cần chọn lọc các video mà mình xem trên YouTube ẢNH: CHỤP MÀN HÌNH Mẹo: Nếu muốn khám phá một chủ đề mới mà không làm ảnh hưởng đến các đề xuất, hãy tạm dừng lịch sử xem bằng cách vào ""Video đã xem"" và chọn ""Tạm dừng lưu nhật ký xem"". Chỉ thích video yêu thích Người dùng cũng cần chú ý đến việc sử dụng nút ""Thích"" khi đây là một tín hiệu quan trọng cho thuật toán của nền tảng này. Nhiều YouTuber thường kêu gọi người xem nhấn ""Thích"" và bình luận, tuy nhiên người dùng chỉ nên chọn lọc những video thực sự yêu thích để nhận được những gợi ý phù hợp hơn. Lượt ""Thích"" nên được dành cho những nội dung mà người dùng muốn xem nhiều hơn, thay vì những video chỉ ""hơi thú vị"". Mặc dù YouTube đã ngừng hiển thị số lượt ""Không thích"" nhưng hành động này vẫn ảnh hưởng đến thuật toán đề xuất. Việc không thích một video sẽ gửi tín hiệu đến YouTube để giảm thiểu các nội dung tương tự trong tương lai. Để tinh chỉnh thêm các đề xuất, người dùng có thể xóa lượt ""Thích"" khỏi những video mà mình không còn quan tâm. Danh sách video đã thích có thể được truy cập từ menu bên trái. Để xóa video khỏi danh sách này, chỉ cần nhấp vào biểu tượng menu bên cạnh video và chọn ""Xóa khỏi video đã thích"". Kiểm soát lịch sử tìm kiếm Lịch sử tìm kiếm cũng đóng vai trò quan trọng trong việc ảnh hưởng đến các đề xuất trên trang chủ, mặc dù không mạnh mẽ bằng lịch sử xem. Người dùng có thể chỉnh sửa, tạm dừng hoặc xóa lịch sử tìm kiếm theo ý muốn. Việc kiểm soát lịch sử tìm kiếm cũng rất hữu ích ẢNH: CHỤP MÀN HÌNH Để tạm dừng, hãy nhấp vào ảnh hồ sơ, chọn ""Dữ liệu của bạn trong YouTube"", sau đó tắt tùy chọn ""Bao gồm cả nội dung bạn tìm kiếm trên YouTube"" trong phần ""Nhật ký hoạt động trên YouTube"". Điều này sẽ giảm bớt sự lộn xộn trong tìm kiếm và không muốn các tìm kiếm ảnh hưởng đến đề xuất. Mặc dù không có tùy chọn riêng để xóa lịch sử tìm kiếm, người dùng có thể quản lý lịch sử và xóa tất cả hoạt động trong một khoảng thời gian nhất định hoặc xóa hoàn toàn. Sử dụng chủ đề để lọc các đề xuất Nguồn cấp dữ liệu trang chủ thường hiển thị một số chủ đề mà người dùng đã thể hiện sự quan tâm. Nhấp vào một chủ đề sẽ mở ra một nguồn cấp dữ liệu gồm các video liên quan. YouTube sử dụng lịch sử xem của người dùng để xác định các chủ đề được đề xuất, từ đó giúp họ tìm thấy những video mà mình thực sự muốn xem.",,"Google, Video, Thuật toán, Cá nhân hóa",https://images2.thanhnien.vn/thumb_w/640/528068263637045248/2025/3/5/1-17411476926851740238514.jpg,"[""https://images2.thanhnien.vn/thumb_w/640/528068263637045248/2025/3/5/1-17411476926851740238514.jpg"", ""https://images2.thanhnien.vn/thumb_w/640/528068263637045248/2025/3/5/2-17411478039341442775561.jpg"", ""https://images2.thanhnien.vn/thumb_w/640/528068263637045248/2025/3/5/3-174114795551518562902.jpg""]",,2025-03-08T07:46:00+07:00,2026-07-03T14:35:21.826483,Công nghệ,,,,
185250826084504949,https://thanhnien.vn/them-thong-tin-ve-hai-mau-moi-cua-dong-iphone-17-185250826084504949.htm,thanhnien.vn,,,,,,Thêm thông tin về hai màu mới của dòng iPhone 17,Chuyên gia Mark Gurman của Bloomberg xác nhận Apple sẽ cung cấp iPhone 17 Pro và 17 Pro Max sắp ra mắt với màu cam mới.,"Trong bản tin Power On mới nhất của mình, ông Gurman tiết lộ thông tin thú vị về dòng sản phẩm iPhone 17 sắp ra mắt. Theo đó, mẫu điện thoại thay thế cho iPhone 16 Plus có tên iPhone 17 Air sẽ được mang đến lựa chọn màu xanh lam mới. Trong khi đó, iPhone 17 Pro và 17 Pro Max sẽ có lựa chọn màu cam. Màu cam sẽ thay thế màu titan sa mạc của năm ngoái? ẢNH: MACRUMORS Thông tin của ông Gurman phù hợp với những nguồn tin trước đây, vốn chỉ ra rằng iPhone 17 Pro sẽ có màu cam, mặc dù một số mô tả đó là màu đồng. Bên cạnh đó, dựa vào các mẫu thử nghiệm của iPhone 17 Pro gần đây cho thấy, sản phẩm sẽ có thêm một số lựa chọn màu sắc khác, gồm đen, trắng và xanh đậm. Đối với màu xanh nhạt cho iPhone 17 Air , chi tiết này cũng đã được nhắc đến nhiều lần, với thông tin đầu tiên được đưa ra bởi người dùng Weibo có tên Fixed Focus Digital. Nguồn tin này cho biết màu xanh mới chính là điểm nhấn trong chiến lược tiếp thị của Apple dành cho mẫu iPhone mới. Theo mô tả, màu xanh này nhạt hơn so với bất kỳ màu xanh nào mà Apple từng phát hành, thậm chí có thể trông gần như trắng trong điều kiện ánh sáng yếu. Apple tiếp tục chiến lược màu sắc với iPhone 17 Mặc dù ông Gurman không đề cập đến các màu sắc khác cho dòng iPhone mới, nhưng việc ông nhắc đến màu cam và xanh nhạt cho iPhone 17 Pro và iPhone 17 Air cho thấy độ chính xác của những tin đồn là rất cao. iPhone 17 Air sẽ khai sinh màu xanh nhạt mới trên dòng iPhone? ẢNH: MACRUMORS Điều này phù hợp với những gì Apple đã làm gần đây, vốn giữ phong cách màu sắc trầm cho các mẫu iPhone Pro được làm bằng titan. Trước đó, Apple giới thiệu màu titan sa mạc mới cho iPhone 16 Pro, bên cạnh các màu titan tự nhiên, titan trắng và titan đen. Dòng iPhone 17 dự kiến sẽ ra mắt trong vài tuần tới, với sự kiện dự kiến diễn ra vào thứ ba, ngày 9.9 (khoảng 0 giờ ngày 10.9 theo giờ Việt Nam). Nếu Apple tiếp tục truyền thống, việc đặt hàng trước cho iPhone 17 sẽ bắt đầu vào thứ sáu, ngày 12.9, trước khi bàn giao đến tay khách hàng vào thứ sáu tuần sau đó, ngày 19.9.",,"Mark Gurman, màn sắc, Apple, iPhone 17 Air",https://images2.thanhnien.vn/thumb_w/640/528068263637045248/2025/8/26/1-1756172223329543971743.jpg,"[""https://images2.thanhnien.vn/thumb_w/640/528068263637045248/2025/8/26/1-1756172223329543971743.jpg"", ""https://images2.thanhnien.vn/thumb_w/640/528068263637045248/2025/8/26/2-1756172242580330886626.jpg""]",,2025-08-26T14:53:00+07:00,2026-07-03T14:35:22.003156,Công nghệ,,,,
185250520205006376,https://thanhnien.vn/msi-dem-mau-laptop-tranh-son-mai-doc-dao-toi-computex-2025-185250520205006376.htm,thanhnien.vn,,,,,,MSI đem mẫu laptop tranh sơn mài độc đáo tới Computex 2025,"Dòng laptop tranh sơn mài mang tên Ukiyo-e Edition được trưng bày tại triển lãm Computex 2025 sẽ mở bán chính thức tại Việt Nam trong thời gian tới, nhưng chỉ có một phiên bản.","Prestige 13 AI+ Ukiyo-e Edition là thế hệ máy tính xách tay đặc biệt vừa được MSI giới thiệu tại triển lãm công nghệ Computex 2025 (diễn ra tại Đài Loan từ ngày 20 tới 23.5). Mẫu laptop tranh sơn mài này là kết quả từ sự hợp tác giữa MSI và Okadaya, công ty danh tiếng của Nhật Bản trong nghệ thuật tranh sơn mài. Đại diện MSI cho biết trong số các mẫu tạo tác này, sẽ có một phiên bản bán tại Việt Nam với họa tiết lấy cảm hứng từ bức tranh mộc bản kinh điển ""Sóng lừng ngoài khơi Kanagawa"" của danh họa Katsushika Hokusai (Nhật Bản). Thời gian dự kiến đưa sản phẩm này lên kệ là khoảng tháng 8.2025. Mẫu laptop tranh sơn mài sẽ được bán tại Việt Nam dự kiến từ tháng 8, nhưng chưa công bố giá Ảnh: Anh Quân Mẫu laptop này tái hiện những đường nét mạnh mẽ, màu sắc độc đáo và hiệu ứng nổi khối của bức tranh gốc, đi theo xu hướng đưa nghệ thuật truyền thống hòa quyện với công nghệ hiện đại. Thiết kế cho thấy nỗ lực của nhà sản xuất trong việc tạo ra những sản phẩm không chỉ tập trung vào hiệu năng mà còn đề cao tính thẩm mỹ. Về cấu hình, phiên bản mở bán tại Việt Nam sẽ sử dụng bộ xử lý cao nhất là Intel Core Ultra 9, RAM tối đa 32 GB LPDDR5x-8533 (chưa rõ khả năng nâng cấp), đồ họa Intel Arc, màn hình 13,3 inch độ phân giải 2,8K với tỷ lệ 16:10, sử dụng tấm nền OLED. Là sản phẩm thuộc thế hệ máy tính AI+, máy chạy sẵn Windows 11 Home/Pro và có nút khởi động nhanh trí tuệ nhân tạo Copilot độc quyền của Microsoft trên bàn phím. Prestige 13 AI+ Ukiyo-e Edition có thiết kế mỏng nhẹ, bản lề 180 độ và hoàn toàn có thể cầm bằng một tay Ảnh: Anh Quân Một số thông tin phần cứng đáng chú ý khác như pin 4-Cell 75 Whr, kích thước các chiều 299  x 210 x 16,9 mm và chỉ nhẹ 990 gram. Thiết bị hỗ trợ chuẩn kết nối Wi-Fi 7 và Bluetooth 5.4 mới nhất hiện nay. Ngoài sản phẩm laptop vẽ tranh sơn mài bắt tay với Okadaya, MSI tiếp tục theo đuổi phong cách gaming sang trọng, củng cố mối quan hệ hợp tác với Mercedes-AMG Motorsport. Để mở rộng dòng sản phẩm này, năm nay hãng đã giới thiệu hai mẫu laptop mới gồm Stealth A16 AI+ Mercedes-AMG Motorsport và Prestige 16 AI+ Mercedes-AMG Motorsport, đại diện cho sự kết hợp giữa hai thương hiệu. Stealth A16 AI+ có cả phiên bản sử dụng vi xử lý Intel và AMD, đi cùng GPU NVIDIA GeForce RTX 50 Series Laptop với hiệu năng mạnh mẽ và trải nghiệm hình ảnh cao cấp. Trong khi đó, Prestige 16 AI+ được trang bị vi xử lý Intel, nổi bật với màn hình 4K OLED, mang đến chất lượng hiển thị sắc nét và sống động. Thế hệ laptop doanh nhân, văn phòng mới sẽ mang logo MSI theo phong cách tối giản nhưng tạo điểm nhấn hơn Ảnh: Anh Quân Cũng tại Computex 2025, ngoài việc trình diễn các mẫu laptop trang bị RTX 50 series, MSI còn giới thiệu concept thiết kế mới dành cho dòng máy doanh nhân và văn phòng. Những mẫu laptop thế hệ mới sở hữu logo MSI mới, thiết kế tối giản, liền mạch, đồng thời cũng là dòng máy mỏng nhất hãng từng tạo ra, với độ dày chỉ 13,9 mm. Laptop mới có cả hai dạng thiết kế: xoay gập 2 trong 1 và vỏ sò truyền thống, đi kèm màn hình OLED hỗ trợ bút cảm ứng, mang lại trải nghiệm trực quan và tiện lợi hơn. Những thiết bị này được tối ưu hóa để hoạt động suốt cả ngày không cần sạc, giúp người dùng duy trì hiệu suất làm việc liên tục.",,"MSI, Computex, Katsushika Hokusai, laptop, Phong cách",https://images2.thanhnien.vn/thumb_w/640/528068263637045248/2025/5/20/baph2660-1747762100544131114883.jpg,"[""https://images2.thanhnien.vn/thumb_w/640/528068263637045248/2025/5/20/baph2660-1747762100544131114883.jpg"", ""https://images2.thanhnien.vn/thumb_w/640/528068263637045248/2025/5/20/edit-base64-17477622159491493980058-17477622423641677987530.png"", ""https://images2.thanhnien.vn/thumb_w/640/528068263637045248/2025/5/20/dsc8198-1747762714842290343728.jpg""]",,2025-05-21T08:14:00+07:00,2026-07-03T14:35:22.358460,Công nghệ,,,,
185251227123054178,https://thanhnien.vn/5-trung-phuc-sinh-thu-vi-dang-an-minh-tren-ios-185251227123054178.htm,thanhnien.vn,,,,,,5 'trứng phục sinh' thú vị đang ẩn mình trên iOS,Chỉ cần thuộc lòng 5 tính năng ẩn trên iOS dưới đây sẽ giúp bạn thành 'phù thủy iPhone'.,"Theo Tom’s Guide , Apple vốn nổi tiếng với việc giấu các tính năng thú vị (Easter eggs - trứng phục sinh) sâu bên trong hệ điều hành mà không hề công bố. Từ những tiện ích giúp thay đổi thói quen sử dụng hằng ngày cho đến những trò đùa vui vẻ, dưới đây là 5 điều trên iOS mà có thể bạn đã bỏ lỡ suốt thời gian qua. Hãy cùng tìm hiểu 5 'trứng phục sinh' thú vị đang ẩn mình trên iOS. iOS đang ẩn giấu những bí mật thú vị chờ bạn khám phá ẢNH: APPLE INSIDER 1. Hóa thân thành phù thủy Harry Potter với Siri Fan cứng của thế giới phù thủy J.K. Rowling chắc chắn sẽ thích điều này. Thay vì phải vuốt trung tâm điều khiển (Control Center) để bật đèn pin, bạn chỉ cần gọi Siri và đọc câu thần chú kinh điển: Lumos : Đèn pin sẽ bật sáng ngay lập tức. Nox : Đèn pin sẽ tắt. Chưa hết, bạn có thể dùng câu chú triệu hồi 'Accio' + [Tên ứng dụng] để mở nhanh bất kỳ ứng dụng nào. Ví dụ: 'Accio Facebook' hay 'Accio Safari'. Tính năng này hoạt động ngay cả khi màn hình khóa, tiện lợi khi cần tìm đồ đạc trong bóng tối hoặc muốn thao tác nhanh mà không cần chạm tay quá nhiều. 2. Tự động 'dọn dẹp' tin nhắn OTP rác trên iOS Tính năng xác thực hai yếu tố (2FA) giúp bảo vệ tài khoản nhưng lại biến hộp tin nhắn thành một mớ hỗn độn chứa đầy mã OTP đã qua sử dụng. Trên các phiên bản iOS mới, bạn có thể yêu cầu máy tự động dọn dẹp chúng. Hãy truy cập Cài đặt (Settings) > Cài đặt chung (General) > Tự động điền & Mật khẩu (AutoFill & Passwords). Tại mục Mã xác minh (Verification Codes), hãy bật tùy chọn 'Xóa sau khi sử dụng' (Delete After Use). Từ nay, mọi mã OTP (cả trong tin nhắn lẫn Apple Mail) sẽ tự động biến mất vài giây sau khi bạn đăng nhập xong. 3. Tắt 'chấm đỏ' thông báo đầy ám ảnh Nếu bạn là người theo chủ nghĩa hoàn hảo và ghét nhìn thấy hàng tá chấm đỏ (badges) báo email hay tin nhắn chưa đọc chi chít trên icon ứng dụng, hãy tắt chúng đi để tìm lại sự bình yên. Vào Cài đặt (Settings) > Thông báo (Notifications), chọn ứng dụng cần xử lý và gạt tắt mục Biểu tượng (Badges). Bạn vẫn nhận được thông báo như thường, nhưng màn hình chính sẽ trở nên sạch sẽ, gọn gàng và bớt gây áp lực hơn. 4. Tuyết rơi trong ứng dụng Apple Store Hãy mở ứng dụng Apple Store (ứng dụng để mua thiết bị phần cứng, không phải App Store tải game), gõ vào thanh tìm kiếm từ khóa 'let it snow'. Ngay lập tức, hiệu ứng tuyết rơi sẽ phủ kín màn hình điện thoại của bạn. 5. Chi tiết bất ngờ ở cổng sạc USB-C Đây là minh chứng cho sự tỉ mỉ đến mức ám ảnh của Apple. Nếu soi thật kỹ vào bên trong cổng sạc USB-C của các dòng iPhone mới, bạn sẽ thấy phần lưỡi gà kết nối (connector) được phối màu trùng khớp hoàn toàn với màu vỏ máy bên ngoài. iPhone màu hồng sẽ có nội thất cổng sạc màu hồng, màu xanh đi với màu xanh. Một chi tiết cực nhỏ mà 90% người dùng không bao giờ nhìn thấy, nhưng Apple vẫn làm để đảm bảo sự đồng bộ tuyệt đối từ trong ra ngoài.",,"trứng Phục sinh, Iphone, tính năng ẩn, khám phá",https://images2.thanhnien.vn/thumb_w/640/528068263637045248/2025/12/27/ios-17668135256661243506637.jpg,"[""https://images2.thanhnien.vn/thumb_w/640/528068263637045248/2025/12/27/ios-17668135256661243506637.jpg""]",,2025-12-28T07:51:00+07:00,2026-07-03T14:35:22.500224,Công nghệ,,,,
185231213145614132,https://thanhnien.vn/may-anh-nikon-dung-firmware-dac-biet-de-nasa-su-dung-185231213145614132.htm,thanhnien.vn,,,,,,Máy ảnh Nikon dùng firmware đặc biệt để NASA sử dụng,"Môi trường không gian đòi hỏi các thiết bị phải thích ứng đặc biệt, vì vậy đây là mục tiêu mà Nikon cần thực hiện để điều chỉnh phần mềm của máy ảnh.","Theo PetaPixel , phi hành gia Don Pettit đã tiết lộ những thay đổi mà Nikon thực hiện đối với phần mềm của hãng dành cho Cơ quan Hàng không và vũ trụ Mỹ (NASA). Tia vũ trụ là các hạt năng lượng cao có thể làm hỏng cảm biến và từ đó làm hư hình ảnh. Chính vì vậy Nikon đã tạo ra phần mềm đặc biệt cho NASA để hạn chế tác hại. Don Pettit cho biết Nikon đã thay đổi cài đặt giảm nhiễu trong máy ảnh để chống lại các tia vũ trụ. Máy ảnh thông thường có tính năng giảm nhiễu khi phơi sáng hơn một giây. Các nhà sản xuất không cho rằng nhiếp ảnh gia cần giảm nhiễu để có thời gian phơi sáng ngắn hơn vì không có nhiễu để giảm. Nhưng trong không gian điều này là không đúng. NASA từ lâu đã tin tưởng dùng máy ảnh thương hiệu Nikon ở môi trường ngoài Trái đất CHỤP MÀN HÌNH Pettit nói những máy ảnh trong không gian bị hư hỏng cảm biến do các tia vũ trụ và sau khoảng sáu tháng, các phi hành gia của NASA phải thay thế những chiếc máy ảnh bị hư hỏng này. Các tia này xuất hiện ngay cả ở tốc độ màn trập nhanh, vì vậy NASA đã yêu cầu Nikon thay đổi thuật toán để có thể giảm nhiễu trong máy ảnh ở tốc độ màn trập lên tới 1/500 giây. Điều này đã có tác dụng trong việc loại bỏ tác hại của tia vũ trụ và đó không phải là tính năng duy nhất mà firmware đặc biệt mà Nikon tạo ra cho NASA. Thay đổi tiếp theo là hệ thống đặt tên của máy. Thông thường khi chụp đủ ảnh, máy sẽ đặt lại tên tập tin cuối cùng. NASA chụp rất nhiều ảnh trên quỹ đạo và vì vậy Nikon đã thay đổi cách đánh số các tập tin RAW để không có hai bức ảnh nào có cùng số.",,"phi hành gia, Tia vũ trụ, Hệ mặt trời, Nhiếp ảnh gia, Cơ quan Hàng không",https://images2.thanhnien.vn/thumb_w/640/528068263637045248/2023/12/13/nikon-d5-1702454371256112388394.jpeg,"[""https://images2.thanhnien.vn/thumb_w/640/528068263637045248/2023/12/13/nikon-d5-1702454371256112388394.jpeg""]",,2023-12-16T09:31:00+07:00,2026-07-03T14:35:22.584943,Công nghệ,,,,
185251230050540324,https://thanhnien.vn/ly-do-gemini-ngay-cang-thu-hut-nguoi-dung-185251230050540324.htm,thanhnien.vn,,,,,,Lý do Gemini ngày càng thu hút người dùng,Cuộc cạnh tranh trong lĩnh vực chatbot AI không còn mang tính áp đảo thuộc về ChatGPT như giai đoạn đầu khi thị phần Gemini đang tăng nhanh.,"Theo Digitaltrends , báo cáo mới từ Similarweb cho thấy thị phần Gemini đã mở rộng đáng kể mức độ hiện diện trong 12 tháng qua. Cụ thể, thị phần lưu lượng truy cập web liên quan đến chatbot AI (trí tuệ nhân tạo) của Gemini tăng từ 5,4% lên 18,2%. Ở chiều ngược lại, ChatGPT giảm từ 87,2% xuống còn 68%, mức sụt giảm 19%. Gemini đang nhận được lợi thế lớn chính là hệ sinh thái của Google ẢNH: AFP Số liệu trên phản ánh một bức tranh quen thuộc trong ngành công nghệ: giai đoạn thống trị ban đầu đang dần chuyển sang trạng thái phân mảnh khi người dùng bắt đầu chia nhỏ thói quen sử dụng giữa nhiều nền tảng khác nhau. Lợi thế lớn nhất của Gemini nằm ở khả năng ""hiện diện mọi lúc"". Không giống các chatbot độc lập, công cụ AI của Google được tích hợp sâu vào những sản phẩm vốn đã gắn liền với người dùng như Tìm kiếm, Chrome, Android và bộ ứng dụng Workspace. Đây là cách tiếp cận giúp Gemini xuất hiện ngay tại thời điểm nhu cầu phát sinh thay vì buộc người dùng phải mở thêm một nền tảng riêng biệt. Khi AI dần trở thành công cụ quen thuộc, yếu tố tiện lợi có vai trò không kém mức độ thông minh. Việc tiếp cận liền mạch trong các tác vụ hằng ngày, từ tra cứu thông tin, soạn thảo văn bản đến xử lý email, đang giúp Gemini hình thành thói quen sử dụng một cách tự nhiên. Cách tiếp cận của Gemini không phải là yếu tố duy nhất Nghiên cứu cũng chỉ ra rằng, sự phân phối không phải là yếu tố duy nhất quyết định thành công. Dữ liệu từ Similarweb cho thấy, dù được tích hợp sẵn trong Windows và Edge, chatbot AI Copilot của Microsoft lại không có sự tăng trưởng nào đáng kể, thậm chí giảm từ 1,5% xuống 1,2% thị phần. Rõ ràng, việc có mặt sẵn không đảm bảo cho sự sử dụng thường xuyên khi một sản phẩm cần phải chứng minh được giá trị thực sự để thu hút người dùng. Nếu xu hướng tiếp tục, người dùng dường như sẽ ưu tiên sử dụng chatbot AI gần gũi nhất với quy trình làm việc hằng ngày của họ. Sự tiện lợi đang trở thành yếu tố quyết định trong hành vi sử dụng AI. Điều cần theo dõi tiếp theo là liệu thị phần của ChatGPT có tiếp tục duy trì vị trí như hiện tại hay Gemini sẽ tăng trưởng và vượt mặt, đặc biệt khi Google tích hợp chatbot AI của mình vào các sản phẩm mà người dùng đã tin tưởng.",,"Google, Hệ sinh thái, ChatGPT, chatbot AI, Copilot",https://images2.thanhnien.vn/528068263637045248/2025/12/29/1-17670458468931965048854.jpg,"[""https://images2.thanhnien.vn/528068263637045248/2025/12/29/1-17670458468931965048854.jpg""]",,2025-12-30T07:24:00+07:00,2026-07-03T14:35:22.799214,Công nghệ,,,,
185250409002609744,https://thanhnien.vn/trai-nghiem-dieu-hoa-lacasper-xc-09iu38-sieu-tiet-kiem-dien-185250409002609744.htm,thanhnien.vn,,,,,,Trải nghiệm điều hòa LaCasper XC-09IU38 siêu tiết kiệm điện,"Thương hiệu Casper đã gây bất ngờ khi ra mắt điều hòa LaCasper XC-09IU38 có chỉ số tiết kiệm cao nhất thị trường Việt Nam hiện nay, vượt qua những sản phẩm tiết kiệm điện khác đang có trên thị trường.","LaCasper XC-09IU38 là điều hòa inverter một chiều, công suất 9600 BTU (1 HP) được thiết kế cho các căn phòng nhỏ diện tích dưới 15 mét vuông, Thể tích căn phòng: 3,5 x 4,7 x 2,4 = 41 m 3 cụ thể 1 HP = dưới 45 m 3 ; 1,5 HP = dưới 60 m 3 . Chỉ số CSPF cao nhất thị trường điều hòa Chi tiết gây chú ý nhất ở điều hòa mới này là chỉ số hiệu suất năng lượng CSPF đạt tới 8,03 - cao nhất trên thị trường Việt Nam hiện nay. Để so sánh, mẫu điều hòa của các hãng Daikin và Panasonic đang bán ở Việt Nam có chỉ số CSPF cao nhất lần lượt là 7,2 và 7,6. LaCasper XC-09IU38 là mẫu điều hòa cao cấp mới nhất của Casper Ảnh: CTV CSPF - viết tắt của Cooling Seasonal Performance Factor, là chỉ số hiệu suất lạnh toàn mùa. Đây là tiêu chuẩn quốc tế ISO 16358-1:2013 ban hành vào năm 2019 để cung cấp cho người dùng sự so sánh công bằng giữa các thiết bị khác nhau dựa trên hiệu quả thực tế quanh năm. Tại Việt Nam, chỉ số CSPF được kiểm nghiệm độc lập và thực tế tại các phòng thử nghiệm của các đơn vị như Viện cơ khí năng lượng và mỏ (Vinacomin). Đại diện Casper cho biết Vinacomin là đơn vị kiểm định và cấp chỉ số CSPF cho mẫu điều hòa LaCasper XC-09IU38. Để đạt được chỉ số tiết kiệm cao như vậy, đại diện Casper cho biết điều hòa LaCasper XC-09IU38 đã được điều chỉnh về thiết kế dàn lạnh tản nhiệt nhanh hơn, máy nén cũng được nâng cấp, bổ sung cảm biến và phần mềm được tinh chỉnh để duy trì hiệu suất tiết kiệm trong khi vẫn đảm bảo hiệu quả làm mát. Bên cạnh đó, dàn nóng của điều hòa này cũng có kích cỡ (dài, cao và dày lần lượt là 86 x 55,5 x 35 cm, trọng lượng 21 kg) khác biệt, lớn hơn hẳn các điều hòa cùng công suất của Casper và thậm chí lớn hơn cả điều hòa cùng công suất 1 HP của Panasonic và Daikin. Trải nghiệm thực tế ở căn phòng 15 mét vuông, điều hòa LaCasper XC-09IU38 chỉ tiêu thụ 1 kWh điện sau 5 giờ sử dụng trong điều kiện nhiệt độ môi trường dao động từ 30 - 31 độ C và nhiệt độ thiết lập 26 độ C. Đây là mức sử dụng điện tiết kiệm trong bối cảnh chênh lệch giữa nhiệt độ môi trường và nhiệt độ thiết lập khá cao. Đặc biệt, điều hòa này còn chế độ tiết kiệm một chạm được Casper gọi là iSave. Khi bấm vào nút iSave trên điều khiển từ xa, điều hòa sẽ tự động điều chỉnh thiết lập nhiệt độ về 28°C, cửa gió mở 90° hướng từ trên xuống và duy trì tốc độ thổi gió ở mức trung bình để tối ưu tiêu thụ điện trong khi vẫn đảm bảo hiệu quả làm mát. Khí mềm và chế độ chuyên dụng cho trẻ em Bên cạnh khả năng tiết kiệm hàng đầu, điều hòa LaCasper XC-09IU38 còn chú trọng mang đến trải nghiệm thoải mái và dễ chịu cho người dùng. Điều hòa này có một chế độ dành riêng trẻ nhỏ được nhà sản xuất gọi là BabyCare. Khi bấm vào chế độ BabyCare trên điều khiển từ xa, điều hòa sẽ tự động làm đồng thời 3 việc: điều chỉnh cửa thổi gió nằm ngang gần như song song với trần nhà để tránh thổi trực tiếp vào người, nhiệt độ thiết lập về mức tối ưu 26⁰C và tốc độ gió giảm xuống mức thấp nhất. LaCasper XC-09IU38 có nhiều chế độ làm mát tối ưu Ảnh: CTV Đây là chế độ tiện dụng riêng có của Casper chưa có trên điều hòa của các hãng, giúp người dùng không cần mất nhiều thao tác điều chỉnh cửa thổi gió, tốc độ gió và nhiệt độ khi bật điều hòa cho trẻ nhỏ hoặc người có tuổi. Ở chế độ BabyCare, độ ồn của điều hòa cũng rất nhỏ, chỉ khoảng 42 dB, tương đương độ ồn của tiếng thì thầm trong thang độ ồn. Thêm vào đó, cửa thổi gió SilkAir có hàng ngàn lỗ nhỏ của điều hòa LaCasper XC-09IU38 cũng giúp đánh tơi và làm mềm luồng khí điều hòa thổi ra, mang lại cảm giác dễ chịu, hữu ích với những người dùng nhạy cảm với luồng gió thổi trực tiếp của điều hòa. Chế độ BabyCare tận dụng dựa trên sự hoạt động của SilkAir. Thiết kế tối ưu về độ bền, chế độ bảo hành tối ưu Là sản phẩm đầu bảng, điều hòa LaCasper XC-09IU38 có thiết kế vân xước đẹp mắt và được thiết kế hạn chế tối đa ốc vít giúp thợ lắp đặt dễ dàng hơn. Toàn bộ dàn tản nhiệt trên dàn nóng và dàn lạnh đều được phủ lớp đồng mạ vàng để hạn chế các tác nhân ăn mòn, tăng độ bền. Casper cung cấp chế độ bảo hành 3 năm cho toàn bộ máy và 12 năm cho máy nén Ảnh: CTV Casper cũng tự tin cung cấp chế độ bảo hành 3 năm cho toàn bộ máy và 12 năm cho máy nén, cao hơn chế độ bảo hành điều hòa của các hãng khác. Panasonic hiện chỉ 1 năm toàn bộ và 10 năm máy nén, còn Daikin bảo hành 1 năm toàn bộ máy và 5 năm cho máy nén. Bên cạnh đó, Casper còn áp dụng chế độ bảo hành 1 đổi 1 trong 1 năm đầu, rất ít thương hiệu có chính sách này. Điều hòa LaCasper 1 HP XC-09IU38 là sản phẩm cao cấp nhất của Casper hiện nay, đang chào bán với giá 13,9 triệu đồng. Đây là sản phẩm phù hợp với những người dùng đang tìm kiếm một chiếc điều hòa tiết kiệm điện, có những tính năng mang lại sự thoải mái cho người dùng.",,"Casper, Điều hòa, chế độ bảo hành, nhiệt độ, BabyCare",https://images2.thanhnien.vn/thumb_w/640/528068263637045248/2025/4/8/dh1-1744132756587858281067.png,"[""https://images2.thanhnien.vn/thumb_w/640/528068263637045248/2025/4/8/dh1-1744132756587858281067.png"", ""https://images2.thanhnien.vn/thumb_w/640/528068263637045248/2025/4/8/dh2-1744132846005165910861.png"", ""https://images2.thanhnien.vn/thumb_w/640/528068263637045248/2025/4/8/dh3-1744132965822232532023.png""]",,2025-04-09T07:56:00+07:00,2026-07-03T14:35:23.124370,Công nghệ,,,,
185251026134856905,https://thanhnien.vn/meo-giup-tang-cuong-do-ben-cho-smartphone-185251026134856905.htm,thanhnien.vn,,,,,,Mẹo giúp tăng cường độ bền cho smartphone,"Việc nâng cấp smartphone trong khoảng thập kỷ trước diễn ra thường xuyên, thậm chí hằng năm, do những tiến bộ công nghệ đáng kể.","Tuy nhiên, những năm gần đây, nhiều người vẫn giữ smartphone của mình trong khoảng 3 năm trước khi thay mới. Thời gian này thậm chí còn hơn nữa khi các mẫu điện thoại mới như Pixel 8 Pro hay Samsung đã có tuổi thọ cao hơn, với thời gian cập nhật bảo mật kéo dài lên đến 7 năm. Chăm sóc tốt sẽ giúp smartphone có tuổi thọ lâu hơn ẢNH: Daily Sabah Nhưng làm thế nào để kéo dài thời gian sử dụng smartphone lên đến 5 hoặc 7 năm như ý muốn của chúng ta? Một số mẹo hữu ích dưới đây hứa hẹn sẽ giúp người dùng đạt được điều đó. Sử dụng miếng dán màn hình và ốp lưng Mặc dù nhiều smartphone hiện đại có độ bền cao, việc sử dụng miếng dán màn hình và ốp lưng vẫn là điều cần thiết. Những sản phẩm này giúp bảo vệ điện thoại khỏi các va chạm và rơi vỡ. Các bài kiểm tra cho thấy, chỉ cần rơi từ độ cao 1 mét cũng có thể làm hỏng màn hình. Sử dụng miếng dán màn hình có thể thay thế dễ dàng hơn so với việc thay toàn bộ màn hình. Sạc smartphone đúng cách Thói quen sạc pin cũng ảnh hưởng đến tuổi thọ của điện thoại, trong đó các chuyên gia khuyến cáo người dùng nên giữ mức pin trong khoảng 40 - 80% để kéo dài tuổi thọ pin. Các tính năng như Giới hạn sạc trên iPhone hay Tối ưu hóa sạc trên Android có thể giúp người dùng quản lý việc sạc pin hiệu quả hơn. Cập nhật phần mềm thường xuyên Việc cập nhật phần mềm không chỉ giúp điện thoại hoạt động mượt mà hơn mà còn bảo vệ thiết bị khỏi các lỗ hổng bảo mật. Các bản cập nhật thường xuyên giúp cải thiện hiệu suất và bảo mật cho điện thoại, điều này đảm bảo máy có thể hoạt động ổn định hơn thêm nhiều năm. Cập nhật phần mềm sẽ giúp điện thoại hoạt động ổn định và bảo mật hơn ẢNH: SAMMOBILE Khởi động lại điện thoại định kỳ Sau một thời gian sử dụng dài, hiệu suất điện thoại có thể bị kém đi. Để giải quyết vấn đề này, các chuyên gia khuyến cáo người dùng nên khởi động lại điện thoại ít nhất một lần mỗi tuần, giúp giải quyết nhiều vấn đề phần mềm và cải thiện hiệu suất. Điều này cũng giúp bảo vệ điện thoại khỏi các cuộc tấn công mạng . Tránh để điện thoại bị ướt Mặc dù nhiều điện thoại hiện nay có khả năng chống nước, việc tiếp xúc thường xuyên với nước vẫn có thể làm giảm tuổi thọ của thiết bị. Do đó, tốt hơn hết người dùng hãy hạn chế để điện thoại tiếp xúc với nước và các chất lỏng khác. Thay pin khi cần thiết Khi pin điện thoại bắt đầu giảm hiệu suất, việc thay pin có thể mang lại sự cải thiện đáng kể. Thay pin không chỉ giúp điện thoại hoạt động tốt hơn mà còn tiết kiệm chi phí so với việc mua một chiếc điện thoại mới. Vệ sinh cổng sạc và dọn dẹp bộ nhớ Bụi bẩn tích tụ trong cổng sạc có thể gây ra sự cố điện thoại, do đó hãy vệ sinh cổng sạc định kỳ để đảm bảo điện thoại hoạt động tốt. Bên cạnh đó, để bộ nhớ trong điện thoại hoạt động tốt trong thời gian dài, người dùng hãy giữ khoảng 20% dung lượng trống thiết bị. Việc này giúp cải thiện hiệu suất và kéo dài tuổi thọ của bộ nhớ. Đừng quên nhiệm vụ vệ sinh cổng sạc điện thoại thường xuyên ẢNH: MACWOLRD Kiểm tra khả năng sửa chữa trước khi mua Trước khi mua điện thoại, tốt hơn hết người dùng hãy kiểm tra khả năng sửa chữa của thiết bị, nguyên nhân vì những chiếc điện thoại dễ sửa chữa sẽ tiết kiệm chi phí và thời gian khi cần thay thế linh kiện. Việc kéo dài tuổi thọ smartphone không chỉ giúp tiết kiệm chi phí mà còn bảo vệ môi trường. Bằng cách áp dụng những mẹo nói trên, hy vọng rằng người dùng có thể tận dụng tối đa thiết bị của mình trong nhiều năm tới.",,"Vệ sinh điện thoại, cập nhật phần mềm, ốp lưng, miếng dán màn hình, sạc pin",https://images2.thanhnien.vn/thumb_w/640/528068263637045248/2025/10/26/1-1761460978315403836382.jpg,"[""https://images2.thanhnien.vn/thumb_w/640/528068263637045248/2025/10/26/1-1761460978315403836382.jpg"", ""https://images2.thanhnien.vn/thumb_w/640/528068263637045248/2025/10/26/2-17614611121961491843613.jpg"", ""https://images2.thanhnien.vn/thumb_w/640/528068263637045248/2025/10/26/3-17614612691591605116615.jpg""]",,2025-10-30T06:40:00+07:00,2026-07-03T14:35:23.856408,Công nghệ,,,,
185250630105728403,https://thanhnien.vn/thiet-bi-nao-duoc-huong-chinh-sach-cap-nhat-8-nam-cua-samsung-185250630105728403.htm,thanhnien.vn,,,,,,Thiết bị nào được hưởng chính sách cập nhật 8 năm của Samsung?,Samsung sắp phá vỡ kỷ lục với kế hoạch hỗ trợ cập nhật Android lên đến 8 năm cho thiết bị Galaxy.,"Theo Sammy Fans , Samsung từ lâu dẫn đầu thị trường với cam kết hỗ trợ phần mềm lên đến 7 năm. Giờ đây, 'gã khổng lồ' công nghệ Hàn Quốc dường như sắp đặt ra một tiêu chuẩn mới chưa từng có với con số 8 năm cập nhật Android. Theo tin đồn mới nhất, cặp đôi Galaxy Z Fold 7 và Z Flip 7 sắp ra mắt sẽ là những thiết bị đầu tiên được hưởng đặc quyền này, nhưng không phải ai cũng có thể tiếp cận. Samsung sắp hỗ trợ đến 8 năm cập nhật Android với dòng Galaxy Z Chỉ còn ít ngày nữa là đến sự kiện ra mắt thế hệ điện thoại gập tiếp theo của Samsung (dự kiến vào ngày 9.7), các thông tin rò rỉ đang ngày càng nóng lên. Đáng chú ý nhất là tin đồn từ chuyên gia rò rỉ Anthony, cho biết gã khổng lồ công nghệ Hàn Quốc đang lên kế hoạch mở rộng chính sách hỗ trợ phần mềm của mình lên đến 8 năm. Dòng Galaxy Z Fold 7 và Flip 7 sẽ là những thiết bị đầu tiên được hỗ trợ 8 năm? ẢNH: CHỤP MÀN HÌNH TECHRADAR Trong khi người dùng đang rất phấn khích với chính sách cập nhật 7 năm (với 7 bản nâng cấp hệ điều hành lớn và 7 năm vá lỗi bảo mật) được áp dụng từ dòng Galaxy S24, con số 8 năm sắp tới lại đi kèm một điều kiện quan trọng là chỉ dành riêng cho phiên bản Enterprise. Đây là các mẫu máy được thiết kế đặc biệt cho các khách hàng doanh nghiệp, đi kèm với các lớp bảo mật tăng cường và công cụ quản lý, tùy chỉnh chuyên sâu. Người dùng thông thường sẽ không thể mua được các phiên bản này. Đối với người dùng phổ thông, cam kết hỗ trợ 7 năm trên các phiên bản tiêu chuẩn của Z Fold 7 và Z Flip 7 vẫn là một chính sách hàng đầu thị trường. Việc không được hưởng chính sách 8 năm cũng không phải là điều quá đáng tiếc, bởi rất ít người dùng giữ lại một chiếc điện thoại trong suốt 7 - 8 năm. Cam kết của Samsung đảm bảo rằng thiết bị của bạn sẽ luôn được cập nhật và an toàn trong gần như toàn bộ vòng đời sử dụng. Bên cạnh chính sách hỗ trợ dài hạn, Galaxy Z Fold 7 và Z Flip 7 năm nay còn có một lợi thế đặc biệt khác. Theo thông tin đã được xác nhận, đây sẽ là những chiếc điện thoại đầu tiên của Samsung được cài đặt sẵn hệ điều hành Android 16 cùng giao diện One UI 8 mới nhất ngay khi xuất xưởng. Điều này đánh dấu một sự thay đổi lớn, khi lần đầu tiên dòng điện thoại gập được tiên phong trải nghiệm phiên bản Android và One UI mới nhất, thậm chí còn trước cả dòng Galaxy S thế hệ tiếp theo. Với việc liên tục khẳng định vị thế dẫn đầu về hỗ trợ phần mềm, Samsung đang biến những chiếc điện thoại gập của mình trở thành một lựa chọn đầu tư hấp dẫn và bền vững hơn bao giờ hết.",,"chính sách, điện thoại, cập nhật, Z Fold, GALAXY, hệ điều hành, One UI",https://images2.thanhnien.vn/thumb_w/640/528068263637045248/2025/6/30/z-17512558604191603846919.jpg,"[""https://images2.thanhnien.vn/thumb_w/640/528068263637045248/2025/6/30/z-17512558604191603846919.jpg""]",,2025-06-30T14:38:00+07:00,2026-07-03T14:35:24.011477,Công nghệ,,,,
185250503084608055,https://thanhnien.vn/diem-gay-kho-chiu-nhat-cua-goi-youtube-premium-lite-185250503084608055.htm,thanhnien.vn,,,,,,Điểm gây khó chịu nhất của gói YouTube Premium Lite,"YouTube Premium Lite được xem là gói cước 'trong mơ' cho người dùng không thích quảng cáo, nhưng vẫn có một nhược điểm lớn.","Theo Android Authority , YouTube Premium Lite, gói dịch vụ giá rẻ hơn của YouTube tập trung vào việc loại bỏ quảng cáo, tưởng chừng là giải pháp hoàn hảo cho những ai chỉ cần một trải nghiệm xem liền mạch không gián đoạn. Tuy nhiên, thay vì trở thành lựa chọn tối ưu, gói cước này lại đang tạo ra một tình thế khó xử và gây tranh luận trong cộng đồng người dùng, đặc biệt là những hộ gia đình đang trả phí cho gói YouTube Premium đầy đủ. YouTube Premium Lite gây tiếc nuối vì thiếu gói cước dành cho gia đình Đối với một bộ phận không nhỏ người dùng YouTube Premium Family lâu năm, giá trị thực sự và đôi khi là duy nhất mà họ tìm kiếm là khả năng xem video không quảng cáo trên mọi thiết bị - từ điện thoại cá nhân đến TV chung của cả nhà. Các tính năng bổ sung như phát trong nền, nghe nhạc trên YouTube Music (nhiều người vẫn chuộng Spotify hơn) hay tải video xem ngoại tuyến thường ít được sử dụng đến mức gần như không cần thiết. Mong muốn của họ rất đơn giản là loại bỏ quảng cáo phiền nhiễu và sẵn sàng trả một mức phí hợp lý để ủng hộ các nhà sáng tạo nội dung yêu thích. YouTube Premium Lite được xem là gói cước 'trong mơ' cho người dùng ẢNH: PHONG ĐỖ Khi YouTube giới thiệu Premium Lite với mức giá hấp dẫn (khoảng 8 USD/tháng tại một số thị trường, rẻ hơn đáng kể so với gói Premium thường) và đáp ứng đúng nhu cầu cốt lõi là chặn quảng cáo, nó lập tức thu hút sự chú ý. Về lý thuyết, đây chính là thứ mà nhiều người dùng mong đợi. Tuy nhiên, điểm trừ khiến Premium Lite mất đi sức hấp dẫn đối với nhiều người là việc nó chỉ áp dụng cho tài khoản cá nhân. Không có tùy chọn gói gia đình cho phiên bản Lite. Điều này đồng nghĩa một gia đình có 2 - 3 người muốn trải nghiệm Lite sẽ phải mua nhiều gói riêng lẻ. Khi làm phép tính đơn giản, tổng chi phí cho 3 gói Lite (24 USD) thậm chí còn cao hơn cả một gói Premium Family đầy đủ (khoảng 23 USD), trong khi lại bị mất hết các quyền lợi phụ trợ khác. Đây rõ ràng là một nghịch lý kinh tế khiến các gia đình không có lý do gì để chuyển đổi. Tình huống này đã làm dấy lên nhiều ý kiến kêu gọi Google nên xem xét tung ra một phiên bản YouTube Premium Lite Family. Một gói cước tinh giản, chỉ tập trung vào chặn quảng cáo cho nhiều thành viên với mức giá phải chăng hơn, được cho là sẽ hiệu quả hơn trong việc thu hút người dùng đang né tránh quảng cáo bằng các biện pháp khác (như trình chặn quảng cáo ). Nó không chỉ đáp ứng đúng nhu cầu của một phân khúc người dùng lớn mà còn tạo thêm nguồn thu chính thống cho các nhà sáng tạo.",,"YouTube Premium Lite, gia đình, Google, Gói cước, chặn quảng cáo, Tính năng, trải nghiệm",https://images2.thanhnien.vn/thumb_w/640/528068263637045248/2025/5/3/youtube-17462380126841378223834.jpg,"[""https://images2.thanhnien.vn/thumb_w/640/528068263637045248/2025/5/3/youtube-17462380126841378223834.jpg""]",,2025-05-03T14:59:00+07:00,2026-07-03T14:35:24.427255,Công nghệ,,,,
185250713123452806,https://thanhnien.vn/oppo-reno14-series-ghi-nhan-26000-may-ban-ra-sau-10-ngay-ra-mat-185250713123452806.htm,thanhnien.vn,,,,,,Oppo Reno14 Series ghi nhận 26.000 máy bán ra sau 10 ngày ra mắt,"Oppo vừa thông báo dòng Reno14 Series chính thức mở bán tại tất cả các hệ thống bán lẻ trên toàn quốc. Đặc biệt, chỉ sau 10 ngày ra mắt, dòng sản phẩm đã ghi nhận 26.000 người dùng sở hữu sớm, tăng trưởng vượt bậc 30% so với thế hệ tiền nhiệm.","Kết quả ấn tượng này một lần nữa chứng minh sức hút mạnh mẽ của dòng sản phẩm Reno nói chung và Reno14 Series nói riêng, thể hiện sự quan tâm và tin dùng mạnh mẽ của khách hàng đối với thế hệ smartphone AI tiên phong của Oppo. Oppo Reno14 Series ghi nhận doanh số bùng nổ với 26.000 máy bán ra chỉ sau 10 ngày ra mắt chính thức Ảnh: T.L So với thế hệ tiền nhiệm, Reno14 Series có bước bứt phá mạnh mẽ với mức tăng trưởng khá ấn tượng trong giai đoạn 10 ngày đầu ra mắt. Cụ thể, Reno14 F 5G tiếp tục là dòng sản phẩm chủ lực đạt mức tiêu thụ 21.400 máy, tăng trưởng 22% so với Reno13 F. Reno14 5G đạt 2.600 máy, chiếm 10% tỷ trọng và ghi nhận mức tăng trưởng ấn tượng 37% so với cùng kỳ. Đáng chú ý, Reno14 Pro 5G đã có màn bứt phá mạnh mẽ với gần 2.000 máy bán ra - tăng gấp hơn 3 lần (tương đương 233%) so với Reno13 Pro, cho thấy tín hiệu tích cực từ nhóm người dùng cao cấp. Ông Văn Bá Luýt, Giám đốc sản phẩm Oppo Việt Nam chia sẻ: “Với Reno14 Series, chúng tôi không chỉ ra mắt một thế hệ smartphone mới, mà còn mở ra một chương mới trong hành trình phổ cập AI tại Việt Nam. Những tính năng AI đột phá lần đầu được tích hợp trên dòng Reno không chỉ giúp người dùng sáng tạo dễ dàng hơn, mà còn đưa trải nghiệm cá nhân hóa lên một tầm cao mới"". Với định vị “Chuyên gia chân dung AI”, Oppo Reno14 Series đánh dấu bước chuyển mình mạnh mẽ của dòng Reno với hệ thống camera nâng cấp toàn diện trên cả ba model. Lần đầu tiên trên dòng Reno, tính năng Chụp Ảnh Flash AI được tích hợp, kết hợp hệ thống ba đèn flash thông minh gồm flash kép cho camera chính 50 MP và góc rộng, cùng đèn chuyên biệt cho camera tele 50 MP trên Reno14 Pro 5G và Reno14 5G - giúp ảnh sáng rõ, giữ tông da tự nhiên, hạn chế hiện tượng đổi màu mắt. Trong khi đó, Reno14 F 5G được nâng cấp flash kép sáng gấp đôi, tối ưu hiệu quả chiếu sáng cự ly gần. Không chỉ nổi bật với khả năng quay chụp chân dung, Reno14 Series còn là thiết bị AI cá nhân hóa trải nghiệm người dùng. Các tính năng như Bố Cục AI, Gương Mặt Hoàn Hả o AI và Chuyển Đổi Phong Cá ch AI giúp dễ dàng tinh chỉnh bố cục, thay đổi biểu cảm hay làm mới phong cách ảnh chỉ với một chạm.",,"Oppo, 5G, smartphone, Android",https://images2.thanhnien.vn/thumb_w/640/528068263637045248/2025/7/13/oppo-1752384769157799530518.png,"[""https://images2.thanhnien.vn/thumb_w/640/528068263637045248/2025/7/13/oppo-1752384769157799530518.png""]",,2025-07-13T14:18:00+07:00,2026-07-03T14:35:24.511974,Công nghệ,,,,
185251104093537176,https://thanhnien.vn/samsung-mo-cap-nhat-one-ui-8-tro-lai-cho-dong-galaxy-s23-185251104093537176.htm,thanhnien.vn,,,,,,Samsung 'mở' cập nhật One UI 8 trở lại cho dòng Galaxy S23,One UI 8 (Android 16) đã quay trở lại trên dòng Galaxy S23 sau một thời gian tạm hoãn.,"Theo SamMobile , sau một tuần tạm ngừng không rõ lý do, Samsung đã chính thức phát hành lại bản cập nhật lớn One UI 8 (Android 16) cho toàn bộ dòng Galaxy S23. Nếu bạn chưa kịp 'lên đời' trong đợt đầu, đây là lúc để kiểm tra lại thiết bị của mình. Dòng Galaxy S23 bắt đầu nhận được One UI 8 trở lại Tin vui cho những người dùng đang sở hữu dòng Galaxy S23 (bao gồm S23, S23+, S23 Ultra và S23 FE). Sáng nay, Samsung đã bắt đầu triển khai lại rộng rãi bản cập nhật One UI 8, dựa trên nền tảng Android 16 rất được mong đợi. One UI 8 bắt đầu được triển khai lại cho dòng S23 ẢNH: CHỤP MÀN HÌNH SAMMOBILE Bản cập nhật này được phát hành lần đầu vào ngày 29.9. Tuy nhiên, gần một tháng sau, vào ngày 21.10, gã khổng lồ công nghệ Hàn Quốc đột ngột tạm dừng quá trình này. Mặc dù lý do chính thức không được công bố, nhiều nguồn tin cho rằng động thái này liên quan đến một số vấn đề khởi động (boot issues) mà người dùng gặp phải sau khi nâng cấp. Sau vài ngày khắc phục, bản cập nhật hiện đã ổn định và có sẵn trở lại. Những người dùng chưa kịp nâng cấp trong đợt đầu, hoặc đã kiểm tra trong thời gian bị tạm dừng, giờ đây có thể tải về và cài đặt mà không gặp bất kỳ sự cố nào. Theo các thông tin rò rỉ, Samsung cũng được cho là đang tích cực chuẩn bị cho bản cập nhật lớn tiếp theo là One UI 8.5 . Bản nâng cấp này dự kiến sẽ được tung ra vào khoảng tháng 2 hoặc tháng 3 năm sau và dòng Galaxy S23 chắc chắn sẽ là một trong những thiết bị đầu tiên được 'lên đời'.",,"Samsung, bản cập nhật, One UI, S23 Ultra, GALAXY, Phát hành, Android, thiết bị",https://images2.thanhnien.vn/thumb_w/640/528068263637045248/2025/11/4/galaxy-s23-ultra-update-1200x675-1762223750301-1762223750953801187255.jpg,"[""https://images2.thanhnien.vn/thumb_w/640/528068263637045248/2025/11/4/galaxy-s23-ultra-update-1200x675-1762223750301-1762223750953801187255.jpg""]",,2025-11-04T10:29:00+07:00,2026-07-03T14:35:24.931041,Công nghệ,,,,
185241220101137423,https://thanhnien.vn/gmail-dung-ai-chong-lai-nan-lua-dao-cuoi-nam-185241220101137423.htm,thanhnien.vn,,,,,,Gmail dùng AI chống lại nạn lừa đảo cuối năm,"Gmail trình làng công nghệ AI 'diệt' spam, bảo vệ người dùng trong mùa lễ cuối năm.","Theo BGR , Google vừa thông báo Gmail đã được trang bị 'vũ khí' mới chống lại các chiêu trò lừa đảo trực tuyến, đặc biệt là trong mùa lễ hội cuối năm. Gmail chống lại làn sóng spam lừa đảo cuối năm nhờ AI ẢNH: AFP Gmail chống lại nạn spam hiệu quả nhờ AI Theo giám đốc quản lý sản phẩm cấp cao Andy Wen của Google, nhờ ứng dụng trí tuệ nhân tạo ( AI ), số lượng email lừa đảo lọt vào hộp thư đến của người dùng Gmail đã giảm 35% so với cùng kỳ năm ngoái. 'Bí kíp' nằm ở các mô hình AI mới, đặc biệt là mô hình ngôn ngữ lớn (LLM) được huấn luyện chuyên sâu về lừa đảo, phần mềm độc hại và thư rác. Mô hình này giúp Gmail chặn thêm 20% email rác và xử lý lượng thư rác do người dùng báo cáo hằng ngày nhiều hơn 1.000 lần. Bên cạnh việc triển khai hệ thống chống lại nạn spam lừa đảo, Google cũng chia sẻ các cảnh báo cho người dùng về 3 chiêu trò lừa đảo phổ biến trong mùa lễ hội cuối năm nay. Đầu tiên là chiêu trò gửi hóa đơn giả mạo, nhằm mục đích dụ dỗ người dùng gọi điện để tranh chấp và lừa đảo chiếm đoạt tiền. Tiếp đến là hình thức giả mạo thành người nổi tiếng hoặc lợi dụng hình ảnh của họ để quảng cáo. Cuối cùng, người dùng sẽ bị kẻ gian gửi email đe dọa gây hại về thể chất hoặc tung tin đồn thất thiệt về người dùng. Để bảo vệ bản thân, Google khuyến cáo người dùng nên thận trọng với các email đáng ngờ, kiểm tra kỹ thông tin người gửi, không chuyển tiền cho người lạ và báo cáo email lừa đảo. Giờ đây, với sự trợ giúp đắc lực của AI, Gmail đang ngày càng trở nên an toàn hơn, giúp người dùng yên tâm trước các vấn nạn lừa đảo đang diễn ra tràn lan trên môi trường kỹ thuật số.",,"người dùng, Gmail, Email, chống lại, chiêu trò, lừa đảo, Spam, Kẻ gian, tin đồn",https://images2.thanhnien.vn/528068263637045248/2024/12/20/2162785-gmail-1582461684-1734664435100-173466443599028805197.jpeg,"[""https://images2.thanhnien.vn/528068263637045248/2024/12/20/2162785-gmail-1582461684-1734664435100-173466443599028805197.jpeg""]",,2024-12-20T15:20:00+07:00,2026-07-03T14:35:25.315326,Công nghệ,,,,
18525071815090115,https://thanhnien.vn/cach-giu-op-lung-dien-thoai-trong-suot-luon-nhu-moi-18525071815090115.htm,thanhnien.vn,,,,,,Cách giữ ốp lưng điện thoại trong suốt luôn như mới,"Ốp lưng điện thoại trong suốt thường mang lại vẻ đẹp gọn gàng và sạch sẽ khi mới mua, nhưng mọi thứ sẽ khác sau một thời gian sử dụng.","Ngay cả với những ốp lưng trong suốt đắt tiền, chúng có thể chuyển sang màu vàng ố mà nhiều người dùng không hề mong muốn. Tin vui là người dùng hoàn toàn có thể kéo dài tuổi thọ và vẻ ngoài trong suốt của ốp lưng chỉ với một vài thao tác đơn giản. Ốp lưng trong suốt có thể ố vàng sau một thời gian sử dụng ẢNH: K. VĂN Tránh ánh nắng trực tiếp Ánh sáng mặt trời, đặc biệt là tia UV, có thể làm ố vàng ốp lưng, nhất là những sản phẩm làm từ polyurethane nhiệt dẻo (TPU). Để bảo vệ ốp lưng, người dùng hãy hạn chế để điện thoại tiếp xúc với ánh nắng mặt trời, tránh để gần cửa sổ hay những nơi có ánh sáng trực tiếp. Không để ở nhiệt độ cao Nhiệt độ cao có thể làm tăng tốc độ phân hủy nhựa, điều này dẫn đến hiện tượng ố vàng nhanh hơn. Chính vì vậy, cách tốt nhất là tránh để điện thoại trong xe hơi nóng hoặc gần các thiết bị tỏa nhiệt. Khi sạc điện thoại, hãy đặt ở nơi thông thoáng để giảm thiểu nhiệt độ. Sử dụng điện thoại với tay sạch Dầu, mồ hôi và các hóa chất từ sản phẩm chăm sóc da đều có thể làm hỏng lớp phủ nhựa trên ốp lưng. Người dùng hãy tạo thói quen rửa tay trước khi sử dụng điện thoại, đặc biệt sau khi thoa kem dưỡng da. Hãy nhớ thường xuyên rửa tay trước khi cầm vào điện thoại ẢNH: REUTERS Vệ sinh ốp lưng thường xuyên Bụi bẩn là nguyên nhân chính khiến ốp lưng ngả vàng, do đó hãy vệ sinh ốp lưng bằng nước rửa chén dịu nhẹ và nước ấm mỗi tuần. Đối với vết bẩn cứng đầu, người dùng có thể sử dụng các chất như baking soda và bàn chải mềm để vệ sinh. Tuy nhiên, cần lưu ý là nên tránh các hóa chất mạnh có thể làm hỏng nhựa. Luân phiên sử dụng các ốp lưng Nếu có nhiều ốp lưng, tốt hơn hết là hãy thay đổi chúng một cách thường xuyên. Việc này giúp mỗi chiếc ốp lưng tránh khỏi việc tiếp xúc liên tục với nhiệt độ và ánh sáng, từ đó giúp kéo dài tuổi thọ cho chúng. Xét cho cùng, dù người dùng có chăm sóc cẩn thận đến đâu, ốp lưng trong suốt cũng sẽ có lúc ngả vàng. Tuy nhiên, áp dụng những thói quen trên sẽ giúp họ kéo dài thời gian sử dụng. Khi ốp lưng bắt đầu có dấu hiệu xuống cấp, có lẽ đã đến lúc người dùng thử nghiệm một sản phẩm mới. Có một điều người dùng cần nhớ rằng, không có chiếc ốp lưng nào tồn tại mãi mãi, nhưng nếu biết chăm sóc đúng cách, chiếc ốp lưng sẽ bền lâu hơn.",,"smartphone, vệ sinh, ốp lưng trong suốt",https://images2.thanhnien.vn/thumb_w/640/528068263637045248/2025/7/18/2-1752825804596598091901.jpg,"[""https://images2.thanhnien.vn/thumb_w/640/528068263637045248/2025/7/18/2-1752825804596598091901.jpg"", ""https://images2.thanhnien.vn/thumb_w/640/528068263637045248/2025/7/18/3-1752825966309719461475.jpg""]",,2025-07-20T10:14:00+07:00,2026-07-03T14:35:25.492643,Công nghệ,,,,
185251212100147648,https://thanhnien.vn/ung-dung-30-tuoi-gay-rui-ro-bao-mat-lon-cho-windows-185251212100147648.htm,thanhnien.vn,,,,,,Ứng dụng 30 tuổi gây rủi ro bảo mật lớn cho Windows,"Khi thời điểm năm 2026 đến gần, một vấn đề bảo mật nghiêm trọng liên quan đến ứng dụng đã 30 tuổi lại nổi lên.","Hôm 9.12, Cơ quan An ninh mạng và Cơ sở hạ tầng Mỹ (CISA) công bố thông tin về hai lỗ hổng bảo mật đã biết, trong đó có lỗ hổng CVE-2025-6218. Lỗ hổng này cho phép kẻ tấn công thực thi mã từ xa trên máy tính cài đặt WinRAR khi người dùng tương tác với các tệp hoặc trang web độc hại. Nhiều người dùng WinRAR vẫn chưa cập nhật lên phiên bản mới nhất ẢNH: CHỤP MÀN HÌNH Mặc dù RARLAB, nhà phát triển WinRAR, đã vá lỗi này vào tháng 6.2025, nhiều người dùng vẫn chưa cập nhật phiên bản mới nhất, tạo ra một lỗ hổng bảo mật dễ dàng bị khai thác. Theo các báo cáo từ nhiều công ty bảo mật như BI.ZONE, Foresiet, SecPod và Synaptic Security, lỗ hổng CVE-2025-6218 đang bị khai thác bởi ít nhất hai nhóm tin tặc khác nhau. Lịch sử bảo mật đáng lo ngại trên WinRAR Ra mắt từ năm 1995, WinRAR không chỉ nổi tiếng với tính năng nén tốt mà còn thường xuyên bị phát hiện có lỗ hổng bảo mật khiến người dùng phải lo ngại. Một trong những lỗ hổng đáng chú ý là vào năm 2018, khi một lỗ hổng tồn tại suốt 20 năm cho phép kẻ tấn công truy cập vào các tệp tin nằm ngoài thư mục dự định. Vấn đề lớn nhất của WinRAR chính là mã nguồn cũ khiến việc vá lỗi trở nên khó khăn. Trong khi WinRAR vẫn hỗ trợ nhiều định dạng lưu trữ cũ, nó cũng tạo ra những điểm yếu dễ bị tấn công. Hơn nữa, nhiều người vẫn tiếp tục sử dụng WinRAR mà không xem xét đến các giải pháp thay thế hiện đại và an toàn hơn. Với sự phát triển của các công cụ nén hiện đại như Peazip, người dùng nên cân nhắc từ bỏ WinRAR. Các giải pháp thay thế này không chỉ nhanh và an toàn hơn mà còn hoàn toàn miễn phí, không cần đến thời gian dùng thử. Đã đến lúc người dùng nên xem xét việc chuyển sang các phần mềm nén hiện đại để bảo vệ an toàn cho dữ liệu của mình.",,"Lỗ hổng bảo mật, bản cập nhật, RARLAB, Windows",https://images2.thanhnien.vn/thumb_w/640/528068263637045248/2025/12/12/2-1765508401834521306178.jpg,"[""https://images2.thanhnien.vn/thumb_w/640/528068263637045248/2025/12/12/2-1765508401834521306178.jpg""]",,2025-12-12T10:18:00+07:00,2026-07-03T14:35:25.552675,Công nghệ,,,,
185250702103947331,https://thanhnien.vn/smartphone-pin-9000-mah-sap-thanh-hien-thuc-185250702103947331.htm,thanhnien.vn,,,,,,Smartphone pin 9.000 mAh sắp thành hiện thực,Nhiều người tiêu dùng có thể tự hỏi tại sao các công ty không trang bị pin lớn hơn cho smartphone của họ.,"Câu trả lời nằm ở sự cân bằng giữa kích thước, trọng lượng và hiệu suất. Mặc dù pin lớn hơn có thể kéo dài thời gian sử dụng, nhưng điều này cũng đồng nghĩa với việc smartphone sẽ trở nên cồng kềnh và nặng nề hơn, điều mà khách hàng không mấy ưa chuộng. Hơn nữa, pin lớn hơn thường tỏa ra nhiều nhiệt hơn, yêu cầu các nhà sản xuất phải trang bị hệ thống làm mát đặc biệt, từ đó làm tăng chi phí sản xuất. Công nghệ silicon mở đường cho những chiếc smartphone có pin dung lượng khủng ẢNH: INNOGYAN Tuy nhiên, tình hình này đang dần thay đổi với sự xuất hiện của các thế hệ smartphone mới. Thay vì dùng pin lithium truyền thống, các công ty Trung Quốc như Honor và Oppo đang chuyển sang công nghệ pin silicon mới cho phép tăng mật độ năng lượng mà không làm tăng kích thước của thiết bị. Pin silicon có thể mỏng như pin lithium nhưng chứa nhiều năng lượng hơn. Mặc dù lượng silicon trong pin hiện tại chỉ chiếm khoảng 10%, các thương hiệu như Oppo, Xiaomi, Honor, Nubia và OnePlus đã có thể tích hợp pin 7.000 mAh mà không làm cho smartphone trở nên cồng kềnh. Nhiều thử nghiệm nhằm nâng cấp dung lượng pin smartphone Oppo là công ty tiên phong trong việc sử dụng silicon trong pin smartphone, với Realme GT7 Pro là mẫu smartphone đầu tiên trang bị pin có hàm lượng silicon 10%. Công ty này cũng đang thử nghiệm pin với 15% silicon và đạt dung lượng 8.000 mAh. Hơn nữa, các smartphone thế hệ mới ra mắt vào cuối năm nay dự kiến sẽ có pin chứa 20% silicon, gấp đôi so với hiện tại để đạt dung lượng lên đến 8.500 mAh cho thiết kế một cell. So sánh thời lượng pin iPhone 14 Pro Max với các đối thủ Không dừng lại ở đó, Digital Chat Station cho biết các nhà sản xuất Trung Quốc đang xem xét việc tăng hàm lượng silicon lên 25 - 30% trong thời gian tới. Điều này có thể mở ra tương lai về những chiếc smartphone với pin 9.000 mAh xuất hiện trên thị trường, cho thấy sự phát triển mạnh mẽ trong công nghệ pin. Ngoài ra, một loại pin mới với vỏ kim loại cũng đang được phát triển hứa hẹn sẽ cải thiện hiệu suất và tăng dung lượng trong cùng một không gian vật lý. Mặc dù hiện tại chỉ tăng khoảng 5%, nhưng đây là một bước tiến đáng kể. Với sự phát triển như vậy, một trong số những ông lớn trong ngành công nghệ smartphone là Samsung có thể gặp phải bất lợi nếu không nhanh chóng áp dụng công nghệ mới. Công ty này dự kiến sẽ ra mắt Galaxy Z Fold 7 và Galaxy Z Flip 7 vào ngày 9.7, nhưng cả hai đều sử dụng pin lithium không lớn hơn so với các thế hệ trước. Khi mà công nghệ pin silicon phát triển nhanh chóng, các công ty không theo kịp xu hướng này có thể sẽ bị tụt lại phía sau trong cuộc đua công nghệ smartphone.",,"pin silicon, thời lượng pin, hệ thống làm mát",https://images2.thanhnien.vn/thumb_w/640/528068263637045248/2025/7/2/1-17514271293271046572454.jpg,"[""https://images2.thanhnien.vn/thumb_w/640/528068263637045248/2025/7/2/1-17514271293271046572454.jpg""]",,2025-07-04T09:31:00+07:00,2026-07-03T14:35:25.750390,Công nghệ,,,,
185241203095916977,https://thanhnien.vn/microsoft-huong-dan-cach-cai-dat-windows-11-tren-pc-khong-ho-tro-185241203095916977.htm,thanhnien.vn,,,,,,Microsoft hướng dẫn cách cài đặt Windows 11 trên PC không hỗ trợ,Microsoft đã 'mở đường' cho người dùng cài Windows 11 trên những máy tính không đáp ứng điều kiện.,"Theo Neowin , mặc dù khuyến khích nâng cấp máy tính mới, nhưng Microsoft vẫn cung cấp hướng dẫn chi tiết để cài đặt Windows 11 trên những thiết bị không đáp ứng yêu cầu tối thiểu. Trong nỗ lực thúc đẩy người dùng chuyển sang Windows 11, Microsoft vừa cập nhật trang hỗ trợ với hướng dẫn chi tiết về cách cài đặt hệ điều hành này trên các PC không được hỗ trợ. Động thái này được đưa ra trong bối cảnh Windows 10 sắp kết thúc hỗ trợ và tỷ lệ người dùng Windows 11 vẫn chưa đạt như kỳ vọng. Microsoft cho phép cài đặt Windows 11 trên máy tính 'cổ' ẢNH: CHỤP MÀN HÌNH HYPERTEXTUAL Những điều cần biết khi cài đặt Windows 11 trên PC 'cổ' Trước khi tiến hành cài đặt, Microsoft yêu cầu người dùng phải chấp nhận một bản miễn trừ trách nhiệm, trong đó nêu rõ những rủi ro tiềm ẩn như các vấn đề tương thích và mất quyền nhận bản cập nhật. Các bước cài đặt Tải công cụ PC Health Check: Đây là bước đầu tiên và cũng rất quan trong, công cụ này của Microsoft sẽ hỗ trợ người dùng kiểm tra xem PC có đáp ứng yêu cầu tối thiểu của Windows 11 hay không. Công cụ PC Health Check giúp kiểm tra độ tương thích của PC với Windows 11 ẢNH: CHỤP MÀN HÌNH NOTEBOOK CHECK Tải tệp ISO Windows 11: Nếu hệ thống đáp ứng yêu cầu sau khi kiểm tra, người dùng hãy truy cập trang web chính thức của Microsoft để tải về bản cài đặt Windows 11, địa chỉ tại www.microsoft.com/en-us/software-download/windows11 . Sau khi tải về, mở tệp tin ISO và chạy tệp tin 'setup.exe' để bắt đầu quá trình cài đặt. Cuối cùng, đọc kỹ và chấp nhận bản miễn trừ trách nhiệm trước khi tiếp tục. Làm theo hướng dẫn trên màn hình để tiếp tục quá trình cài đặt. Khôi phục Windows 10 nếu gặp sự cố Microsoft cũng cung cấp hướng dẫn chi tiết để quay lại Windows 10 trong trường hợp người dùng gặp sự cố sau khi cài đặt Windows 11 trên PC không được hỗ trợ. Điều kiện là thao tác này phải được thực hiện trong vòng 10 ngày sau khi nâng cấp. Các bước khôi phục như sau: Mở ứng dụng Settings bằng tổ hợp phím Windows + I. Chọn System > Recovery và nhấn vào nút Go back. Sau đó thực hiện theo các hướng dẫn trên màn hình để khôi phục hệ điều hành. Lưu ý: Người dùng sở hữu CPU quá cũ, không hỗ trợ tập lệnh PopCnt và SSE4.2, sẽ không thể cài đặt Windows 11. Nhìn chung, Microsoft đang nỗ lực tạo điều kiện cho người dùng tiếp cận Windows 11, ngay cả trên những thiết bị cũ. Tuy nhiên, người dùng cần cân nhắc kỹ những rủi ro tiềm ẩn trước khi quyết định thực hiện.",,"Windows 11, cài đặt Windows, thiết bị, Máy tính, công cụ",https://images2.thanhnien.vn/thumb_w/640/528068263637045248/2024/12/3/windows-11-17331951893261610101563.jpg,"[""https://images2.thanhnien.vn/thumb_w/640/528068263637045248/2024/12/3/windows-11-17331951893261610101563.jpg"", ""https://images2.thanhnien.vn/thumb_w/640/528068263637045248/2024/12/3/untitled4850-1733195407016-17331954074342102234468.png""]",,2024-12-04T14:50:00+07:00,2026-07-03T14:35:25.978275,Công nghệ,,,,
185260116095356285,https://thanhnien.vn/tong-bi-thu-du-khoi-cong-nha-may-chip-ban-dan-dau-tien-tai-viet-nam-185260116095356285.htm,thanhnien.vn,,,,,,Tổng Bí thư dự khởi công nhà máy chip bán dẫn đầu tiên tại Việt Nam,"Tập đoàn Viettel chính thức khởi công xây dựng nhà máy chế tạo chip bán dẫn đầu tiên tại Việt Nam, đánh dấu bước ngoặt lịch sử của ngành công nghiệp công nghệ cao. Sự kiện có sự tham dự của Tổng Bí thư Tô Lâm cùng lãnh đạo cấp cao của Đảng, Nhà nước, mở ra kỳ vọng Việt Nam từng bước làm chủ công nghệ lõi và tham gia sâu vào chuỗi giá trị bán dẫn toàn cầu.","Sáng 16.1, tại Khu công nghệ cao Hòa Lạc (Hà Nội), Tập đoàn Viettel đã tổ chức lễ khởi công dự án Nhà máy chế tạo chip bán dẫn công nghệ cao đầu tiên tại Việt Nam. Dự lễ khởi công có Tổng Bí thư Tô Lâm ; Thủ tướng Phạm Minh Chính; đại tướng Phan Văn Giang, Bộ trưởng Bộ Quốc phòng; cùng lãnh đạo nhiều bộ, ban, ngành T.Ư, các tổ chức, doanh nghiệp và đối tác trong nước, quốc tế. Tổng Bí thư Tô Lâm, Thủ tướng Phạm Minh Chính dự lễ khởi công nhà máy chế tạo chip bán dẫn đầu tiên tại Việt Nam ẢNH: NHẬT BẮC Dự án được triển khai trên diện tích 27 ha, do Viettel thực hiện theo nhiệm vụ Bộ Quốc phòng giao, trên cơ sở hiện thực hóa Nghị quyết 57 của Bộ Chính trị. Nhà máy được định hướng trở thành hạ tầng công nghệ mang tính quốc gia, phục vụ nghiên cứu, thiết kế, thử nghiệm và sản xuất chip bán dẫn, góp phần hình thành hệ sinh thái bán dẫn hoàn chỉnh tại Việt Nam. Hoàn thiện ""mắt xích"" quan trọng nhất của chuỗi sản xuất chip Theo các chuyên gia, một sản phẩm chip bán dẫn hoàn chỉnh phải trải qua 6 công đoạn chính: định nghĩa sản phẩm, thiết kế hệ thống, thiết kế chi tiết, chế tạo chip, đóng gói - đo kiểm và tích hợp - thử nghiệm. Thời gian qua, Việt Nam đã từng bước tham gia được 5/6 công đoạn, chủ yếu ở khâu thiết kế và kiểm thử. Riêng công đoạn chế tạo chip - khâu phức tạp, tốn kém và then chốt nhất - đến nay vẫn chưa thể thực hiện trong nước. Việc xây dựng nhà máy chế tạo chip bán dẫn tại Hòa Lạc được kỳ vọng sẽ ""khép kín"" toàn bộ quy trình sản xuất chip ngay tại Việt Nam. Khi đi vào hoạt động, nhà máy có thể đáp ứng nhu cầu của nhiều ngành công nghiệp trọng điểm như hàng không - vũ trụ, viễn thông, internet vạn vật (IoT), sản xuất ô tô, thiết bị y tế, tự động hóa và quốc phòng - an ninh. Chế tạo chip bán dẫn được xem là một trong những quy trình công nghệ tinh vi và đòi hỏi kỷ luật cao bậc nhất hiện nay. Từ một tấm wafer silic có độ tinh khiết gần như tuyệt đối, chip được hình thành qua khoảng 1.000 bước công nghệ liên tiếp, kéo dài trong vòng 3 tháng. Chỉ một sai sót nhỏ ở bất kỳ công đoạn nào cũng có thể ảnh hưởng đến toàn bộ dây chuyền sản xuất, đòi hỏi trình độ quản trị, tổ chức và làm chủ công nghệ ở mức rất cao. Tạo nền tảng cho hệ sinh thái và nguồn nhân lực bán dẫn Không chỉ đóng vai trò sản xuất, nhà máy còn được kỳ vọng trở thành trung tâm đào tạo thực hành cho nguồn nhân lực bán dẫn chất lượng cao, gắn đào tạo với môi trường sản xuất thực tế. Đây là nền tảng quan trọng để Việt Nam thực hiện mục tiêu đào tạo 50.000 kỹ sư thiết kế chip đến năm 2030, hướng tới quy mô hơn 100.000 nhân lực ngành bán dẫn theo Chiến lược bán dẫn quốc gia đến năm 2040. Tổng Bí thư Tô Lâm tham quan gian trưng bày chip bán dẫn ẢNH: NHẬT BẮC Trung tướng Tào Đức Thắng, Chủ tịch kiêm Tổng giám đốc Tập đoàn Viettel, cho biết ngay sau lễ khởi công, Viettel sẽ khẩn trương triển khai dự án theo đúng lộ trình. Dự kiến đến cuối năm 2027, nhà máy sẽ hoàn thành xây dựng, tiếp nhận chuyển giao công nghệ và bắt đầu sản xuất thử nghiệm. Giai đoạn 2028 - 2030 tập trung hoàn thiện, tối ưu quy trình, nâng cao hiệu suất dây chuyền theo tiêu chuẩn ngành, làm cơ sở nghiên cứu các công nghệ chế tạo chip ở tiến trình hiện đại hơn. Dự án được triển khai trong giai đoạn 2026 - 2030 và về dài hạn, nhà máy tại Hòa Lạc được quy hoạch để có thể mở rộng quy mô, tạo nền tảng cho Việt Nam từng bước tiếp cận các công nghệ bán dẫn tiên tiến. Việc khởi công nhà máy chế tạo chip bán dẫn công nghệ cao không chỉ là dấu mốc của riêng Viettel, mà còn là bước tiến chiến lược trong hành trình xây dựng năng lực công nghệ quốc gia, góp phần hiện thực hóa mục tiêu ""tự chủ công nghệ, vững bền tương lai"" của Việt Nam.",,"nhà máy chip bán dẫn,Viettel,Tổng Bí thư Tô Lâm,công nghệ cao Việt Nam,Hòa Lạc",https://images2.thanhnien.vn/528068263637045248/2026/1/16/tbt-du-khoi-cong-nha-may-chip-1768533170111423025116.jpg,"[""https://images2.thanhnien.vn/528068263637045248/2026/1/16/tbt-du-khoi-cong-nha-may-chip-1768533170111423025116.jpg"", ""https://images2.thanhnien.vn/528068263637045248/2026/1/16/tbt-to-lam-17685332974501056287033.jpg""]",,2026-01-16T10:36:00+07:00,2026-07-03T14:35:26.076547,Công nghệ,,,,
185240827124414933,https://thanhnien.vn/cach-youtube-mo-rong-tam-anh-huong-tren-truyen-hinh-185240827124414933.htm,thanhnien.vn,,,,,,Cách YouTube mở rộng tầm ảnh hưởng trên truyền hình,"YouTube hiện là dịch vụ phát trực tuyến phổ biến nhất trên truyền hình ở Mỹ, đồng thời dịch vụ này cũng đã đạt được thành công ở các quốc gia khác.","Được biết đến ban đầu là các video lan truyền nhưng YouTube đã từng bước vượt qua các dịch vụ phát trực tuyến mà nó cạnh tranh. Vậy làm thế nào để công ty duy trì tính cạnh tranh trên các mạng xã hội và kênh truyền hình? YouTube ngày càng trở nên quen thuộc với người dùng truyền hình CHỤP MÀN HÌNH MEDIA LEADER Theo Neal Mohan, Giám đốc điều hành của YouTube, 150 triệu người ở Mỹ xem YouTube trên truyền hình mỗi tháng, với nội dung được xem giống như nội dung xem trên smartphone như ca nhạc, các pha nguy hiểm của Mr. Beast và thậm chí cả các video dọc theo phong cách TikTok có tên Shorts. Dữ liệu từ Nielsen chuyên theo dõi lượng người xem truyền hình cho thấy YouTube đứng đầu bảng xếp hạng thời gian phát trực tuyến trên truyền hình tại Mỹ trong 17 tháng liên tiếp. Vào tháng 6.2024, thị phần của nền tảng này tăng vọt lên 9,9%, phá vỡ kỷ lục đối với bất kỳ nền tảng phát trực tuyến nào. Những con số càng trở nên ấn tượng hơn khi chúng ta biết rằng dữ liệu này không bao gồm những người xem trên điện thoại di động, máy tính bảng, máy tính hay thậm chí là ứng dụng YouTube TV. Thay đổi cái nhìn về truyền hình Chính trong thời kỳ đại dịch Covid-19, khi mọi người phải ở nhà, lượng khán giả xem truyền hình trên YouTube bắt đầu tăng và xu hướng này vẫn tiếp tục. Theo phân tích của New York Times , sự quan tâm đến trải nghiệm truyền hình thoải mái hơn dường như đã thu hút được nhiều đối tượng khán giả khác nhau. Với Neal Mohan, bài học quan trọng nhất mà YouTube đã học được trong những năm gần đây là để người sáng tạo tự quyết định nội dung. Ông cho biết trong một cuộc phỏng vấn với New York Times rằng: ""Những người sáng tạo giỏi hơn nhiều trong việc dự đoán những gì người hâm mộ và khán giả của chúng tôi mong muốn. Đây là chương trình truyền hình được làm lại cho thế hệ mới"". Chính điều này dẫn đến sức hút của YouTube đối với khán giả trẻ tuổi. Dữ liệu của Nielsen cho biết, khoảng 48% khán giả truyền hình là những người dưới 34 tuổi. Sự đa dạng của nội dung và thực tế là YouTube có tính toàn cầu cũng đã giúp nền tảng này thu hút được các hộ gia đình da màu, châu Á… khi những cộng đồng này có thể tìm thấy nội dung trên YouTube mà họ không thể tìm thấy trên truyền hình Mỹ. Về cơ bản, dịch vụ này là một thứ gì đó dành cho mọi chủng tộc. Chương trình Đối tác YouTube mang đến nguồn thu cho các nhà sáng tạo lẫn Google CHỤP MÀN HÌNH Ngược lại, quyền tự do sáng tạo mà YouTube cấp cho người sáng tạo đã thu hút ngày càng nhiều người. Nhà sản xuất nội dung không bị ràng buộc bởi yêu cầu của các đài truyền hình và hãng phim hay thậm chí là nghĩa vụ hợp đồng. Cách kinh doanh thông minh Không thể phủ nhận rằng Google đã đầu tư rất lớn vào YouTube. Hiện tại, nền tảng video này có mô hình Shorts để cạnh tranh với TikTok và Instagram Reels, đồng thời tiếp tục với định dạng thông thường là video dài hơn. Bên cạnh đó còn có YouTube Music và Studio. Đáng chú ý, khi nói đến nội dung cạnh tranh với các kênh truyền hình lớn cũng như phim truyền hình trực tuyến, khoản đầu tư của YouTube vẫn nhỏ hơn đáng kể. Trong khi Netflix chi 17 tỉ USD mỗi năm cho loạt phim mới, YouTube có những người sáng tạo nội dung độc lập tự sản xuất nội dung. Nếu video thành công và tăng được lượt xem cũng như tiền quảng cáo, YouTube sẽ gửi cho người sáng tạo 55% doanh thu đó, nhưng nếu không thành công, nền tảng này không mất tiền. Tổng cộng, YouTube đã chi trả khoảng 70 tỉ USD cho người sáng tạo và đối tác trong 3 năm qua nhưng luôn kiếm được lợi nhuận tương tự cho chính mình mà không gặp bất kỳ rủi ro tài chính nào.",,"mạng xã hội, Truyền hình trực tuyến, Google",https://images2.thanhnien.vn/thumb_w/640/528068263637045248/2024/8/27/1-1724737151607571107149.jpg,"[""https://images2.thanhnien.vn/thumb_w/640/528068263637045248/2024/8/27/1-1724737151607571107149.jpg"", ""https://images2.thanhnien.vn/thumb_w/640/528068263637045248/2024/8/27/2-1724737237081720232885.jpg""]",,2024-08-27T14:04:00+07:00,2026-07-03T14:35:26.195817,Công nghệ,,,,
185251216214317657,https://thanhnien.vn/ly-do-thanh-tim-kiem-google-co-them-nut-moi-185251216214317657.htm,thanhnien.vn,,,,,,Lý do thanh tìm kiếm Google có thêm nút '+' mới,"Gần đây, một nút dấu cộng (+) mới đã xuất hiện trong Google Tìm kiếm và khiến không ít người cảm thấy thắc mắc.","Theo CNET , nút ""+"" mới của Google Tìm kiếm được cung cấp nhằm cho phép người dùng tải lên hình ảnh và tài liệu để phân tích bằng trí tuệ nhân tạo (AI) thông qua Chế độ AI của Google. Tuy nhiên, Google vẫn chưa công bố thông tin chính thức về tính năng này, cho thấy nút này có thể đang trong giai đoạn thử nghiệm và chỉ dành cho một số ít người dùng. Dấu '+' xuất hiện bên cạnh thanh tìm kiếm của Google ẢNH: CHỤP MÀN HÌNH Chức năng tải lên hình ảnh hoặc tài liệu cho phép người dùng sử dụng Chế độ AI, trong đó công nghệ Gemini sẽ phân tích nội dung và cho phép đặt câu hỏi liên quan. Ví dụ, nếu người dùng tải lên hướng dẫn lắp ráp mô hình, họ có thể hỏi về nơi mua các bộ phận cụ thể trực tuyến. Google tăng tốc cuộc đua AI Hiện tại, Google chưa phản hồi về yêu cầu bình luận liên quan đến tính năng này. Việc tích hợp các tính năng AI nâng cao vào Google Tìm kiếm diễn ra trong bối cảnh công ty đang chuyển hướng mạnh mẽ sang AI nhằm cạnh tranh với OpenAI, công ty đứng đằng sau ChatGPT. Sự ra mắt gần đây của Gemini 3 được cho là đã khiến OpenAI rơi vào tình trạng ""báo động đỏ"", dẫn đến việc công ty này phát hành mô hình GPT-5.2 để duy trì khả năng cạnh tranh. CEO Google: Nếu bong bóng AI vỡ, không doanh nghiệp nào 'lành lặn' Với quy mô lớn, Google có lợi thế trong việc cung cấp nhiều tính năng hơn với cùng một mức chi phí so với OpenAI. Công ty cũng cung cấp hàng terabyte dung lượng lưu trữ bổ sung trong Google Drive cho người dùng đăng ký, cùng với các cửa sổ ngữ cảnh lớn khi sử dụng công cụ AI Gemini. Đặc biệt, Gemini 3 được huấn luyện trên chip Tensor Processing Unit (TPU) do chính Google sản xuất, giúp công ty không phụ thuộc vào nhà sản xuất chip bên thứ ba và vẫn có thể phát triển các mô hình AI hiệu năng cao. Một số nhà quan sát nhận định Google đang thực sự vượt lên trong cuộc đua AI.",,"Công cụ tìm kiếm, tính năng mới, Gemini, trí tuệ nhân tạo",https://images2.thanhnien.vn/thumb_w/640/528068263637045248/2025/12/16/1-1765895964542531313129.jpg,"[""https://images2.thanhnien.vn/thumb_w/640/528068263637045248/2025/12/16/1-1765895964542531313129.jpg""]",,2025-12-17T07:17:00+07:00,2026-07-03T14:35:27.048178,Công nghệ,,,,
185250228151925037,https://thanhnien.vn/gan-900-trieu-vu-tan-cong-lua-dao-trong-nam-2024-185250228151925037.htm,thanhnien.vn,,,,,,Gần 900 triệu vụ tấn công lừa đảo trong năm 2024,Các giải pháp bảo mật của Kaspersky đã ngăn chặn hơn 893 triệu vụ tấn công lừa đảo trong năm 2024 - nhiều hơn 26% so với gần 710 triệu vụ tấn công trong năm 2023.,"Vào giai đoạn này, tội phạm mạng thường sử dụng các chiêu trò lừa đảo, đánh vào tâm lý của du khách với vé máy bay và đặt phòng khách sạn giả mạo, tour du lịch không có thật và những ưu đãi ""hấp dẫn đến mức khó tin"". Một ví dụ về lừa đảo giả mạo trên TikTok Shop Ảnh: chụp màn hình Các chuyên gia ghi nhận hàng loạt hình thức lừa đảo trực tuyến nhắm vào mục tiêu đánh cắp dữ liệu, tiền bạc và phát tán phần mềm độc hại. Năm 2024, tội phạm mạng thường xuyên giả mạo giao diện trang web của các thương hiệu nổi tiếng như Booking, Airbnb, TikTok, Telegram và nhiều nền tảng khác. Đơn cử, một trong những chiến dịch lừa đảo đang diễn ra nhắm vào người dùng trên TikTok Shop, kẻ gian tạo các trang đăng nhập giả mạo để đánh cắp thông tin tài khoản của người bán. Bên cạnh đó, chúng còn tận dụng các xu hướng tin tức để dàn dựng các kịch bản lừa đảo, điển hình như trò chơi tiền điện tử Hamster Kombat và ví TON. Trong năm 2024, tội phạm mạng vẫn sử dụng các chiêu trò lừa đảo như lợi dụng hình ảnh giả mạo của những người nổi tiếng để quảng bá các chương trình tặng quà có giá trị. Trên thực tế, những phần quà này không bao giờ được trao tới tay người nhận. Xu hướng này dự kiến vẫn sẽ tiếp tục được tội phạm sử dụng trong năm 2025. Bà Olga Svistunova, chuyên gia bảo mật tại Kaspersky nhận định: ""Mặc dù thủ đoạn lừa đảo không có nhiều thay đổi, nhưng tin tặc không ngừng cải tiến cách thức che giấu hành vi. Chúng tận dụng các tin tức nóng , chủ đề đang được quan tâm và thậm chí kết hợp thương hiệu của nhiều công ty trên cùng một trang lừa đảo để tăng hiệu quả chiến dịch. Các công cụ sử dụng trí tuệ nhân tạo (AI) giúp tin tặc tạo ra những trang web giả mạo cực kỳ thuyết phục, khiến việc phát hiện lừa đảo trở nên khó khăn hơn. Những chiến thuật ngày càng tinh vi này không chỉ gây nguy hiểm cho an ninh tài chính mà còn đe dọa đến thông tin cá nhân của người dùng. Do đó, nhiệm vụ cảnh giác và sử dụng các giải pháp an ninh mạng mạnh mẽ và linh hoạt càng trở nên cấp thiết hơn"". Thư rác và chiến dịch email độc hại được sử dụng thường xuyên Theo dữ liệu của Kaspersky, năm 2024 đã có tổng số hơn 125 triệu tệp đính kèm chứa nội dung độc hại được phát hiện trong email của cả người dùng cá nhân và doanh nghiệp. Sử dụng email là thư rác là phương pháp được tin tặc thường xuyên sử dụng Ảnh: AFP Các chuyên gia nhận thấy tội phạm mạng đã sử dụng nhiều chiến thuật khác nhau trong các chiến dịch email nhắm vào doanh nghiệp. Chúng thường gửi email đính kèm tập tin được bảo vệ bằng mật khẩu có chứa mã độc , hoặc đính kèm hình ảnh SVG được ngụy trang như một tập tin đồ họa vô hại, cùng nhiều hình thức lừa đảo khác. Để dụ dỗ nạn nhân nhấp vào nội dung độc hại, chúng tìm cách giả mạo thư triệu tập tòa án, giao dịch hấp dẫn, giả mạo thông báo chính thức và nhiều hình thức khác. Trung bình, cứ hai email gửi tới hộp thư doanh nghiệp lại có một email là thư rác, chiếm tới 47% tổng số email gửi/nhận trên toàn cầu, tăng 1,27% so với năm trước. Mặc dù thư rác có thể bao gồm nhiều mối đe dọa qua email khác nhau, bao gồm cả các hình thức lừa đảo kể trên, song không phải lúc nào thư rác cũng độc hại, mà chủ yếu là quảng cáo không mong muốn. Cũng theo các chuyên gia, thư rác trong doanh nghiệp năm vừa qua hầu hết chứa quảng cáo về giải pháp AI (trí tuệ nhân tạo), hội thảo trực tuyến, dịch vụ quảng bá trực tuyến, các chương trình tăng lượt theo dõi và nhiều hình thức khác. Để không trở thành nạn nhân của các vụ tấn công lừa đảo và tin nhắn chứa nội dung độc hại, các chuyên gia Kaspersky khuyến nghị: Chỉ mở email và nhấp vào liên kết từ người gửi đáng tin cậy. Nếu thông tin người gửi hợp pháp nhưng nội dung email có vẻ đáng ngờ, hãy xác minh lại bằng cách liên hệ với người gửi qua một kênh khác. Nếu nghi ngờ một trang web lừa đảo, hãy kiểm tra kỹ chính tả của đường dẫn URL. Những trang giả mạo thường chứa các ký tự dễ gây nhầm lẫn, chẳng hạn như số ""1"" thay vì chữ ""I"" hoặc số ""0"" thay vì chữ ""O"". Sử dụng giải pháp bảo mật đáng tin cậy khi duyệt web. Nhờ tích hợp nguồn dữ liệu tình báo mối đe dọa quốc tế, các giải pháp này có thể phát hiện và ngăn chặn thư rác cũng như chiến dịch lừa đảo.",,"Giả mạo, tội phạm, Thư rác, tội phạm mạng",https://images2.thanhnien.vn/528068263637045248/2025/2/28/picture1-17407304538931263553131.png,"[""https://images2.thanhnien.vn/528068263637045248/2025/2/28/picture1-17407304538931263553131.png"", ""https://images2.thanhnien.vn/thumb_w/640/528068263637045248/2025/2/28/spam-1740730575550503152628.jpg""]",,2025-02-28T15:31:00+07:00,2026-07-03T14:35:27.217113,Công nghệ,,,,
185250627112710071,https://thanhnien.vn/trai-nghiem-sony-wh-1000xm6-chuan-muc-moi-cho-tai-nghe-chong-on-185250627112710071.htm,thanhnien.vn,,,,,,Trải nghiệm Sony WH-1000XM6: chuẩn mực mới cho tai nghe chống ồn,"Tai nghe WH-1000XM6 được Sony nâng cấp toàn diện về khả năng chống ồn, chất lượng âm thanh và thiết kế, hướng đến người dùng cần sự yên tĩnh và tiện lợi trong môi trường hiện đại.","Thiết kế gập gọn gàng, tối ưu khi di chuyển Tai nghe không dây Sony WH-1000XM6 mang trở lại thiết kế gập gọn quen thuộc, sau khi thế hệ XM5 loại bỏ tính năng này khiến người dùng gặp đôi chút bất tiện. Nhờ đó, việc cất giữ tai nghe trong hộp vải đi kèm trở nên dễ dàng hơn, đặc biệt với những ai thường xuyên di chuyển. Phần hộp cũng được làm mới, sử dụng chất liệu vải dệt kết hợp nam châm cho phần nắp, vừa chắc chắn vừa tăng tính thẩm mỹ. Tai nghe Sony WH-1000XM6 trong hộp gập gọn – thiết kế tiện dụng trở lại, phù hợp với người dùng hay di chuyển ẢNH: KHẢI MINH Ngay khi cầm sản phẩm tai nghe không dây này lần đầu, cảm giác nhẹ hơn kỳ vọng là điều dễ nhận thấy. Chất liệu nhựa nhám phủ mịn không chỉ cho cảm giác cao cấp mà còn thân thiện khi chạm tay vào. Phần đệm tai dày và mềm, đi kèm gọng đỡ đầu có độ co giãn hợp lý, tạo cảm giác dễ chịu ngay cả khi đeo liên tục trong nhiều giờ liền. Trải nghiệm thực tế khi đeo tai nghe trong hơn 4 giờ nhưng không gặp hiện tượng nóng tai hay đau vành tai. Trong đó, 2 giờ đầu sử dụng ở chế độ xuyên âm để làm việc, và 2 giờ sau bật chống ồn để xem video, đều không gây cảm giác khó chịu hay cần phải tháo tai nghe giữa chừng. Hiệu năng chống ồn chủ động hiệu quả trong thực tế trên WH-1000XM6 WH-1000XM6 tiếp tục phát huy thế mạnh truyền thống của dòng tai nghe chống ồn cao cấp Sony. Vi xử lý chống ồn thế hệ mới QN3 HD kết hợp cùng hệ thống microphone đa hướng giúp nhận diện và xử lý tạp âm tốt hơn. Khi thử nghiệm tại các không gian như quán cà phê và văn phòng mở, tai nghe loại bỏ gần như hoàn toàn các âm thanh nền như tiếng người nói, máy lạnh hoặc tiếng đánh máy. Nút NC/AMB giúp chuyển nhanh giữa chế độ chống ồn và xuyên âm, bố trí rõ ràng và dễ nhận biết khi sử dụng. ẢNH: KHẢI MINH Chế độ chuyển đổi giữa chống ồn và xuyên âm hoạt động nhanh, cho phép người dùng thích ứng linh hoạt khi di chuyển giữa nhiều không gian khác nhau. Nút chuyển chế độ được bố trí rõ ràng trên thân tai nghe, kết hợp cùng đèn báo và phản hồi âm thanh, giúp việc nhận biết và thao tác diễn ra mượt mà trong quá trình sử dụng. Chất âm cân bằng, hỗ trợ tốt cho cả làm việc lẫn giải trí Bên cạnh chống ồn, chất lượng âm thanh trên Sony WH-1000XM6 cũng được cải thiện so với thế hệ trước. Tai nghe hỗ trợ codec LDAC, DSEE Extreme và 360 Reality Audio – những công nghệ đặc trưng của Sony nhằm nâng cao độ chi tiết của âm thanh. Giao diện thiết lập chi tiết trên ứng dụng Sound Connect của tai nghe WH-1000XM6 ẢNH: KHẢI MINH Trải nghiệm thực tế với các dịch vụ phát nhạc như Spotify và Apple Music cho thấy dải bass của WH-1000XM6 được kiểm soát tốt, có lực nhưng không bị lấn át các dải còn lại. Nhạc pop và acoustic được thể hiện rõ ràng, đặc biệt là phần vocal có độ tách bạch và nổi khối rõ rệt. Trong các bản nhạc giọng cao của các ca sĩ như Ngô Lan Hương, Trung Quân hoặc nhạc cụ, độ trong trẻo và sắc nét của dải mid và treble giúp mang lại trải nghiệm dễ chịu, không bị gắt. Khớp nối có thiết kế hoàn hảo, giúp tai nghe xoay linh hoạt mà không tạo tiếng động cho trải nghiệm thoải mái hơn ẢNH: KHẢI MINH Không gian âm cũng được thể hiện tốt, đủ để người nghe cảm nhận được các lớp nhạc cụ và chiều sâu của bản phối. Đây là mẫu tai nghe phù hợp với cả người nghe giải trí lẫn người cần sự tập trung khi làm việc. Nhiều tính năng thông minh, pin dùng thoải mái cả tuần WH-1000XM6 vẫn giữ lại các tính năng điều khiển cảm ứng quen thuộc: vuốt lên để tăng âm lượng, vuốt xuống để giảm, chạm hai lần để chơi nhạc/dừng. Tuy nhiên, thao tác vuốt tăng giảm âm lượng vẫn còn độ trễ nhẹ, cần được tinh chỉnh tốt hơn để có cảm giác trực quan hơn. Tính năng Adaptive Sound Control hoạt động ổn định, có thể tự nhận diện môi trường (đi bộ, ngồi cố định, di chuyển...) để chuyển đổi giữa chống ồn và xuyên âm. Người dùng cũng có thể tinh chỉnh cụ thể từng điều kiện thông qua ứng dụng Sound Connect. Đệm tai mềm, dày và ôm sát – tạo cảm giác thoải mái ngay cả khi đeo liên tục nhiều giờ ẢNH: KHẢI MINH Speak-to-Chat và Quick Attention đều hoạt động như kỳ vọng: chỉ cần bắt đầu nói, tai nghe tự động nhận dạng giọng nói của người nghe và chuyển sang chế độ nghe âm thanh bên ngoài, hoặc khi cần nghe nhanh âm thanh bên ngoài, chỉ cần đặt tay lên tai phải là có thể nghe âm môi trường tức thì. WH-1000XM6 hỗ trợ kết nối Bluetooth 5.4 và LE Audio, đồng thời giữ lại tính năng multipoint – cho phép kết nối hai thiết bị cùng lúc. Tính năng này hoạt động mượt khi chuyển đổi giữa laptop và điện thoại mà không gặp lỗi gián đoạn. Về pin, khi sử dụng 4–5 giờ mỗi ngày vẫn có thể dùng suốt một tuần mà chưa cần sạc lại. Đây là một điểm mạnh rõ rệt, đặc biệt với người dùng hay di chuyển. Đánh giá chung Sony WH-1000XM6 là minh chứng cho một bản nâng cấp tinh tế và hợp lý, duy trì những điểm mạnh vốn có trong khi khắc phục các hạn chế thực tiễn từng được ghi nhận ở thế hệ trước. Thiết kế gập gọn quay trở lại không chỉ là sự thay đổi về hình thức mà còn là phản hồi rõ ràng cho nhu cầu thực tế của người dùng hiện đại. Chất lượng hoàn thiện cao cấp, cảm giác đeo dễ chịu và pin đủ dùng trong cả tuần khiến sản phẩm trở thành lựa chọn đáng tin cậy cho cả công việc lẫn giải trí. Khả năng chống ồn vẫn là điểm nổi bật, nhưng lần này được bổ sung bằng sự ổn định trong xử lý môi trường thay đổi liên tục và khả năng kết nối đa thiết bị hiệu quả. Chất âm hướng đến sự cân bằng, phù hợp với nhiều thể loại nhạc và gu thưởng thức khác nhau.",,"Reality Audio, chống ồn, âm thanh, tai nghe",https://images2.thanhnien.vn/thumb_w/660/528068263637045248/2025/6/27/z6712837036343de720e540ebd416cf31fc6f50645dfab-1750998670033199714648.jpg,"[""https://images2.thanhnien.vn/thumb_w/660/528068263637045248/2025/6/27/z6712837036343de720e540ebd416cf31fc6f50645dfab-1750998670033199714648.jpg"", ""https://images2.thanhnien.vn/thumb_w/660/528068263637045248/2025/6/27/z6712837059292c6495680ac0daf058106978a47abca2c-17509986702051686134229.jpg"", ""https://images2.thanhnien.vn/thumb_w/660/528068263637045248/2025/6/27/z67128370470338a04f73bf66dfa34926cf1b091fa4c2f-17509986701241621930837.jpg"", ""https://images2.thanhnien.vn/thumb_w/640/528068263637045248/2025/6/27/z6712841054543ea23a3b786ce5027582766264d15b931-17509986702272115669757.jpg"", ""https://images2.thanhnien.vn/thumb_w/660/528068263637045248/2025/6/27/z6747051443937c871cdb9621a1d60dac1cfd6b702b3a0-17509990120101348322705.jpg"", ""https://images2.thanhnien.vn/thumb_w/660/528068263637045248/2025/6/27/z6747051455251134c2d3a3a102e090410e0ded523b305-17509990120551861816431.jpg"", ""https://images2.thanhnien.vn/thumb_w/660/528068263637045248/2025/6/27/z6747051452080b10119d167ebef4053e6e1f73c13a17c-1750999012033135950700.jpg"", ""https://images2.thanhnien.vn/thumb_w/640/528068263637045248/2025/6/27/z671283700881981083ca3b2dc5201f1f3963367fe17b1-17509986700221493679521.jpg"", ""https://images2.thanhnien.vn/thumb_w/640/528068263637045248/2025/6/27/z67128370365797633da3b8b0a52c08900b3128e22827d-1750998670058158665104.jpg""]",,2025-06-27T15:18:00+07:00,2026-07-03T14:35:27.409018,Công nghệ,,,,
185260403094619759,https://thanhnien.vn/google-them-3-tb-luu-tru-cho-nguoi-dung-goi-ai-pro-185260403094619759.htm,thanhnien.vn,,,,,,Google thêm 3 TB lưu trữ cho người dùng gói AI Pro,Google vừa có lời khẳng định đanh thép trước các đối thủ trong lĩnh vực lưu trữ đám mây khi nâng cấp miễn phí dung lượng gói AI Pro lên 5 TB.,"Trong một động thái đầy bất ngờ, Google vừa nâng cấp dung lượng lưu trữ đám mây cho gói AI Pro từ 2 TB lên thẳng 5 TB. Đáng chú ý, người dùng sẽ không phải trả thêm bất kỳ khoản phí nào cho sự thay đổi này. Người dùng Google hưởng lợi lớn khi dung lượng đám mây được mở rộng Cuộc đua trí tuệ nhân tạo (AI) đang dần chuyển dịch sang một mặt trận mới. Thay vì chỉ chạy đua về tính năng, Google đang dùng 'đặc sản' lưu trữ đám mây để giữ chân người dùng. Với việc nâng cấp lên mức 5 TB, gói AI Pro của Google giờ đây không chỉ là một công cụ hỗ trợ công việc thông minh mà còn là một kho lưu trữ khổng lồ cho mọi dữ liệu cá nhân. Google nâng cấp miễn phí thêm 3 TB lưu trữ cho gói AI Pro ẢNH: PHONG ĐỖ Với mức giá giữ nguyên ở mốc 489.000 đồng/tháng, việc tăng thêm 3 TB dung lượng biến gói AI Pro thành một lựa chọn cực kỳ kinh tế. Nếu so sánh với việc mua lẻ dung lượng lưu trữ đơn thuần, người dùng gói AI Pro đang được hưởng lợi kép khi vừa có 'trợ lý ảo' Gemini hỗ trợ soạn thảo, lập trình, vừa có không gian lưu trữ thoải mái cho hàng vạn bức ảnh và file nặng. Động thái này cũng giúp phân định rõ ràng hơn các tầng lớp dịch vụ của Google. Trong khi gói AI Ultra (6 triệu đồng/tháng) hướng đến những người dùng chuyên nghiệp cần tới 30 TB lưu trữ và những tính năng AI cao cấp nhất, thì AI Pro đang phù hợp cho người dùng phổ thông và bán chuyên. Rõ ràng, Google đang muốn chứng minh rằng việc tham gia vào hệ sinh thái AI của họ không chỉ là mua phần mềm mà là mua một giải pháp lưu trữ toàn diện cho tương lai số.",,"AI Pro, 3 TB lưu trữ, Miễn phí, lưu trữ đám mây",https://images2.thanhnien.vn/thumb_w/640/528068263637045248/2026/4/3/edit_photo_ovyocvgwjk-1775185075.jpg,"[""https://images2.thanhnien.vn/thumb_w/640/528068263637045248/2026/4/3/edit_photo_ovyocvgwjk-1775185075.jpg""]",,2026-04-03T10:54:00+07:00,2026-07-03T14:35:27.540083,Công nghệ,,,,
185250212174923659,https://thanhnien.vn/hieu-suat-galaxy-s25-ultra-vuot-mat-iphone-16-pro-max-185250212174923659.htm,thanhnien.vn,,,,,,Hiệu suất Galaxy S25 Ultra 'vượt mặt' iPhone 16 Pro Max,"Khi ra mắt chip A18 Pro cho iPhone 16 Pro Max, Apple đã tự hào tuyên bố đây là ""CPU nhanh nhất trong bất kỳ smartphone nào"".","Thông thường, mỗi phiên bản iPhone cao cấp đều vượt trội hơn so với các đối thủ Android trong các bài kiểm tra hiệu suất. Tuy nhiên, sự xuất hiện của Galaxy S25 Ultra đã làm thay đổi điều này, ít nhất trong bài kiểm tra mới nhất khi so sánh với iPhone 16 Pro Max . iPhone 16 Pro Max chậm hơn Galaxy S25 Ultra đến 16 giây ở vòng 1 trong bài kiểm tra ẢNH: PHONEBUFF Bài kiểm tra tốc độ được thực hiện bởi PhoneBuff , sử dụng một robot để chạy cùng một bộ ứng dụng trên cả hai điện thoại. Vòng đầu tiên đo tốc độ mở ứng dụng lần đầu tiên, trong khi vòng thứ hai kiểm tra khả năng giữ ứng dụng trong bộ nhớ. Theo bài kiểm tra, Galaxy S25 Ultra đã hoàn thành vòng đầu tiên của bài kiểm tra với tốc độ nhanh hơn iPhone 16 Pro Max đến 16 giây, một kết quả chưa từng thấy trước đây. iPhone 16 Pro Max chậm hơn dù chạy iOS ổn định Cũng theo PhoneBuff , Galaxy S25 Ultra có thể nhanh hơn iPhone 16 Pro Max trong một số tác vụ, mặc dù người dùng cần sử dụng cả hai điện thoại thường xuyên để nhận thấy sự khác biệt. Điều này đặt ra một thách thức lớn cho Apple, đặc biệt khi iPhone 16 Pro Max chạy trên phần mềm ổn định hơn so với bản Android 15 của Galaxy S25 Ultra. Sự cạnh tranh giữa Samsung và Apple sẽ càng trở nên thú vị khi A19 Pro ra mắt vào mùa thu năm nay với iPhone 17 Pro Max cùng với những tin đồn về phương pháp làm mát mới mà Apple sẽ áp dụng có thể giúp cải thiện hiệu suất. Bất chấp những kết quả này, nhiều người dùng iPhone cho biết họ vẫn cảm thấy hài lòng với hiệu suất của iPhone, ngay cả những mẫu tiêu chuẩn. Thực tế, ngay cả những chiếc iPhone cũ như iPhone 14 Pro Max vẫn mang đến hiệu suất làm việc khá tốt so với yêu cầu. Cuối cùng, mặc dù cuộc đua hiệu suất giữa Apple và Samsung đang ngày càng gay gắt, điều quan trọng là các công ty này không ngừng cải tiến công nghệ chip của mình để mang lại trải nghiệm người dùng tốt hơn, thời lượng pin lâu hơn và khả năng AI (trí tuệ nhân tạo) mạnh mẽ hơn trong tương lai.",,"Samsung, Apple, Snapdragon 8 Elite, A18 Pro, hiệu suất",https://images2.thanhnien.vn/thumb_w/640/528068263637045248/2025/2/12/2-17393570775061425570391.jpg,"[""https://images2.thanhnien.vn/thumb_w/640/528068263637045248/2025/2/12/2-17393570775061425570391.jpg""]",,2025-02-12T19:56:00+07:00,2026-07-03T14:35:27.707373,Công nghệ,,,,
185250407071538725,https://thanhnien.vn/fbi-ra-canh-bao-voi-nguoi-dung-dien-thoai-android-va-iphone-185250407071538725.htm,thanhnien.vn,,,,,,FBI ra cảnh báo với người dùng điện thoại Android và iPhone,Cục Điều tra liên bang Mỹ (FBI) vừa phát đi cảnh báo về tình trạng lừa đảo đang gia tăng nhằm chiếm đoạt tiền và thông tin cá nhân của người dân.,"Văn phòng FBI tại Philadelphia (Mỹ) cho biết những kẻ lừa đảo đang mạo danh các cơ quan thực thi pháp luật với thủ đoạn thường sử dụng số điện thoại giả mạo để khiến người nhận cuộc gọi tin rằng họ đang nói chuyện với một cơ quan chính thức. Người dùng iPhone và Android cần cẩn trọng trước những hình thức lừa đảo hiện nay ẢNH: YAHOO Các hình thức lừa đảo phổ biến bao gồm cuộc gọi điện thoại và email, trong đó kẻ lừa đảo có thể thông báo sẽ có người đến nhà để thu tiền. FBI nhấn mạnh không có cơ quan nào, bao gồm cả cảnh sát địa phương, yêu cầu người dùng chuyển tiền qua điện thoại hoặc đến nhà để nhận thanh toán. Họ cũng không bao giờ yêu cầu thanh toán tiền phạt hoặc nợ bằng thẻ quà tặng. Nếu nhận được cuộc gọi yêu cầu chuyển tiền , ngay cả khi số điện thoại có vẻ hợp pháp, hãy cúp máy ngay lập tức và gọi lại cho công ty hoặc cơ quan mà người dùng nghĩ họ đại diện. Không có cơ quan thực thi pháp luật nào đe dọa bắt giữ hoặc yêu cầu chuyển tiền qua điện thoại. Nếu có vấn đề pháp lý, họ sẽ đến gặp trực tiếp hoặc yêu cầu người dùng đến đồn để làm việc. Nhân viên CIA bị FBI bắt ở Campuchia, nghi làm lộ kế hoạch mật của Israel Khuyến cáo của FBI với trò lừa đảo mới Để bảo vệ bản thân khỏi những trò lừa đảo này, FBI đưa ra những lưu ý như sau: Cẩn trọng khi nhận cuộc gọi từ số điện thoại lạ. Không gửi tiền cho bất kỳ ai mà bản thân không biết rõ hoặc không tin tưởng. Không bao giờ cung cấp thông tin cá nhân, bao gồm số thẻ căn cước, qua điện thoại cho những người không quen biết. FBI cũng khẳng định họ sẽ không bao giờ gọi điện hoặc gửi email yêu cầu thanh toán hoặc đe dọa bắt giữ; yêu cầu người dùng sử dụng tiền của mình để giúp bắt tội phạm; cũng như yêu cầu chuyển tiền qua tài khoản nước ngoài, tiền điện tử hoặc thẻ quà tặng. Nếu nghi ngờ mình là nạn nhân của hành vi lừa đảo, người dùng hãy ngừng mọi liên lạc với kẻ lừa đảo; thông báo cho tổ chức tài chính và bảo vệ tài khoản; liên hệ với cơ quan thực thi pháp luật địa phương. Cuối cùng, người dùng được FBI khuyến cáo nên cẩn thận khi lưu giữ mọi thông tin giao dịch tài chính, bao gồm thẻ trả trước, hồ sơ ngân hàng và mọi liên lạc qua điện thoại, tin nhắn hoặc email.",,"Android, Iphone, gian lận tài chính",https://images2.thanhnien.vn/thumb_w/640/528068263637045248/2025/4/7/2-1743984653312920485517.jpg,"[""https://images2.thanhnien.vn/thumb_w/640/528068263637045248/2025/4/7/2-1743984653312920485517.jpg""]",,2025-04-08T10:18:00+07:00,2026-07-03T14:35:28.847375,Công nghệ,,,,
185260226014527608,https://thanhnien.vn/galaxy-s26-ai-phone-dau-tien-cua-samsung-trinh-lang-gia-tu-259-trieu-dong-185260226014527608.htm,thanhnien.vn,,,,,,"Galaxy S26 - AI Phone đầu tiên của Samsung trình làng, giá từ 25,9 triệu đồng","Samsung Galaxy S26 series vừa chính thức trình làng với nhiều điểm nhấn thú vị về sức mạnh phần cứng vượt trội, trải nghiệm AI trực quan và khả năng bảo mật, quyền riêng tư được cá nhân hóa.","""Chúng tôi tin rằng AI (trí tuệ nhân tạo) nên được thiết kế để mọi người đều có thể tin tưởng và sử dụng một cách dễ dàng nhất. Với Galaxy S26 series , chúng tôi sẽ hoàn thiện tầm nhìn đó khi mang đến cho người dùng trải nghiệm AI liền mạch và tự nhiên"", ông TM Roh, CEO, Chủ tịch kiêm Giám đốc Bộ phận Trải nghiệm Thiết bị (DX) của Samsung Electronics, mở đầu sự kiện Galaxy Unpacked 2026, lúc 1 giờ ngày 26.2 (giờ Việt Nam). Tại sự kiện, Samsung đã chính thức giới thiệu ba mẫu Galaxy S26, S26+ và S26 Ultra, đặt nền móng quan trọng cho xu hướng mới của ngành di động khi chuyển từ smartphone tích hợp AI sang AI Phone đúng nghĩa. Samsung Galaxy S26 Ultra vừa ra mắt hôm 26.2 ẢNH: KHƯƠNG NHA Sức mạnh phần cứng vượt trội Trên sân khấu Unpacked 2026, Samsung không dành nhiều thời gian để nói về thiết kế của Galaxy S26 series. Máy dùng khung thép, các góc cạnh được ôm cong, cho cảm giác cầm nắm dễ chịu. Samsung Galaxy S26, S26+ và S26 Ultra có kích thước màn hình lần lượt là 6,3 inch, 6,7 inch và 6,9 inch, công nghệ Dynamic AMOLED 2X, tần số quét 120 Hz. Điểm nhấn của Galaxy S26 series nằm ở sức mạnh phần cứng vượt trội. Phiên bản Ultra dùng bộ vi xử lý di động tùy biến Snapdragon 8 Elite Gen 5 Mobile Platform for Galaxy. Phiên bản cao cấp nhất dùng RAM 16 GB, bộ nhớ trong 1 TB. Dung lượng pin của Galaxy S26 là 4.300 mAh, tăng 300 mAh so với Galaxy S25. Bản Plus được trang bị viên pin 4.900 mAh. Trong khi đó, Galaxy S26 Ultra dùng pin 5.000 mAh, dùng sạc có dây 65W, sạc không dây Super Fast Charging 3.0 cho phép sạc từ 0% lên 75% trong vòng 30 phút. Samsung Galaxy S26, S26+ và S26 Ultra ẢNH: KHƯƠNG NHA Galaxy S26 series chạy hệ điều hành Android 16, giao diện One UI 8.5 mới nhất. Hỗ trợ kết nối 5G, kháng nước theo chuẩn IP68. Samsung Galaxy S26 và S26+ dùng cụm 3 máy ảnh gồm camera góc siêu rộng 12 MP và 50 MP, camera tele 10 MP hỗ trợ zoom quang học 3x. Cụm camera trước 12 MP. Trong khi đó, cụm máy ảnh chính trên Galaxy S26 Ultra được trang bị camera 200 MP, khẩu độ được mở rộng f/1.4. Camera tele độ phân giải lên đến 50 MP, hỗ trợ zoom quang học 5x. AI tràn ngập khắp nơi ""Hãy hình dung về một chiếc điện thoại di động có thể dự đoán thói quen trước cả khi bạn nhận ra. Nó có thể ghi nhớ, học hỏi thói quen của người dùng và thích ứng theo thời gian thực rồi chủ động gợi ý các hành động tiếp theo. Khi trí tuệ nhân tạo có độ phủ rộng hơn, đề cao tính cởi mở và được xây dựng trên nền tảng tin cậy, AI sẽ phát triển và trở thành Agentic AI"", ông TM Roh nói về tầm nhìn của Samsung về tương lai AI và bước tiến hóa tiếp theo của ngành công nghiệp di động. Galaxy S26 series được thiết kế để biến những trải nghiệm quen thuộc hằng ngày trở nên đơn giản và thân thiện hơn. Người dùng thậm chí không cần tìm, mở các ứng dụng AI mà có thể trò chuyện trực tiếp với trí tuệ nhân tạo để thực hiện hàng loạt tác vụ phức tạp, liền mạch. Sự kiện Unpacked 2026 có thể được ví như bữa tiệc AI Phone của Samsung. Trí tuệ nhân tạo xuất hiện khắp nơi, từ những việc đơn giản như xóa vật thể khỏi ảnh, thêm chi tiết vào hình, tìm kiếm nhanh cho đến những tác vụ phức tạp, cần kết hợp nhiều thao tác như Gợi ý thông minh (Now Nudge), Tóm tắt thông minh (Now Brief). Ảnh trước (chiếc bánh bị thiếu một phần) và ảnh sau được tái tạo đầy đủ bằng AI trên Galaxy S26 ẢNH: KHƯƠNG NHA Các cải tiến AI ISP 10 được mở rộng sang camera selfie giúp tự động nhận diện để tái tạo màu da, tóc bất chấp điều kiện ánh sáng phức tạp. Ngoài trợ lý Bixby, Galaxy S26 series còn tích hợp AI Gemini và Perplexity. Sau khi thiết lập, người dùng có thể hoàn tất tác vụ chỉ bằng một lần nhấn nút hoặc ra lệnh bằng giọng nói. Galaxy S26 series cũng có thể xử lý các tác vụ nhiều bước ở chế độ nền, giúp đơn giản hóa quy trình thay cho người dùng. AI còn giúp lọc cuộc gọi tự động (Call Screening) để nhận diện cuộc gọi từ số lạ và tóm tắt nhanh nội dung cuộc gọi. Trong khi đó, trí tuệ nhân tạo trong tính năng Private Album cho phép người dùng dễ dàng ẩn các ảnh và video đã chọn mà không cần tạo thư mục riêng. Màn hình chống nhìn trộm chủ động đầu tiên trên thế giới Song song với việc phát triển phần cứng và đẩy mạnh các tính năng AI trên Galaxy S26 series, Samsung cũng đặc biệt nhấn mạnh đến quyền riêng tư của người dùng. Công nghệ Privacy Display - chống nhìn trộm chủ động - lần đầu tiên được tích hợp trên điện thoại giúp bảo vệ quyền riêng tư ở cấp độ điểm ảnh. Đây được xem là bước đột phá về công nghệ hiển thị, thay đổi căn bản cách quyền riêng tư được bảo vệ trên smartphone. Samsung đã kết hợp sức mạnh phần cứng và phần mềm trên Galaxy S26 Ultra để kiểm soát chính xác cách các điểm ảnh phân tán ánh sáng, màn hình vẫn đảm bảo nội dung hiển thị rõ nét nhưng lại giúp chống nhìn trộm từ bốn phía. Công nghệ Privacy Display - chống nhìn trộm chủ động trên Samsung Galaxy S26 Ultra ẢNH: KHƯƠNG NHA Đặc biệt hơn, người dùng có thể tùy chỉnh thời điểm tự động kích hoạt tính năng chống nhìn trộm như khi nhập PIN, mật khẩu hoặc mở ứng dụng cụ thể. Privacy Display còn cho phép điều chỉnh mức độ riêng tư tùy theo tình huống. Samsung nhắc đến mật mã hậu lượng tử (PQC) để chuẩn bị sẵn sàng cho các mối đe dọa trong tương lai, bao gồm xác minh phần mềm và bảo vệ firmware, tăng cường tính toàn vẹn thiết bị. Giá bán Samsung Galaxy S26 series tại Việt Nam Tại Việt Nam, Galaxy S26, S26+ và S26 Ultra sẽ chính thức đến tay người dùng vào ngày 6.3. Người dùng có thể đặt trước từ 26.2 đến 10.3. Năm nay, máy sẽ có bốn màu Tím, Trắng, Đen và Xanh . Ngoài ra, có hai màu đặc biệt là vàng hồng và bạc được bán độc quyền trên trang chủ của Samsung. Về giá bán, Samsung Galaxy S26 series có giá bán lẻ đề nghị: Galaxy S26 (12 GB + 256 GB): 25.990.000 đồng. Galaxy S26 (12 GB + 512 GB): 31.990.000 đồng. Galaxy S26+ (12 GB + 256 GB): 29.990.000 đồng. Galaxy S26+ (12 GB + 512 GB): 35.990.000 đồng. Galaxy S26 Ultra (12 GB + 256 GB): 36.990.000 đồng. Galaxy S26 Ultra (12 GB + 512 GB): 42.990.000 đồng. Galaxy S26 Ultra (16 GB + 1 TB): 51.990.000 đồng. CellphoneS chính thức mở đặt cọc Samsung S26 Ultra và S26, S26 Plus với loạt ưu đãi khủng: Voucher 1 triệu khi thanh toán, lên đời trợ giá 1 triệu, giảm đến 6 triệu đồng và ưu đãi cho S-Member. Nhận hàng ngày 6.3.2026. Đặt cọc tại website CellphoneS hoặc gọi 18002097 để được hỗ trợ.",,"Samsung Galaxy S26, Galaxy S26 Ultra, Giá Samsung Galaxy S26",https://images2.thanhnien.vn/528068263637045248/2026/2/25/samsung-galaxy-ai-phone-galaxy-s26-ultrathanh-nien00004-1772047031984799181529.jpg,"[""https://images2.thanhnien.vn/528068263637045248/2026/2/25/samsung-galaxy-ai-phone-galaxy-s26-ultrathanh-nien00004-1772047031984799181529.jpg"", ""https://images2.thanhnien.vn/thumb_w/660/528068263637045248/2026/2/25/samsung-galaxy-ai-phone-galaxy-s26-ultrathanh-nien00005-1772047031982989829013.jpg"", ""https://images2.thanhnien.vn/thumb_w/660/528068263637045248/2026/2/25/samsung-galaxy-ai-phone-galaxy-s26-ultrathanh-nien00006-1772047031983140915791.jpg"", ""https://images2.thanhnien.vn/thumb_w/660/528068263637045248/2026/2/25/samsung-galaxy-ai-phone-galaxy-s26-ultrathanh-nien00003-1772047338951824024330.jpg"", ""https://images2.thanhnien.vn/thumb_w/660/528068263637045248/2026/2/25/samsung-galaxy-ai-phone-galaxy-s26-ultrathanh-nien000302-17720473389531558227574.jpg"", ""https://images2.thanhnien.vn/thumb_w/660/528068263637045248/2026/2/25/samsung-galaxy-ai-phone-galaxy-s26-ultrathanh-nien000011-1772047598244811001306.jpg"", ""https://images2.thanhnien.vn/thumb_w/660/528068263637045248/2026/2/25/samsung-galaxy-ai-phone-galaxy-s26-ultrathanh-nien00002-1772047031981359656444.jpg"", ""https://images2.thanhnien.vn/528068263637045248/2026/2/25/samsung-galaxy-ai-phone-galaxy-s26-ultrathanh-nien00010-1772047031982843152824.jpg"", ""https://images2.thanhnien.vn/528068263637045248/2026/2/26/picture1-17720743426291989941385.jpg""]",,2026-02-26T06:15:00+07:00,2026-07-03T14:35:29.102159,Công nghệ,,,,
185251212175502763,https://thanhnien.vn/ro-ri-thong-tin-hieu-nang-igpu-arc-b370-moi-tu-intel-185251212175502763.htm,thanhnien.vn,,,,,,Rò rỉ thông tin hiệu năng iGPU ARC B370 mới từ Intel,Kết quả benchmark thử nghiệm hé lộ hiệu năng iGPU Intel Arc B370 có thể thay thế GPU rời tầm trung.,"Theo TechPowerUp , một kết quả thử nghiệm hiệu năng rò rỉ gần đây hé lộ sức mạnh đáng chú ý của iGPU Intel Arc B370, thuộc dòng vi xử lý Core Ultra 5 338H sắp ra mắt. Trong bài kiểm tra FurMark 2 với độ phân giải 1.440p, Arc B370 đạt 2.383 điểm - cao hơn cả GPU rời N VIDIA RTX 3050 Laptop, vốn ghi nhận 2.186 điểm trong cùng điều kiện thử nghiệm. Arc B370 được cho là một phần của kiến trúc đồ họa Xe3 (Battlemage) mới, tích hợp trong APU thuộc nền tảng Panther Lake. Mức tiêu thụ điện được ghi nhận trong bài thử là 36 watt - một con số tương đối khiêm tốn so với GPU rời nhưng vẫn đảm bảo hiệu suất vượt trội, nhất là với một thiết kế tích hợp. Việc vượt mặt RTX 3050 Laptop, vốn là card đồ họa rời phổ biến trong các mẫu laptop gaming tầm trung, là một chỉ dấu cho thấy hướng đi mới đầy tham vọng của Intel trong lĩnh vực đồ họa tích hợp hiệu năng cao. Kết quả benchmark FurMark cho thấy Intel Arc B370 iGPU đạt 2.383 điểm ở độ phân giải 1.440p, sử dụng tối đa 36W điện năng và xung nhịp GPU lên đến 2.300 MHz ẢNH: CHỤP MÀN HÌNH TECHPOWERUP Bài thử nghiệm FurMark được thực hiện trên một bản mẫu kỹ thuật (engineering sample) của vi xử lý Core Ultra 5 338H, cho thấy mức xung tối đa lên tới 2.300 MHz. Đây là mức hiệu suất mà trước đây chỉ có các GPU rời mới đạt được, đặc biệt trong phân khúc laptop mỏng nhẹ. Thông tin rò rỉ cũng cho thấy thiết kế iGPU này có thể sử dụng số nhân đồ họa nằm giữa cấu hình bốn và mười hai nhân Xe, điều chưa từng được Intel công bố chính thức. Trong tài liệu nội bộ trước đó, Intel chỉ tiết lộ hai phiên bản GPU tích hợp cho thế hệ tiếp theo: một bản nhỏ với bốn nhân Xe và một bản lớn với mười hai nhân. Thiết kế ""trung gian"" này có thể là bước đi chiến lược nhằm cân bằng giữa hiệu năng và điện năng tiêu thụ, phục vụ các dòng thiết bị mỏng nhẹ nhưng vẫn cần khả năng xử lý đồ họa cao. Dù chỉ mới ở giai đoạn thử nghiệm, Arc B370 cho thấy tiềm năng cạnh tranh mạnh mẽ với các GPU rời trong cùng phân khúc. Nếu hiệu suất trong môi trường thực tế tương đồng với kết quả benchmark, người dùng hoàn toàn có thể kỳ vọng vào các mẫu laptop không cần GPU rời mà vẫn xử lý tốt các tác vụ đồ họa và chơi game phổ biến. Intel được kỳ vọng sẽ công bố chính thức nền tảng Panther Lake cùng các vi xử lý tích hợp GPU Arc B370 tại triển lãm CES 2026. Những thông tin ban đầu từ benchmark FurMark đang cho thấy Arc B370 có thể mở ra một kỷ nguyên mới cho iGPU hiệu năng cao, góp phần thay đổi cách tiếp cận thiết kế laptop hiệu năng trong những năm tới.",,"ARC, Card đồ họa, RTX",https://images2.thanhnien.vn/thumb_w/640/528068263637045248/2025/12/12/screenshot-2025-12-12-175057-17655367046172117989389.png,"[""https://images2.thanhnien.vn/thumb_w/640/528068263637045248/2025/12/12/screenshot-2025-12-12-175057-17655367046172117989389.png""]",,2025-12-12T18:57:00+07:00,2026-07-03T14:35:29.153176,Công nghệ,,,,
185260206165859195,https://thanhnien.vn/apple-sap-choi-lon-voi-dung-luong-pin-iphone-18-pro-max-185260206165859195.htm,thanhnien.vn,,,,,,Apple sắp 'chơi lớn' với dung lượng pin iPhone 18 Pro Max,"Chiếc điện thoại cao cấp tiếp theo của Apple, iPhone 18 Pro Max, có thể sẽ được trang bị viên pin với dung lượng vượt mức 5.000 mAh.","Theo PhoneArena , Apple đã duy trì kích thước pin ổn định trên iPhone trong nhiều năm qua, chủ yếu dựa vào tối ưu hóa phần mềm và hiệu suất chip để đảm bảo thời lượng pin cho các mẫu Pro Max. Tuy nhiên, công ty có thể sẽ thực hiện bước đột phá trong năm nay khi Digital Chat Station trên Weibo chỉ ra rằng iPhone 18 Pro Max sẽ ra mắt với viên pin dung lượng hơn 5.000 mAh và các phiên bản quốc tế thậm chí có thể đạt trên 5.200 mAh. Pin vượt mốc 5.000 mAh và chip 2nm hứa hẹn giúp iPhone 18 Pro Max bứt phá ẢNH: Chụp màn hình PHONEARENA Ngoài ra, iPhone 18 Pro Max dự kiến sẽ được trang bị chip A20 Pro 2nm. Mặc dù nguồn tin không cung cấp thông tin chi tiết về quy trình sản xuất, báo cáo gần đây từ MacRumors cho biết Apple có thể không sử dụng quy trình N2P tiên tiến của TSMC mà thay vào đó là quy trình N2 tiêu chuẩn, do N2P có chi phí cao hơn với cải thiện hiệu suất không đáng kể. Dù dung lượng pin không phải là một cải tiến vượt bậc so với các mẫu Pro Max trước, nhưng khi kết hợp với chip A20 Pro hiệu quả năng lượng, nó có thể tạo ra sự khác biệt rõ rệt cho người dùng. iPhone 18 Pro Max có pin khủng, nhưng chưa phải là 'quái vật' Trước đó, báo cáo từ ETNews cũng cho biết Apple đang phát triển công nghệ pin mới nhằm giúp iPhone 18 Pro Max trở thành iPhone đầu tiên sở hữu công nghệ pin đột phá. Công nghệ điện cực silicon mà Apple đang nghiên cứu được cho là chìa khóa nhằm tích hợp mật độ năng lượng cao mà không làm tăng độ dày, giúp hiện thực hóa dung lượng pin trên 5.000 mAh. Một hạn chế của việc tăng dung lượng pin là iPhone 18 Pro Max sẽ nặng hơn, đạt khoảng 240 gram. Tuy con số này chỉ cao hơn một chút so với 233 gram của iPhone 17 Pro Max, đó có vẻ vẫn hơi nặng trong bối cảnh các nhà sản xuất đang nỗ lực giảm trọng lượng và độ dày của thiết bị. Lưu ý, các thông tin trên vẫn là tin đồn và chỉ được xác nhận khi Apple ra mắt chính thức iPhone 18 Pro Max. Tuy nhiên, với độ chính xác trong các báo cáo từ Digital Chat Station trước đây, nhiều khả năng Apple đang chuẩn bị nâng dung lượng pin iPhone lên một tầm cao mới. Dẫu vậy, con số này vẫn chưa thể vượt qua ngưỡng dung lượng pin từ các mẫu smartphone Trung Quốc như OnePlus 15 với pin 7.300 mAh hay Xiaomi đang phát triển mẫu điện thoại pin 10.000 mAh để ra mắt trong thời gian tới.",,"Apple, dung lượng pin, OnePlus 15, chip A20 Pro",https://images2.thanhnien.vn/thumb_w/640/528068263637045248/2026/2/6/1-1770371846274249385524.jpg,"[""https://images2.thanhnien.vn/thumb_w/640/528068263637045248/2026/2/6/1-1770371846274249385524.jpg""]",,2026-02-07T07:54:00+07:00,2026-07-03T14:35:29.338012,Công nghệ,,,,
185250715182912061,https://thanhnien.vn/ti-phu-bill-gates-chi-ra-nghe-nghiep-khong-bi-thay-the-boi-ai-185250715182912061.htm,thanhnien.vn,,,,,,Tỉ phú Bill Gates chỉ ra nghề nghiệp không bị thay thế bởi AI,Ông Bill Gates một lần nữa nói về tác động của AI đối với tương lai của một số công việc nhất định và khẳng định lại rằng có một nghề sẽ không bao giờ bị thay thế.,"Trong một cuộc phỏng vấn gần đây với France Inter , nhà sáng lập Microsoft khẳng định rằng sẽ luôn có ít nhất một nhiệm vụ mà con người không thể bị thay thế bởi AI (trí tuệ nhân tạo). Tỉ phú Bill Gates mang tin vui cho những lập trình viên đang lo ngại mất việc vì AI ẢNH: REUTERS Lập trình viên sẽ không bị thay thế bởi AI Trái ngược với những lo ngại trong ngành công nghệ về việc AI có thể dần thay thế lập trình viên, Bill Gates tin rằng vai trò của con người trong lĩnh vực này sẽ không bao giờ bị xóa bỏ, ngay cả trong vòng 100 năm tới. Ông nhấn mạnh rằng con người đóng vai trò thiết yếu trong việc xác định và sửa lỗi, tinh chỉnh thuật toán cũng như thúc đẩy sự phát triển của AI. Ông cũng cho rằng khả năng sáng tạo và phán đoán của con người là những yếu tố mà AI không thể sao chép. Những tuyên bố này có thể mang lại sự an tâm cho các lập trình viên đang lo lắng về sự xuất hiện của AI, tuy nhiên ông Gates cũng nhấn mạnh rằng đây chỉ là những dự đoán và không thể đảm bảo công việc của họ sẽ không bị ảnh hưởng. Trí tuệ nhân tạo AI giúp giải mã các cuộn giấy cổ như thế nào? Khác với Bill Gates, nhiều chuyên gia trong lĩnh vực công nghệ vẫn tin rằng AI sẽ đóng vai trò quan trọng trong lập trình. CEO Marc Benioff của Salesforce cho biết công ty của ông đang xem xét việc tuyển dụng kỹ sư phần mềm vào năm 2025, điều này cho thấy sự thay đổi trong nhu cầu nhân lực. Ngoài lập trình viên, Bill Gates cũng cho rằng ba nghề nghiệp khác sẽ tồn tại bền vững trong tương lai, bao gồm nhà sinh vật học và chuyên gia năng lượng. Ông tin rằng đây là những lĩnh vực mà AI không thể thống trị hoàn toàn, mặc dù công nghệ này có thể trở thành một đồng minh đắc lực trong quá trình phát triển.",,"Bill Gates, Lập trình viên, Nghề nghiệp, kỹ sư phần mềm",https://images2.thanhnien.vn/thumb_w/640/528068263637045248/2025/7/15/3-1752578757759904584347.jpg,"[""https://images2.thanhnien.vn/thumb_w/640/528068263637045248/2025/7/15/3-1752578757759904584347.jpg""]",,2025-07-15T19:43:00+07:00,2026-07-03T14:35:29.563204,Công nghệ,,,,
185250612213048587,https://thanhnien.vn/google-khuyen-nguoi-dung-android-cap-nhat-phan-mem-gap-185250612213048587.htm,thanhnien.vn,,,,,,Google khuyên người dùng Android cập nhật phần mềm gấp,Google vừa thừa nhận một lỗ hổng bảo mật nghiêm trọng trong Android có thể khiến người dùng lo ngại về tính an toàn của tài khoản và dữ liệu cá nhân.,"Theo các nhà nghiên cứu, số điện thoại liên kết với tài khoản Google có thể đã bị rò rỉ, đặc biệt đối với những người sử dụng số điện thoại này như một tùy chọn bảo mật. Lỗ hổng cho phép kẻ tấn công có thể ép số điện thoại khôi phục vào bất kỳ tài khoản nào chỉ bằng cách biết tên hồ sơ và một phần số điện thoại, điều này tạo ra rủi ro lớn về các cuộc tấn công lừa đảo và hoán đổi SIM. Người dùng Android cần cập nhật ngay để khắc phục sự cố ẢNH: AFP Hacker mũ trắng BruteCat là người đã phát hiện ra vấn đề. Theo BruteCat, phương pháp tấn công liên quan đến việc lạm dụng phiên bản lỗi thời của biểu mẫu khôi phục tên người dùng của Google, vốn thiếu các biện pháp bảo vệ hiện đại. Tuy nhiên, Google đã nhanh chóng khắc phục lỗ hổng này nhằm bảo vệ người dùng tốt hơn trước các cuộc tấn công. Google nâng cấp độ nguy hiểm của lỗ hổng bảo mật Mặc dù kẻ tấn công có thể thu thập số điện thoại khôi phục tài khoản Google, nhưng thông thường số này giống với số điện thoại chính của người dùng. Điều đó tạo cơ hội cho tội phạm mạng thực hiện các cuộc tấn công lừa đảo liên quan đến thẻ SIM và thư rác. Điện thoại chạy hệ điều hành Android dễ bị hack hơn iPhone Google đã báo cáo sự cố này thông qua chương trình săn lỗi nhận thưởng cách nay chưa đầy 2 tháng. Công ty ban đầu đánh giá rủi ro tấn công là thấp nhưng sau đó đã nâng cấp lên mức trung bình và nhanh chóng phát hành bản sửa lỗi. Hiện tại, lỗ hổng này đã được khắc phục và không còn khả năng bị khai thác. Tuy nhiên, vẫn chưa rõ liệu nó có từng bị lợi dụng một cách ác ý hay không. Điều quan trọng là người dùng nên cập nhật điện thoại và ứng dụng của mình thường xuyên để bảo vệ dữ liệu cá nhân, cũng như tận hưởng các tính năng mới mà các bản cập nhật mang lại. Nếu thấy bản cập nhật mới trên điện thoại Android của mình, người dùng hãy cài đặt ngay lập tức.",,"Lỗ hổng bảo mật, cập nhật phần mềm, bản vá lỗi",https://images2.thanhnien.vn/thumb_w/640/528068263637045248/2025/6/12/1-1749738493631176676472.jpg,"[""https://images2.thanhnien.vn/thumb_w/640/528068263637045248/2025/6/12/1-1749738493631176676472.jpg""]",,2025-06-13T13:39:00+07:00,2026-07-03T14:35:29.741871,Công nghệ,,,,
185260303135330327,https://thanhnien.vn/8-tuyet-chieu-cua-gemini-tren-android-khong-nen-bo-lo-185260303135330327.htm,thanhnien.vn,,,,,,8 'tuyệt chiêu' của Gemini trên Android không nên bỏ lỡ,8 mẹo giúp Gemini trên Android smartphone của bạn trở nên thông minh đúng nghĩa.,"Theo Android Authority , không chỉ là một công cụ chat đơn thuần, Gemini đang thay đổi hoàn toàn cách chúng ta sử dụng smartphone . Dưới đây là những mẹo nhỏ nhưng mang lại tác động lớn đến cuộc sống hằng ngày của bạn. AI giúp dọn dẹp và sắp xếp cuộc sống Trong khi chờ đợi kính thông minh phổ biến, bạn có thể biến camera điện thoại thành đôi mắt của Gemini. Với tính năng Gemini Live , AI có thể nhìn thấy những gì bạn thấy. Chẳng hạn, khi lắp ráp đồ IKEA, Gemini sẽ chỉ cho bạn chính xác viên ốc vít nào nằm ở đâu mà không cần xem hướng dẫn. Nó cũng có thể tư vấn vị trí đặt router để sóng Wi-Fi mạnh nhất hay cách sắp xếp một ngăn kéo lộn xộn chỉ qua một cái nhìn. Gemini sẽ quan sát xung quanh bằng camera của điện thoại Android ẢNH: CHỤP MÀN HÌNH ANDROID AUTHORITY Trợ lý đắc lực cho Gmail và Google Docs Nếu sử dụng tài khoản Workspace hoặc gói Google One AI, Gemini sẽ 'nhúng tay' vào thẳng Gmail và Docs. Thay vì lội ngược dòng hàng trăm email để tìm một chi tiết nhỏ, bạn chỉ cần hỏi Gemini về lịch sử trò chuyện với một ai đó. Trong Docs, nó có thể dùng nội dung văn bản làm nguồn để trả lời câu hỏi, giúp bạn tiết kiệm hàng giờ đồng hồ chuyển đổi giữa các tab để tra cứu thủ công. 'Bóc tách' công việc từ những tin nhắn dài Hầu hết chúng ta đều từng nhận những tin nhắn Slack dài ngoằng từ sếp với hàng chục nhiệm vụ cho nhiều người. Thay vì đọc từng chữ, hãy chia sẻ tin nhắn đó với Gemini. Nó sẽ lọc ra chính xác việc nào dành cho bạn và thậm chí tự động thêm chúng vào Google Tasks hoặc Calendar để nhắc nhở bạn. Chia sẻ màn hình thời gian thực với Gemini Live Gemini Live không chỉ nhìn qua camera mà còn có thể 'thấy' những gì đang diễn ra trên màn hình của bạn. Tính năng này hữu ích khi bạn cần hỗ trợ thực hiện một quy trình gồm nhiều bước, ví dụ như hiểu rõ các điều khoản bảo mật dài dòng khi đăng ký tài khoản hay lần đầu tiên thiết lập một chiến dịch quảng cáo phức tạp. Một điện thoại đang sử dụng Gemini Live ẢNH: CHỤP MÀN HÌNH ANDROID CENTRAL Hoàn thiện soạn thảo tin nhắn Đã bao giờ bạn soạn xong một tin nhắn rồi nhận ra giọng văn của mình có vẻ không đúng lắm? Thay vì sao chép sang ChatGPT để sửa, hãy gọi ngay Gemini để yêu cầu thay đổi tông giọng (mềm mỏng hơn hoặc chuyên nghiệp hơn) ngay trên màn hình và dán lại bản mới chỉ trong tích tắc. Dù chưa mượt mà như Apple Intelligence, đây vẫn là một bước tiến lớn cho người dùng Android. Phân tích mọi thứ trên màn hình Khả năng 'đọc' màn hình của Gemini không chỉ dừng lại ở văn bản. Nó có thể phân tích một video YouTube, tóm tắt nội dung và chia nhỏ thành các chương có mốc thời gian rõ ràng. Ngay cả những tệp PDF dài hay các bài báo cáo chuyên sâu trên Chrome cũng không làm khó được trợ lý AI này. Biến nét vẽ nguệch ngoạc thành tác phẩm nghệ thuật Tính năng tạo ảnh của mô hình Nano Banana 2 (Gemini 3 Flash Image) cực kỳ ấn tượng. Nếu bạn gặp khó khăn trong việc viết mô tả (prompt), hãy thử vẽ nháp bằng ngón tay hoặc bút S Pen. Ngay cả khi nét vẽ của bạn trông giống như của một đứa trẻ, Gemini vẫn có thể biến nó thành một bức ảnh chuyên nghiệp và cực kỳ sinh động chỉ trong vài giây. Biến những nét vẽ nguệch ngoạc thành hình ảnh chân thực ẢNH: CHỤP MÀN HÌNH ANDROID AUTHORITY Săn hàng giá rẻ Thói quen mở hàng chục tab để so sánh giá và đọc review sẽ sớm biến mất. Giờ đây, bạn có thể yêu cầu Gemini so sánh sản phẩm đang xem với các đối thủ cạnh tranh, tìm kiếm những đánh giá tiêu cực trên Reddit và trả lời mọi câu hỏi liên quan mà không cần rời khỏi trang web hiện tại.",,"Gemini, Android, smartphone, mẹo hay, thủ thuật",https://images2.thanhnien.vn/thumb_w/640/528068263637045248/2026/3/3/cam-1772521013539544744234.jpg,"[""https://images2.thanhnien.vn/thumb_w/640/528068263637045248/2026/3/3/cam-1772521013539544744234.jpg"", ""https://images2.thanhnien.vn/thumb_w/640/528068263637045248/2026/3/3/geminiliv-1772521146522658502458.jpg"", ""https://images2.thanhnien.vn/thumb_w/640/528068263637045248/2026/3/3/ve-17725208970741598765478.jpg""]",,2026-03-04T09:22:00+07:00,2026-07-03T14:35:30.252132,Công nghệ,,,,
185250408185521082,https://thanhnien.vn/the-thao-dien-tu-viet-nam-huong-den-nhom-dan-dau-chau-a-185250408185521082.htm,thanhnien.vn,,,,,,Thể thao điện tử Việt Nam hướng đến nhóm dẫn đầu châu Á,"Hội Thể thao điện tử giải trí Việt Nam (VIRESA) vừa tổ chức sự kiện vinh danh và phong đẳng cấp đợt 2 cho các vận động viên (VĐV) thể thao điện tử, cũng như vinh danh các cá nhân và tổ chức có nhiều đóng góp cho nền thể thao điện tử và thể thao giải trí Việt Nam trong suốt năm 2024.","Tại sự kiện, 7 đơn vị, đối tác thể thao điện tử giải trí có nhiều đóng góp cho việc phát triển phong trào Olympic Việt Nam và 11 VĐV có thành tích thi đấu xuất sắc tại các giải đấu quốc tế lớn trong năm 2024 được nhận bằng khen của Ủy ban Olympic. Bên cạnh đó, 6 VĐV thuộc bộ môn Liên Quân Mobile được phong cấp kiện tướng và 3 VĐV thuộc bộ môn Mobile Legend: Bang Bang được phong VĐV cấp 1 căn cứ theo tiêu chuẩn số 44 - Thông tư 6/2021/TT-BVHTTDL do Bộ Văn hóa, Thể thao và Du lịch ban hành ngày 22.7.2021. Đây đều là những VĐV đã đạt thành tích tại Đại hội Thể thao điện tử châu Á - 2024 Asian Esports Games. Các VĐV được vinh danh đợt 2 Ảnh: K.C Như vậy, cùng với sự kiện vinh danh đợt 1 diễn ra tại Hà Nội vào tháng 1, ngoài cá nhân và tập thể được nêu trên, tổng cộng 48 VĐV/HLV được trao chứng nhận quốc gia. 7 đơn vị được vinh danh là đối tác đồng hành đặc biệt và 42 đơn vị là đối tác đồng hành thể thao điện tử, truyền thông, vũ đạo thể thao giải trí, thể thao thể chất số. Đặc biệt, năm nay, VIRESA còn trao các danh hiệu thể thao điện tử giải trí, thể thao thể chất số của năm với 8 danh hiệu, gồm VĐV thể thao điện tử tiêu biểu, đội tuyển quốc gia thể thao điện tử tiêu biểu, sự kiện tiêu biểu, bộ môn thể thao điện tử triển vọng, khoảnh khắc thể thao điện tử Việt Nam, đội tuyển thể thao thể chất số tiêu biểu, trọng tài quốc tế thể thao điện tử tiêu biểu và HLV trưởng đội tuyển quốc gia thể thao điện tử tiêu biểu. Theo ông Đỗ Việt Hùng (Chủ tịch VIRESA), lễ vinh danh và phong đẳng cấp VĐV thể thao điện tử giải trí Việt Nam là sự kiện có ý nghĩa đặc biệt nhằm tôn vinh những cá nhân, tập thể đã góp phần xây dựng và nâng tầm thể thao điện tử Việt Nam. Việc phong đẳng cấp VĐV không chỉ là sự ghi nhận thành tích, tạo động lực, cổ vũ cho các VĐV thi đấu hết mình, hướng tới nâng cao thành tích tại các Đại hội thể thao khu vực và quốc tế, nhất là khi SEA Games 33, Đại hội Thể thao trẻ châu Á và ASIAD 20 đang đến gần, bước tiến quan trọng trong việc chính thức hóa thể thao điện tử như một nghề nghiệp được xã hội công nhận. Đại diện của VIRESA cho biết năm 2023 và 2024, sự kiện phong đẳng cấp VĐV đã thu hút sự tham gia của hàng trăm VĐV, trong đó nhiều VĐV đã được phong cấp kiện tướng, đồng thời nhiều VĐV và HLV được công nhận ở cấp quốc gia. Điều này không chỉ thể hiện sự phát triển mạnh mẽ mà còn chứng minh thể thao điện tử Việt Nam đang từng bước chuyên nghiệp hóa, hướng tới mục tiêu trong nhóm dẫn đầu châu Á.",,"Thể thao điện tử, game thủ, châu Á, Asian Esports",https://images2.thanhnien.vn/thumb_w/640/528068263637045248/2025/4/8/iris4623-1744113146306223892407.jpg,"[""https://images2.thanhnien.vn/thumb_w/640/528068263637045248/2025/4/8/iris4623-1744113146306223892407.jpg""]",,2025-04-09T09:17:00+07:00,2026-07-03T14:35:30.354592,Công nghệ,,,,
185251016203516731,https://thanhnien.vn/viettel-telecom-dat-muc-tieu-tro-thanh-cong-ty-cong-nghe-toan-cau-vao-nam-2030-185251016203516731.htm,thanhnien.vn,,,,,,Viettel Telecom đặt mục tiêu trở thành công ty công nghệ toàn cầu vào năm 2030,"Viettel Telecom sẵn sàng chuyển dịch từ một công ty viễn thông truyền thống sang một công ty công nghệ ngang tầm thế giới (techco), với mục tiêu doanh thu dịch vụ đạt 115.000 tỉ đồng vào năm 2030.","Đây là khẳng định của ông Hoàng Trung Thành, Tổng giám đốc Viettel Telecom , tại lễ đón nhận Huân chương Lao động hạng nhất và kỷ niệm 25 năm ngày truyền thống (15.10.2000 - 15.10.2025), diễn ra chiều 16.10. Viettel Telecom đón nhận Huân chương Lao động hạng nhất ẢNH: CẨM THỦY Chỉ sau 5 năm thành lập, Viettel Telecom đã dẫn đầu xu hướng phổ cập smartphone và internet băng thông rộng, triển khai liên tục các thế hệ công nghệ tiên tiến và dẫn đầu trong việc cung cấp cho khách hàng công nghệ 3G, 4G cho đến 5G, góp phần đưa Việt Nam trở thành một trong những quốc gia có tốc độ phát triển hạ tầng số nhanh nhất khu vực. Đến nay, hơn 70 triệu khách hàng đang sử dụng các dịch vụ của Viettel Telecom. Bên cạnh đó, Viettel đã kết nối gần 10 triệu hộ gia đình bằng internet cáp quang tốc độ cao, phủ sóng đến tận vùng sâu vùng xa, bảo đảm ""không để ai bị bỏ lại phía sau"" trong kỷ nguyên số. Với những thành tích đạt được trong 25 năm qua, Viettel Telecom đã được nhận Huân chương Lao động hạng nhất. Đây là phần thưởng cao quý của Đảng, Nhà nước, Quân ủy T.Ư và Bộ Quốc phòng dành cho đơn vị. Mục tiêu doanh thu dịch vụ đạt 115.000 tỉ đồng Chia sẻ về chiến lược phát triển trong kỷ nguyên mới, ông Hoàng Trung Thành, Tổng giám đốc Viettel Telecom, khẳng định đơn vị đang sẵn sàng chuyển dịch từ một công ty viễn thông truyền thống (telco) sang một techco, với mục tiêu doanh thu dịch vụ đạt 115.000 tỉ đồng vào năm 2030. Ông Hoàng Trung Thành, Tổng giám đốc Viettel Telecom ẢNH: CẨM THỦY Theo đó, doanh nghiệp sẽ tập trung chuyển dịch công nghệ, mạng lưới bao gồm hạ tầng viễn thông và internet, hạ tầng dữ liệu, hạ tầng tiện ích số; tiên phong trong công nghệ: AI hóa, cloud-native, IoT, sẵn sàng cho 6G, công nghệ an toàn, bảo mật… Cạnh đó, mở rộng hợp tác trong nghiên cứu và phát triển dịch vụ nền tảng; chuyển dịch cấu trúc doanh thu theo hướng tăng nhanh tỷ trọng doanh thu lĩnh vực, sản phẩm, dịch vụ ngoài viễn thông. Mục tiêu tỷ trọng doanh thu dịch vụ ngoài viễn thông chiếm từ 20% doanh thu dịch vụ trở lên, chuyển dịch thành techco trên thế giới. Trung tướng Tào Đức Thắng, Chủ tịch kiêm Tổng giám đốc Tập đoàn Viettel ẢNH: CẨM THỦY Phát biểu tại buổi lễ, trung tướng Tào Đức Thắng, Chủ tịch kiêm Tổng giám đốc Tập đoàn Viettel, đánh giá Viettel Telecom không chỉ đóng góp về doanh thu, gây dựng tiềm lực cho tập đoàn, mở rộng ngân sách đầu tư và đẩy mạnh những ngành nghề mới mà còn là biểu tượng cho văn hóa và tinh thần Viettel, luôn tỏa sáng trong mọi thử thách. Với các giải pháp, hành động trong việc duy trì tốt các dịch vụ lõi, người đứng đầu Viettel tin tưởng Viettel Telecom có thể đột phá chiếm lĩnh dịch vụ mới, trong 5 năm tới, đạt mục tiêu trở thành một techco toàn cầu.",,"Viettel Telecom, công nghệ",https://images2.thanhnien.vn/thumb_w/640/528068263637045248/2025/10/16/viettel-telecom-17606210060102111561196.jpeg,"[""https://images2.thanhnien.vn/thumb_w/640/528068263637045248/2025/10/16/viettel-telecom-17606210060102111561196.jpeg"", ""https://images2.thanhnien.vn/thumb_w/640/528068263637045248/2025/10/16/z71246652523167b500ff48dc69959d76583afaa88c0e6-1760657516023868559650.jpg"", ""https://images2.thanhnien.vn/thumb_w/640/528068263637045248/2025/10/16/viettel-17606210731322084802406.jpeg""]",,2025-10-16T21:14:00+07:00,2026-07-03T14:35:30.513704,Công nghệ,,,,
185260501162712998,https://thanhnien.vn/my-do-700-ti-usd-vao-ai-gay-ap-luc-lon-len-trung-quoc-185260501162712998.htm,thanhnien.vn,,,,,,Mỹ đổ 700 tỉ USD vào AI gây áp lực lớn lên Trung Quốc,"Các công ty công nghệ lớn của Mỹ đang chi khoảng 700 tỉ USD cho vốn đầu tư vào trí tuệ nhân tạo (AI), cao gấp nhiều lần so với khoảng 105 tỉ USD tại Trung Quốc.","Theo SCMP , đầu tư vào AI của các công ty công nghệ Mỹ tiếp tục tăng vọt, vượt xa các khoản đầu tư từ các đối thủ Trung Quốc. Cụ thể, trong năm nay, các công ty công nghệ lớn nhất của Mỹ đang chi hơn 700 tỉ USD cho AI. Con số này tăng đột biến một phần do chi phí bộ nhớ tăng cao và nhu cầu ngày càng lớn đối với các ứng dụng trí tuệ nhân tạo. Hôm 30.4, cả Google và Microsoft đều cho biết tổng chi tiêu vốn cả năm của họ sẽ đạt khoảng 190 tỉ USD, trong khi Meta Platforms nâng ước tính chi tiêu vốn năm nay lên 145 tỉ USD. Amazon giữ nguyên dự báo so với năm ngoái ở mức 200 tỉ USD. Ảnh minh họa về mô hình trí tuệ nhân tạo tại triển lãm công nghệ Gitex Asia 2025 ẢNH: KHƯƠNG NHA Theo các nhà phân tích, chi tiêu cho AI của các công ty công nghệ Trung Quốc chỉ chiếm một phần nhỏ so với Mỹ. Tuần trước, một báo cáo nghiên cứu của Morgan Stanley cho thấy các nhà cung cấp dịch vụ điện toán đám mây Trung Quốc có thể sẽ chi khoảng 105 tỉ USD trong năm nay. Năm ngoái, vốn đầu tư vào AI của các ông lớn internet Trung Quốc đạt 400 tỉ nhân dân tệ (59 tỉ USD), bằng khoảng một phần mười so với các đối thủ Mỹ, theo báo cáo của Wei Xiong, nhà phân tích ngành internet Trung Quốc thuộc UBS. Bất chấp mức chi tiêu ""thận trọng"" này, các công ty Trung Quốc đã phát triển được các mô hình AI quy mô lớn có chất lượng tương đương với các mô hình của Mỹ, Xiong lưu ý. ""Quy mô đầu tư vào trí tuệ nhân tạo của Trung Quốc không thể so sánh trực tiếp với các trung tâm điện toán đám mây lớn của Mỹ. Tuy nhiên, điều này không có nghĩa là các mô hình của Trung Quốc không tạo ra lợi nhuận kinh doanh tương đương trên thị trường"", Tilly Zhang, nhà phân tích chính sách công nghệ và công nghiệp Trung Quốc tại công ty nghiên cứu Gavekal, cho biết. Bà cho biết, do gặp phải những hạn chế trong việc mua các chip tiên tiến và đắt tiền nhất của Mỹ để đào tạo và sử dụng thương mại cho trí tuệ nhân tạo, các công ty Trung Quốc đã dựa nhiều hơn vào việc cải tiến phần mềm và thuật toán.",,"AI, AI Trung Quốc, Cuộc đua AI",https://images2.thanhnien.vn/thumb_w/640/528068263637045248/2026/5/1/dau-tu-aithanh-nien-17776275277201629489194.jpg,"[""https://images2.thanhnien.vn/thumb_w/640/528068263637045248/2026/5/1/dau-tu-aithanh-nien-17776275277201629489194.jpg""]",,2026-05-01T16:52:00+07:00,2026-07-03T14:35:31.094521,Công nghệ,,,,
185250409070526887,https://thanhnien.vn/google-tra-luong-ca-nam-cho-nhan-vien-ai-chi-de-ngoi-choi-185250409070526887.htm,thanhnien.vn,,,,,,Google trả lương cả năm cho nhân viên AI chỉ để 'ngồi chơi',Google đã áp dụng các điều khoản trong hợp đồng lao động nhằm ngăn nhân viên mảng trí tuệ nhân tạo (AI) chuyển sang làm việc cho đối thủ.,"Trong bối cảnh cạnh tranh khốc liệt trong lĩnh vực AI, hành động này của Google là không bất ngờ. Nhưng đáng chú ý, báo cáo mới từ Business Insider cho thấy công ty này sẵn sàng chi trả một khoản bù đắp lớn cho những nhân viên đến từ DeepMind, cho phép họ nhận mức lương tương đương cả năm mà không cần làm việc. Google nỗ lực ngăn các nhân viên AI chuyển sang công ty cạnh tranh ngay cả khi họ đã về hưu ẢNH: REUTERS Thông tin này được cung cấp bởi các cựu nhân viên Google, những người yêu cầu giữ kín danh tính. Họ cho biết, ngay cả khi nhân viên đã nghỉ việc, Google vẫn muốn duy trì vị thế dẫn đầu trong lĩnh vực AI đến mức sẵn sàng từ bỏ toàn bộ số tiền trong một năm chỉ để ngăn cản những cá nhân này gia nhập đối thủ cạnh tranh. Tuy nhiên, việc nhận được mức lương này phụ thuộc vào nhiều yếu tố, bao gồm thâm niên và vai trò của nhân viên trong công ty. 6 tháng là thường thấy trong thỏa thuận của Google Hai cựu nhân viên từ DeepMind , những người đã đóng góp vào các mô hình AI Gemini, cho biết thỏa thuận không cạnh tranh kéo dài 6 tháng là điều thường thấy. Một phát ngôn viên của Google khẳng định các hợp đồng này ""phù hợp với các tiêu chuẩn thị trường"" và nhằm bảo vệ ""lợi ích hợp pháp"" của công ty trong bối cảnh nhạy cảm của bộ phận AI. Google vi phạm luật chống độc quyền ở Mỹ, đối diện nguy cơ chia tách Một cựu nhân viên khác cho biết, một số đồng nghiệp đã cân nhắc rời khỏi Anh để đến California (Mỹ) làm việc chỉ để thoát khỏi thỏa thuận không cạnh tranh, cho rằng đây là ""lạm dụng quyền lực"". Dù những nhân viên này vẫn nhận được tiền thưởng, họ phải đối mặt với việc bỏ lỡ nhiều cơ hội nghề nghiệp hấp dẫn. Nhiều công ty khởi nghiệp trong lĩnh vực AI không muốn chờ đợi từ sáu tháng đến một năm để các điều khoản kết thúc, dẫn đến việc nhiều cá nhân bỏ lỡ những cơ hội tiềm năng trong sự nghiệp. Một cựu nhân viên Google nhấn mạnh các điều khoản không cạnh tranh đang trở nên phổ biến trong bối cảnh bùng nổ AI, cho thấy sự cạnh tranh trong ngành này đang diễn ra khốc liệt đến mức nào.",,"DeepMind, nhân sự, thỏa thuận",https://images2.thanhnien.vn/thumb_w/640/528068263637045248/2025/4/9/1-17441568705222089361903.jpg,"[""https://images2.thanhnien.vn/thumb_w/640/528068263637045248/2025/4/9/1-17441568705222089361903.jpg""]",,2025-04-10T10:52:00+07:00,2026-07-03T14:35:31.117125,Công nghệ,,,,
185260228143505637,https://thanhnien.vn/samsung-loai-bo-tinh-nang-quan-trong-tren-one-ui-85-185260228143505637.htm,thanhnien.vn,,,,,,Samsung loại bỏ tính năng quan trọng trên One UI 8.5,Một tùy chọn quan trọng trên Android biến mất sau khi cập nhật One UI 8.5? Đây là một động thái lặng lẽ từ Samsung.,"Nếu từng cảm thấy chiếc Galaxy bỗng dưng chậm chạp, nóng máy hay hao pin sau khi lên đời hệ điều hành, nhiều người dùng đã quen với thủ thuật Wipe Cache Partition (xóa phân vùng bộ nhớ đệm). Tuy nhiên, bản cập nhật One UI 8.5 Beta 6 vừa ra mắt trong tháng 2 cho thấy giải pháp này có thể đã bị xóa bỏ vĩnh viễn. Tính năng 'vàng' trong menu Recovery của One UI 8.5 biến mất Chuyên gia rò rỉ nổi tiếng Tarun Vats vừa chia sẻ một thông tin gây tranh cãi trên mạng xã hội X, rằng tùy chọn 'Wipe Cache Partition' đã biến mất khỏi menu Android Recovery sau bản cập nhật thử nghiệm mới nhất. Tùy chọn Wipe Cache Partition biến mất trong menu Recovery của One UI 8.5 ẢNH: CHỤP MÀN HÌNH X Với người dùng phổ thông, đây có thể là một cái tên xa lạ. Nhưng với các tín đồ công nghệ, đây là tính năng cực kỳ quan trọng. Phân vùng bộ nhớ đệm là nơi lưu trữ các tệp tạm thời và dữ liệu rác còn sót lại từ bản cập nhật cũ. Việc xóa sạch phân vùng này sau mỗi lần nâng cấp hệ thống thường giúp máy phản hồi nhanh hơn, tránh tình trạng xung đột phần mềm hoặc sụt pin bất thường. Để kiểm tra xem bạn có bị tước bỏ tính năng này hay không, hãy truy cập vào menu Recovery bằng các bước sau: Tắt nguồn hoàn toàn điện thoại. Kết nối điện thoại với PC hoặc Mac qua cáp USB-C. Nhấn giữ đồng thời nút nguồn và tăng âm lượng cho đến khi logo Samsung xuất hiện. Khi menu Android Recovery hiện ra, hãy tìm dòng chữ 'Clear Cache Partition'. Lưu ý: Tuyệt đối cẩn thận, không chọn 'Factory Reset' nếu bạn không muốn mất sạch dữ liệu cá nhân. Bước tiến mới hay sự 'ép buộc' từ Samsung? Việc loại bỏ một tính năng cốt lõi khiến nhiều người đặt dấu hỏi lớn. Liệu Samsung đang mắc sai lầm hay Android đã trở nên thông minh đến mức có thể tự quản lý bộ nhớ đệm mà không cần con người can thiệp thủ công? Một giả thuyết khả quan hơn là Samsung đang đưa tính năng này ra một vị trí dễ tiếp cận hơn ngay trong phần Settings, thay vì bắt người dùng phải thực hiện các tổ hợp phím cứng phức tạp. Nếu điều này trở thành sự thật, đây sẽ là một cải tiến đáng giá cho trải nghiệm người dùng. Tuy nhiên, trong khi chờ đợi phản hồi chính thức từ Samsung, cộng đồng người dùng Galaxy vẫn đang bày tỏ sự lo ngại về việc mất đi quyền kiểm soát sâu đối với thiết bị của mình.",,"One UI 8.5, bản cập nhật, Nâng cấp, tính năng",https://images2.thanhnien.vn/thumb_w/640/528068263637045248/2026/2/28/wipe-1772264152077728571844.jpg,"[""https://images2.thanhnien.vn/thumb_w/640/528068263637045248/2026/2/28/wipe-1772264152077728571844.jpg""]",,2026-02-28T16:13:00+07:00,2026-07-03T14:35:31.522142,Công nghệ,,,,
185250522104109297,https://thanhnien.vn/noi-tap-ket-cua-nhung-chiec-iphone-bi-danh-cap-185250522104109297.htm,thanhnien.vn,,,,,,Nơi tập kết của những chiếc iPhone bị đánh cắp,"Nhiều chiếc iPhone bị đánh cắp từ các thành phố lớn như New York, Los Angeles và London đã được chuyển đến một tòa nhà ở Trung Quốc.","Tọa lạc ở Thâm Quyến, tòa nhà Feiyang Times được người dân địa phương gọi ""tòa nhà iPhone bị đánh cắp"" là nơi những chiếc iPhone bị đánh cắp ở nhiều nơi trên thế giới được bán lại hoặc tháo rời để lấy linh kiện. Điều này được vạch trần sau khi một nạn nhân đã theo dõi hành trình gần 10.000 km của chiếc iPhone 15 Pro mà người này bị giật mất trên phố. Phần lớn những chiếc iPhone bị trộm cắp sẽ tập trung về tòa nhà Feiyang Times ẢNH: FINANCIAL TIMES Báo cáo từ Financial Times cho biết, Feiyang Times không chỉ nổi tiếng là nơi sửa chữa và nâng cấp iPhone mà còn là một thị trường buôn bán thiết bị bị đánh cắp. Tầng thứ tư của tòa nhà chuyên bán iPhone cũ đến từ châu Âu và Mỹ. Nhiều điện thoại ở đây là hàng đổi trả hợp pháp, nhưng cũng có không ít thiết bị bị đánh cắp. Báo cáo cũng chỉ ra rằng không có nhiều nơi để mua điện thoại bị khóa , nhưng tại đây lại có một thị trường sẵn có, lý do khiến nhiều thiết bị bị đánh cắp xuất hiện tại tòa nhà này. Một ví dụ điển hình là chiếc iPhone của Sam Amrani, bị giật mất ở London bởi hai tên trộm đi xe đạp điện. Anh đã theo dõi hành trình của chiếc điện thoại từ khi bị cướp cho đến khi nó xuất hiện tại tòa nhà Feiyang Times. Hành trình chiếc iPhone của Sam Amrani trong vụ việc bao gồm: Bị giật khỏi tay ở London khi đang trả lời tin nhắn WhatsApp. Được đưa đến một cửa hàng sửa chữa điện thoại gần đó. Vận chuyển qua một số địa chỉ gần London. Xuất hiện ở Cửu Long, Hồng Kông một tuần sau đó. Cuối cùng được chuyển đến Thâm Quyến, Trung Quốc. iPhone bị khóa vẫn được mua bán Mặc dù điện thoại đã mở khóa mới có giá trị hơn nhưng báo cáo cho biết ngay cả các thiết bị đã khóa cũng có thể được tháo rời để lấy linh kiện. Những người bán điện thoại tại tòa nhà này tuyên bố không biết nguồn gốc của các thiết bị. Người dùng iPhone được khuyến cáo bật tính năng Find My hay Activation Lock ẢNH: APPLEINSIDER Ngoài ra, báo cáo cũng đề cập đến việc nạn nhân đôi khi nhận được iMessages với mục đích tống tiền, yêu cầu họ mở khóa thiết bị. Khi iPhone được đặt vào chế độ bị mất hoặc bị đánh cắp, nó có thể hiển thị số điện thoại hoặc địa chỉ email để người tìm thấy có thể liên lạc. Một số tin nhắn gửi đến chủ sở hữu iPhone bị khóa đã cảnh báo rằng nếu không tháo gỡ thiết bị, dữ liệu cá nhân của họ có thể bị đánh cắp. Mặc dù các biện pháp bảo mật của Apple như ứng dụng Find My và Activation Lock đã giảm thiểu đáng kể thị trường iPhone bị đánh cắp, nhưng nhu cầu vẫn tồn tại. Điều quan trọng là người dùng nên sử dụng mật mã mạnh và tính năng bảo vệ thiết bị để đảm bảo rằng kẻ trộm không thể lấy được dữ liệu cá nhân quý giá hơn cả chiếc iPhone.",,"Activation Lock, Find My, Feiyang Times",https://images2.thanhnien.vn/thumb_w/640/528068263637045248/2025/5/22/1-1747884980370297953719.jpg,"[""https://images2.thanhnien.vn/thumb_w/640/528068263637045248/2025/5/22/1-1747884980370297953719.jpg"", ""https://images2.thanhnien.vn/thumb_w/640/528068263637045248/2025/5/22/2-1747885112183971529345.jpg""]",,2025-05-22T11:29:00+07:00,2026-07-03T14:35:31.701951,Công nghệ,,,,
185251121145958431,https://thanhnien.vn/3-loai-thiet-bi-tuyet-doi-khong-cam-vao-o-dien-noi-dai-185251121145958431.htm,thanhnien.vn,,,,,,3 loại thiết bị tuyệt đối không cắm vào ổ điện nối dài,Thói quen 'cắm chồng ổ điện' sai lầm đã khiến 23.000 ngôi nhà bốc cháy mỗi năm.,"Ổ điện nối dài là vật dụng không thể thiếu trong mọi gia đình hiện đại, nhưng sự tiện lợi của nó đang bị lạm dụng sai cách, biến nhiều ngôi nhà thành những 'quả bom nổ chậm'. Với số lượng thiết bị điện tử ngày càng tăng, việc thiếu ổ cắm tường là tình trạng chung của nhiều hộ gia đình. Giải pháp nhanh gọn nhất thường là mua thêm ổ cắm nối dài. Tuy nhiên, theo thống kê từ Cục Quản lý Hỏa hoạn (USFA) của Mỹ, chỉ riêng trong năm 2023 đã có hơn 23.000 vụ cháy nhà do sự cố điện . Một phần lớn nguyên nhân đến từ thói quen sử dụng ổ cắm điện nối dài sai quy cách cho các thiết bị vượt quá công suất chịu tải. Thói quen cắm điện có thể gây hỏa hoạn ẢNH: BGR Dưới đây là 'danh sách đen' những thiết bị bạn bắt buộc phải cắm trực tiếp vào ổ tường để bảo vệ tính mạng và tài sản. 1. Các thiết bị nhà bếp Sai lầm phổ biến nhất thường xuất phát từ nhà bếp các bà nội trợ. Các thiết bị tạo nhiệt như vỉ nướng điện, lò nướng, lò vi sóng hay nồi chiên không dầu tiêu thụ điện năng cực lớn (thường trên 1.800W) để vận hành. Việc cắm chúng vào ổ nối dài dễ dàng gây quá tải , làm nóng chảy nhựa bảo vệ và dẫn đến hỏa hoạn. Các thiết bị nhà bếp tiêu thụ điện năng rất lớn ẢNH: BRITANNICA Bên cạnh đó, tủ lạnh và tủ đông dù chạy êm nhưng khi khởi động máy nén, chúng tạo ra dòng điện tăng vọt đột ngột, có thể đánh sập hệ thống điện của ổ cắm nối dài vốn có khả năng chịu tải hạn chế. 2. Cắm chồng chéo các ổ điện lên nhau Nhiều người có thói quen cắm ổ điện nối dài này vào một ổ điện nối dài khác (thuật ngữ kỹ thuật là daisy-chaining) để kéo dài dây ra sân vườn hoặc ban công. Theo các chuyên gia PCCC, đây là hành vi vi phạm quy tắc an toàn nghiêm trọng. Việc nối tiếp này làm tăng điện trở dây dẫn, gây sụt áp và sinh nhiệt cực lớn tại các điểm tiếp xúc. Thay vì nối chồng chéo, hãy mua một sợi dây dài chuyên dụng hoặc bố trí lại vị trí thiết bị. Thói quen cắm chồng chéo ổ điện rất nguy hiểm ẢNH: DEWENWILS 3. Thiết bị y tế và dụng cụ cơ khí Máy khoan, máy cắt cầm tay hay máy mài có động cơ lớn, khi hoạt động tạo ra xung điện rất mạnh, dễ làm quá tải và nhảy aptomat của ổ cắm nối dài, gây nguy hiểm cho hệ thống điện chung. Dụng cụ cơ khí tạo xung điện rất mạnh ẢNH: BGR Đáng lo ngại hơn là việc cắm các thiết bị y tế quan trọng như máy trợ thở (CPAP) vào ổ nối dài. Ổ cắm kém chất lượng có thể gây sụt áp, khiến máy hoạt động sai lệch. Nguy hiểm nhất là khi bộ ngắt mạch tự động ngắt điện do quá tải, khiến thiết bị y tế tắt ngúm vào đúng lúc người bệnh cần nhất. Nhìn chung, bạn hãy kiểm tra lại hệ thống điện trong nhà, nếu thiết bị có chức năng sinh nhiệt (đun nấu, sưởi) hoặc có động cơ lớn, nguyên tắc vàng là luôn cắm trực tiếp vào ổ cắm tường.",,"điện năng, hệ thống, ổ điện, Ổ cắm, thiết bị, xung điện, nguy hiểm, hoạt động",https://images2.thanhnien.vn/thumb_w/640/528068263637045248/2025/11/21/intro-1763050603-17637119765101449276069.jpg,"[""https://images2.thanhnien.vn/thumb_w/640/528068263637045248/2025/11/21/intro-1763050603-17637119765101449276069.jpg"", ""https://images2.thanhnien.vn/thumb_w/640/528068263637045248/2025/11/21/microwave-oven-1763712034405-17637120348421326822093.jpg"", ""https://images2.thanhnien.vn/thumb_w/640/528068263637045248/2025/11/21/sac-1763712192473684059580.jpg"", ""https://images2.thanhnien.vn/thumb_w/640/528068263637045248/2025/11/21/power-tools-and-critical-medical-equipment-1763050609-1763712254847-1763712255280829558287.jpg""]",,2025-11-21T17:47:00+07:00,2026-07-03T14:35:32.164989,Công nghệ,,,,
185250819014004258,https://thanhnien.vn/mat-tap-trung-vi-luot-video-ngan-qua-nhieu-vi-sao-biet-ma-khong-dung-lai-duoc-185250819014004258.htm,thanhnien.vn,,,,,,Mất tập trung vì lướt video ngắn quá nhiều: Vì sao biết mà không dừng lại được?,"Lướt mạng xã hội xem video ngắn trở thành thói quen khó bỏ của nhiều người, từ TikTok đến Reels, YouTube Shorts... Dù biết thói quen không tốt, nhiều người vẫn không bỏ được.","Video AI nhan nhản, quá tiện, quá cuốn... Dự định chỉ lướt mạng một lúc để giải trí nhưng rồi lướt đến cả tiếng, mấy tiếng đồng hồ hay thậm chí là cả đêm… Nhiều người, đặc biệt là các bạn trẻ có lẽ thường xuyên gặp tình trạng không dứt ra nổi khỏi chiếc điện thoại, khỏi các nền tảng video ngắn khi các trải nghiệm xem có thể nói là quá tiện lợi, quá cuốn. Không khó để bắt gặp video AI trên các nền tảng mạng xã hội ẢNH: VÕ HIẾU Ngọc Mai (21 tuổi, sinh viên, TP.HCM) thú nhận nhiều khi không biết vì sao bản thân cứ xem mãi những nội dung này. ""Em chỉ cần mở phần video của Facebook lên, lướt tầm vài chục giây lại thấy một video AI . Bất kể là em có quan tâm hay chủ động tìm kiếm nó hay không"", Ngọc Mai chia sẻ. Tương tự, Khánh Nhung (21 tuổi, sinh viên, TP.HCM) cho biết: ""Em thường bắt gặp trên TikTok là chủ yếu vì em sử dụng ứng dụng đó nhiều hơn. Ngoài ra thì cũng có Facebook, Instagram. Em bắt gặp nó cũng thường xuyên lắm. Lướt tầm 1 - 2 video là lại thấy video AI một lần"". Trong thời đại số, trí tuệ nhân tạo (AI) đang ngày càng trở thành công cụ phổ biến trong việc sản xuất nội dung, đặc biệt là các video ngắn . Những video này, được tạo ra với tốc độ nhanh chóng và chi phí thấp, đã trở nên phổ biến trong thói quen tiêu thụ nội dung của người dùng trên các nền tảng xã hội. Câu hỏi về chất lượng và giá trị bắt đầu nảy sinh Tuy nhiên, với sự gia tăng của các video do AI sản xuất , câu hỏi về chất lượng và giá trị của những nội dung này bắt đầu nảy sinh. Dù được nhận xét hình ảnh đơ cứng, lời thoại không tự nhiên nhưng video AI vẫn ngập tràn trên các nền tảng và thu hút đông đảo người xem ẢNH: VÕ HIẾU Với nhiều người dùng, điểm chung dễ nhận thấy ở các video AI là biểu cảm đơ cứng, giọng đọc kém tự nhiên. Nhưng bù lại, tiêu đề và tình tiết lại cực kỳ thu hút vì nhiều khi AI làm được thứ người bình thường không làm được. Chính những chi tiết vô lý pha chút hài hước này làm nên sự thu hút của video AI. ""Thực ra cũng dễ thôi. Cái giọng nói khác, nghe là biết chắc là AI rồi. Nhưng mỗi người làm video thì đều có mục đích cả. Những video AI dùng giọng đọc kiểu vậy thì rõ ràng không cần phải tốn quá nhiều nhân lực để sản xuất và cũng chỉ một kịch bản thôi. Người ta đưa nội dung chính rồi AI tự làm. Làm như thế thì người ta sẽ không phải chịu trách nhiệm trước pháp luật"", anh Hà Đức Thiện, 37 tuổi, TP.HCM nhận định. Những video ngắn này liên tục xuất hiện, thu hút người xem một cách vô thức, bất kể họ có thực sự quan tâm đến nội dung hay không. Điều này dẫn đến một câu hỏi lớn: liệu nền tảng có đang chịu trách nhiệm chính về sự phát triển mạnh mẽ của video AI hay chính thói quen và sự dễ dãi của người xem đã góp phần vào sự lan rộng của loại hình nội dung này? Lỗi do nền tảng hay do người xem? Thói quen vuốt lên để xem tiếp đã trở thành một phần của thói quen hằng ngày của nhiều người, lặp đi lặp lại như một hành động khó kiểm soát. Việc tiêu thụ quá nhiều video ngắn, đặc biệt là video do AI tạo ra, có thể ảnh hưởng đến khả năng tập trung và sự tiếp nhận của người xem đối với các nội dung dài, chuyên sâu. Thói quen này có thể khiến người xem mất đi sự quan tâm đối với những chủ đề cần nghiên cứu và tư duy sâu sắc, dễ dàng bị cuốn vào các nội dung giải trí ngắn hạn mà không nhận thức được giá trị lâu dài của chúng. Xem video ngắn, video AI vô nghĩa quá nhiều - lỗi khán giả hay nền tảng Theo tiến sĩ Stephen Scott, chuyên gia về tâm lý học trẻ em tại Bệnh viện Maudsley (Anh), việc tiêu thụ video ngắn quá mức có thể dẫn đến các tác động tiêu cực đối với trẻ em và thanh thiếu niên, bao gồm giảm khả năng tập trung, hành vi bốc đồng và rối loạn giấc ngủ. Ông cũng nhấn mạnh những video này, dù dễ tiếp cận và thú vị, có thể khiến người xem mất đi khả năng duy trì sự chú ý vào các nhiệm vụ dài hơn. Trong khi đó, Business Insider dẫn lời ông Steve Chen, đồng sáng lập YouTube , cũng bày tỏ lo ngại về việc trẻ em chỉ xem video ngắn và khuyến nghị các nền tảng nên hạn chế thời gian sử dụng đối với các đối tượng trẻ tuổi, nhằm giảm thiểu tác động tiêu cực đến sự phát triển lâu dài.",,"video ngắn, trí tuệ nhân tạo, video do AI sản xuất, nền tảng video ngắn, AI",https://images2.thanhnien.vn/thumb_w/640/528068263637045248/2025/8/18/dsc04450-17555417590501386648064.jpg,"[""https://images2.thanhnien.vn/thumb_w/640/528068263637045248/2025/8/18/dsc04450-17555417590501386648064.jpg"", ""https://images2.thanhnien.vn/thumb_w/640/528068263637045248/2025/8/17/c0718mp400001520still001-1755450480148607142275.jpg""]",,2025-08-19T10:54:00+07:00,2026-07-03T14:35:32.258914,Công nghệ,,,,
185251003233245648,https://thanhnien.vn/ios-26-gay-loi-imessage-khien-apple-phai-vao-cuoc-185251003233245648.htm,thanhnien.vn,,,,,,iOS 26 gây lỗi iMessage khiến Apple phải vào cuộc,"Mặc dù iOS 26 mang đến thiết kế mới đẹp mắt và nhiều cải tiến, một số người đã gặp phải vấn đề khi không thể kích hoạt iMessage bằng số điện thoại.","Theo thông tin từ Apple, nguyên nhân của sự cố này có thể do người dùng iPhone chạy iOS 26 đang sử dụng SIM không hoạt động hoặc eSIM trùng với số điện thoại của SIM đang hoạt động trên iPhone. Nhiều người dùng iOS 26 đang gặp vấn đề với iMessage ẢNH: PCMAG Khi gặp sự cố, người dùng sẽ thấy thông báo ""Chưa gửi"" đối với các tin nhắn iMessage và không thể nhận được tin nhắn iMessage nào. Thay vào đó, tin nhắn sẽ được gửi và nhận qua giao thức RCS và SMS, hiển thị bằng bong bóng màu xanh lá cây thay vì màu xanh lam của iMessage. Cách khắc phục sự cố Để khắc phục tình trạng này, người dùng nên tháo SIM không hoạt động và thử kích hoạt lại iMessage. Đối với eSIM không sử dụng, hãy vào mục Di động trong ứng dụng Cài đặt để xóa. Nếu SIM vật lý không hoạt động, người dùng cần tháo SIM đó ra khỏi iPhone. Sau khi thực hiện các bước này, người dùng có thể kích hoạt lại iMessage bằng cách vào Cài đặt > Ứng dụng > Tin nhắn, chạm vào Gửi & nhận, rồi chọn số điện thoại hiển thị. Người dùng có thể điều chỉnh các bước khắc phục sự cố với iMessage thông qua phần Cài đặt ẢNH: CHỤP MÀN HÌNH Apple đã cung cấp hướng dẫn chi tiết trên trang hỗ trợ của mình, khẳng định rằng đây không phải là lỗi của iOS 26 mà là do thiết kế. Đối với những người dùng có SIM không hoạt động, việc khắc phục sẽ tương đối đơn giản. Mặc dù iOS 26 đã nhận được nhiều phản hồi trái chiều từ người dùng, với một số người chưa hoàn toàn hài lòng về hệ điều hành mới, Apple cam kết sẽ cải thiện trải nghiệm người dùng trong thời gian tới. Hiện tại, nhiều người vẫn giữ quan điểm tích cực về iOS 26 và hy vọng các bản cập nhật tiếp theo có thể khắc phục các lỗi được ghi nhận, ví dụ iOS 26.0.1 là phiên bản mới nhất.",,"Apple, bản cập nhật, iMessage, tin nhắn",https://images2.thanhnien.vn/thumb_w/640/528068263637045248/2025/10/3/3-17595085220141955029178.jpg,"[""https://images2.thanhnien.vn/thumb_w/640/528068263637045248/2025/10/3/3-17595085220141955029178.jpg"", ""https://images2.thanhnien.vn/thumb_w/660/528068263637045248/2025/10/3/1-17595086272801286382641.jpg"", ""https://images2.thanhnien.vn/thumb_w/660/528068263637045248/2025/10/3/2-1759508627299353542334.jpg""]",,2025-10-05T09:46:00+07:00,2026-07-03T14:35:32.380975,Công nghệ,,,,
185250216142533702,https://thanhnien.vn/6-meo-don-gian-giup-bao-ve-camera-an-ninh-khoi-hacker-185250216142533702.htm,thanhnien.vn,,,,,,Cách đơn giản giúp bảo vệ camera an ninh khỏi hacker,Camera an ninh giúp bảo vệ không gian sống nhưng đôi lúc vẫn tiềm ẩn nguy cơ bị hacker tấn công.,"Camera an ninh ngày càng phổ biến, giúp chúng ta bảo vệ khu vực sinh sống và tài sản. Tuy nhiên, ít ai biết rằng những thiết bị này cũng tiềm ẩn nguy cơ bị tội phạm mạng tấn công và chiếm quyền kiểm soát, gây ra những hậu quả khó lường. Camera an ninh: 'Mắt thần' hay lỗ hổng bảo mật? Rò rỉ dữ liệu từ camera quan sát trên mạng đang là một vấn đề phổ biến ngày nay. Khi trở thành nạn nhân của sự cố an ninh này, ngoài việc bị lộ hình ảnh riêng tư, bạn còn đối mặt với những rủi ro lớn khác về thông tin cá nhân, cho đến việc bị theo dõi, giám sát từ xa. Camera an ninh đang là một trong những miếng mồi ngon của tin tặc ẢNH: CHỤP MÀN HÌNH ONVIF Rủi ro từ việc camera an ninh bị xâm nhập là điều rất nguy hiểm và không ai mong muốn. Chính vì thế, việc tìm hiểu thêm về các biện pháp bảo mật dưới đây có thể giúp bạn tự bảo vệ bản thân khi sử dụng camera an ninh cho cá nhân và gia đình. Chọn camera chất lượng, nói không với hàng nhái, hàng cũ Đầu tiên, không nên vì ham rẻ mà mua phải những camera không rõ nguồn gốc, hàng nhái, hàng cũ. Hãy ưu tiên các camera mới từ thương hiệu uy tín, có chính sách bảo mật rõ ràng và hỗ trợ khách hàng tốt. Camera cũ trôi nổi trên thị trường rất có thể bị 'cài cắm' phần mềm độc hại hoặc đã bị kẻ gian can thiệp vào hệ thống phần cứng trước đó. Ưu tiên camera có mã hóa đầu cuối Mã hóa đầu cuối được xem là một 'lá chắn thép' bảo vệ dữ liệu hình ảnh camera của bạn. Ngay cả khi tin tặc có thể đánh cắp dữ liệu, chúng cũng không thể xem được nội dung bên trong. Ưu tiên những camera hỗ trợ mã hóa đầu cuối ẢNH: CHỤP MÀN HÌNH REDDIT Ngoài ra, đa phần các hãng camera tiên tiến ngày nay đều hỗ trợ lưu trữ dữ liệu ghi hình trên hệ thống máy chủ đám mây. Việc lựa chọn thiết bị có khả năng mã hóa đầu cuối sẽ rất hữu ích, vì các dữ liệu khi đã được mã hóa, chỉ có bạn hoặc người được ủy quyền mới có thể truy cập, thậm chí, ngay cả các nhân viên của hãng camera đó cũng không thể xem trộm được nội dung ghi hình của bạn. Tìm hiểu kỹ lưỡng về thương hiệu camera Trước khi quyết định mua camera của một thương hiệu nào đó, hãy dành thời gian tìm hiểu về lịch sử bảo mật của họ. Rằng đã có những vụ vi phạm dữ liệu hoặc lỗ hổng bảo mật nào liên quan đến thương hiệu này chưa? Nếu một công ty từng vướng phải vấn đề bảo mật nhiều lần hoặc xảy ra gần thời điểm muốn mua, bạn có thể nên tìm một lựa chọn khác. Bảo mật Wi-Fi và ứng dụng camera Bên cạnh camera, bạn cũng cần lưu ý đến mạng Wi-Fi mà camera đang kết nối để sử dụng, đồng thời ứng dụng camera cũng cần được quan tâm đến vấn đề bảo mật. Theo đó, bạn nên: Sử dụng mật khẩu mạnh cho cả Wi-Fi và ứng dụng camera. Bật mã hóa Wi-Fi và tường lửa. Cân nhắc sử dụng VPN và tạo mạng Wi-Fi khách riêng biệt. Thay đổi mật khẩu định kỳ, đặc biệt là sau khi chuyển nhà hoặc có sự thay đổi lớn trong cuộc sống . Luôn cập nhật phần mềm và bản vá mới nhất Các bản cập nhật thường chứa các bản vá lỗi bảo mật quan trọng, giúp bảo vệ thiết bị khỏi các cuộc tấn công mới. Hãy bật tính năng tự động cập nhật hoặc thường xuyên kiểm tra và cài đặt các bản cập nhật mới nhất cho camera và ứng dụng. Nên thường xuyên cập nhật bản vá lỗi cho hệ thống camera ẢNH: CHỤP MÀN HÌNH YOUTUBE Bật xác thực hai yếu tố (2FA) Xác thực hai yếu tố sẽ giúp tăng cường bảo mật cho tài khoản camera, yêu cầu thêm một bước xác minh (như mã OTP, email...) bên cạnh mật khẩu. Với 2FA, dù tin tặc có biết được mật khẩu tài khoản vẫn không thể truy cập vào do rào cản từ mã xác thực. Ngoài ra, bạn cũng nên lưu ý một số điểm sau: Không lắp đặt camera ở những khu vực riêng tư như phòng ngủ, phòng tắm. Thường xuyên kiểm tra camera để phát hiện những dấu hiệu bất thường như đèn báo LED nhấp nháy, âm thanh lạ... Bằng cách áp dụng những biện pháp bảo mật đơn giản này, bạn có thể yên tâm sử dụng camera an ninh để bảo vệ ngôi nhà và những người thân yêu.",,"an ninh, bảo vệ, camera an ninh, cập nhật, Mã hóa đầu cuối, Thương hiệu, Màn hình, vá lỗi, mật khẩu, Ghi hình, tin tặc",https://images2.thanhnien.vn/thumb_w/640/528068263637045248/2025/2/16/camera-1739691463474438979928.jpg,"[""https://images2.thanhnien.vn/thumb_w/640/528068263637045248/2025/2/16/camera-1739691463474438979928.jpg"", ""https://images2.thanhnien.vn/thumb_w/640/528068263637045248/2025/2/16/e2e-1739691580758331787276.jpg"", ""https://images2.thanhnien.vn/thumb_w/640/528068263637045248/2025/2/16/update-17396917109051285496887.jpg""]",,2025-02-21T15:08:00+07:00,2026-07-03T14:35:32.454522,Công nghệ,,,,
185250915161128747,https://thanhnien.vn/samsung-chinh-thuc-tung-one-ui-8-cho-galaxy-s25-185250915161128747.htm,thanhnien.vn,,,,,,Samsung chính thức tung One UI 8 cho Galaxy S25,Samsung 'đáp lễ' iOS 26 bằng cách phát hành One UI 8 với nhiều tính năng đáng giá cho dòng Galaxy S25.,"Theo Android Authority , đúng như lời hứa, sau nhiều tháng thử nghiệm beta, Samsung đã chính thức nhấn nút phát hành bản cập nhật One UI 8 ổn định cho dòng flagship Galaxy S25. Đây được xem là động thái quan trọng, mang phiên bản phần mềm mới nhất đến với đông đảo người dùng, chấm dứt giai đoạn chờ đợi kéo dài. One UI 8 (Android 16) chính thức ra mắt cho Galaxy S25 Theo ghi nhận, bản dựng One UI 8 chính thức đầu tiên cho dòng Galaxy S25 có dung lượng khá lớn, khoảng 3,9 GB. Người dùng tại Hàn Quốc đã bắt đầu nhận được thông báo cập nhật , và dự kiến các thị trường lớn khác như Mỹ, Anh, Ấn Độ và phần còn lại của thế giới (có cả Việt Nam) sẽ sớm nối gót trong vài ngày tới. One UI 8 bản ổn định đã được triển khai cho dòng Galaxy S25 tại Hàn Quốc ẢNH: CHỤP MÀN HÌNH Bản cập nhật này không chỉ mang đến giao diện và tính năng mới mà còn gồm bản vá bảo mật ngày 1.9.2025, đảm bảo an toàn tối đa cho thiết bị. Có gì mới trong One UI 8? Nhật ký thay đổi nêu bật hai tính năng đáng chú ý là phụ đề cuộc gọi tự động và chức năng Now Brief, hứa hẹn nâng cao trải nghiệm giao tiếp và quản lý thông tin hằng ngày. Đây chỉ là một phần nhỏ trong số rất nhiều cải tiến mà One UI 8 mang lại so với phiên bản tiền nhiệm. Bước mở rộng quan trọng Việc phát hành One UI 8 cho Galaxy S25 đánh dấu một cột mốc quan trọng. Trước đây, phiên bản phần mềm này chỉ độc quyền trên các thiết bị gập mới nhất như Galaxy Z Fold7 và Z Flip7. Động thái này cho thấy Samsung đã sẵn sàng phổ biến hệ điều hành mới nhất của mình đến hàng triệu người dùng hiện tại, thay vì bắt họ phải nâng cấp lên flagship mới nhất. Hiện tại, Samsung vẫn chưa công bố lịch trình cập nhật cho các dòng máy khác trong tháng 9, nhưng đây là một tín hiệu vô cùng tích cực. Hãng cũng hứa hẹn sẽ mang One UI 8 Watch đến các mẫu đồng hồ thông minh cũ hơn vào cuối năm nay.",,"Galaxy Z, Hàn Quốc, Galaxy S25, chính thức, cập nhật, Flagship, Phần mềm, Tính năng, Android, Phát hành, Z Fold, ổn định",https://images2.thanhnien.vn/528068263637045248/2025/9/15/8-17579274598231550068872.jpg,"[""https://images2.thanhnien.vn/528068263637045248/2025/9/15/8-17579274598231550068872.jpg""]",,2025-09-15T17:54:00+07:00,2026-07-03T14:35:32.845601,Công nghệ,,,,
185250501184323645,https://thanhnien.vn/khoi-cong-nha-may-ban-dan-ct-semiconductor-tai-binh-duong-185250501184323645.htm,thanhnien.vn,,,,,,Khởi công nhà máy bán dẫn CT Semiconductor tại Bình Dương,"Với số vốn đầu tư cho giai đoạn 2 gần 100 triệu USD bao gồm chi phí làm Clean room. Nhà máy được xây dựng trên một khuôn viên 30.000 m² tại Trung tâm phát triển công nghệ cao CT Group - Thuận An, Bình Dương.","Dự kiến đi vào vận hành trong quý 4/2025, nhà máy sẽ đạt công suất đến 100 triệu chip/năm vào năm 2027. Nhà máy sử dụng các công nghệ mới nhất của năm 2025 với sự tham gia của các chuyên gia trên 30 năm kinh nghiệm trong ngành bán dẫn và sự tư vấn xây dựng của một tập đoàn đã xây phần lớn các nhà máy của TSMC . Lễ khởi công Nhà máy bán dẫn CT Semiconductor Ảnh: CTV Phát biểu tại buổi lễ, ông Azmi Bin Wan Hussin Wan - COO của CT Semiconductor chia sẻ: “Hôm nay, chúng tôi công bố một tầm nhìn đầy táo bạo: Đến tháng 9.2025, con chip đầu tiên được lắp ráp, đóng gói và kiểm định hoàn toàn tại Việt Nam bởi một công ty OSAT 100% vốn Việt Nam sẽ ra đời từ dây chuyền này. Thành tựu này sẽ tượng trưng cho trí tuệ và tiềm năng vô hạn của người Việt Nam. Buổi lễ này đánh dấu một cột mốc lịch sử cho CT Semiconductor"". Sự kiện khởi công xây dựng nhà máy bán dẫn này cũng là bước tiến lớn trong việc phát triển ngành công nghiệp bán dẫn tại Việt Nam, thể hiện quyết tâm của doanh nghiệp Việt góp phần hiện thực hóa Quyết định 1017/QĐ-TTg của Chính phủ và Nghị quyết 57/NQ-TW của Bộ Chính trị, Nghị quyết 03/NQ-CP của Chính phủ. Nhà máy bán dẫn CT Semiconductor cũng được kỳ vọng đóng vai trò quan trọng trong việc thúc đẩy ngành công nghiệp chip tại Việt Nam với ngân sách đầu tư cho R&D trên 10% vốn và doanh thu, đặc biệt trong lĩnh vực nghiên cứu và phát triển công nghệ tiên tiến. Nhà máy này sẽ sản xuất các sản phẩm chip ""Made by Vietnam"". Hiện nay, CT Semiconductor đang nghiên cứu công nghệ mới như GaN, Photonic, Advanced Packaging... đến thiết kế các loại chip khó như 6G , chip truyền dữ liệu trong môi trường không sóng, AI, UAV, các loại chip UAV… cùng với Trung tâm Đổi mới sáng tạo CT I NNOVATION Hub vừa được khánh thành.",,"Bán dẫn, Chip, Khởi công, công nghệ",https://images2.thanhnien.vn/thumb_w/640/528068263637045248/2025/5/1/ct-1746099662622287299963.png,"[""https://images2.thanhnien.vn/thumb_w/640/528068263637045248/2025/5/1/ct-1746099662622287299963.png""]",,2025-05-01T19:39:00+07:00,2026-07-03T14:35:32.924737,Công nghệ,,,,
18525060807032045,https://thanhnien.vn/iphone-tan-trang-lieu-co-ben-nhu-iphone-moi-18525060807032045.htm,thanhnien.vn,,,,,,iPhone tân trang liệu có bền như iPhone mới?,"Khi mua một chiếc iPhone mới, người dùng thường không phải bận tâm về chất lượng, nhưng với iPhone tân trang, sự nghi ngờ là điều dễ hiểu.","Những chiếc điện thoại này không hoàn toàn mới, nhưng cũng không phải là hàng đã qua sử dụng như mua ở bên ngoài các cửa hàng. Vậy, liệu iPhone tân trang có đáng giá? Câu trả lời phụ thuộc vào nơi người dùng mua. Người tiêu dùng được khuyến cáo nên chọn mua iPhone tân trang từ Apple ẢNH: AOL Dựa trên các đánh giá, người dùng đã có trải nghiệm tích cực khi mua iPhone tân trang trực tiếp từ Apple. Một người dùng trên Reddit cho biết: ""Các sản phẩm tân trang từ Apple không thể phân biệt với thiết bị mới, ngoại trừ hộp đựng màu trắng trơn. Chỉ có bo mạch chủ là bộ phận duy nhất từ điện thoại gốc được sử dụng"". Một người dùng khác khuyên rằng chỉ nên mua thiết bị tân trang từ Apple vì chúng đã được kiểm tra kỹ lưỡng và đáng tin cậy. Tuy nhiên, kho iPhone tân trang của Apple thường có hạn, và hiện tại chỉ có các mẫu từ dòng iPhone 15 có sẵn. Lưu ý khi chọn mua iPhone tân trang Nếu mua iPhone tân trang từ các nhà bán lẻ khác, cần lưu ý rằng thuật ngữ ""tân trang"" có thể có nghĩa khác nhau. Chất lượng của iPhone tân trang có thể thay đổi tùy thuộc vào bên bán. Ví dụ, một số khách hàng mua iPhone 14 tân trang từ Best Buy đã gặp khó khăn khi kích hoạt thiết bị do chủ sở hữu trước vẫn còn nợ. Một khách hàng khác phàn nàn về tình trạng của điện thoại khi nhận được, với vết xước lớn trên màn hình và tình trạng pin chỉ đạt 79%. Apple 'chạy thuế', chở 600 tấn iPhone từ Ấn Độ sang Mỹ Khi mua từ Amazon Renewed, người dùng sẽ có cái nhìn rõ ràng hơn về tình trạng sản phẩm. Amazon yêu cầu người bán kiểm tra từng thiết bị và nêu rõ tình trạng trên trang sản phẩm. Ví dụ, iPhone được dán nhãn ""Tình trạng cao cấp"" có nghĩa là không có vết xước, tình trạng pin trên 90% và đi kèm với bảo hành 1 năm. Ngược lại, điện thoại ""Tình trạng tốt"" có thể có một số vết xước nhẹ và bảo hành 90 ngày. Các nền tảng như Back Market cũng chuyên cung cấp sản phẩm tân trang và đã nhận được nhiều phản hồi tích cực từ khách hàng. Trong 2 năm qua, hơn 41.000 người mua đã đánh giá trung bình 4,3 sao. Một người mua cho biết chất lượng iPhone tân trang tại đây thậm chí còn tốt hơn cả các sản phẩm ""Tình trạng cao cấp"" của Amazon. Tuy nhiên, trải nghiệm có thể khác nhau tùy thuộc vào bên bán. Những người hối hận khi mua iPhone tân trang thường gặp vấn đề về thẩm mỹ hoặc tình trạng pin. Mặc dù iPhone tân trang vẫn nhận được các bản cập nhật phần mềm giống như iPhone mới, cùng việc thay pin có thể giải quyết vấn đề về pin, nhưng các vết xước và lõm thường khó xử lý hơn. Đối với iPhone tân trang được Apple chứng nhận, Apple sẽ thay thế cả vỏ và pin giúp điện thoại trông và hoạt động như mới. Để tránh rắc rối, người tiêu dùng nên kiểm tra chính sách trả hàng và thông tin bảo hành trước khi mua. Nếu mua từ Apple, Back Market hoặc Reebelo, người dùng sẽ được bảo hành 1 năm. Tuy nhiên, một số cửa hàng như Best Buy chỉ cung cấp bảo hành có giới hạn 90 ngày.",,"Apple, kinh nghiệm mua sắm, chất lượng sản phẩm",https://images2.thanhnien.vn/thumb_w/640/528068263637045248/2025/6/8/35-174934080254289327641.jpeg,"[""https://images2.thanhnien.vn/thumb_w/640/528068263637045248/2025/6/8/35-174934080254289327641.jpeg""]",,2025-06-08T07:47:00+07:00,2026-07-03T14:35:34.004129,Công nghệ,,,,
185251218004234332,https://thanhnien.vn/google-phat-hanh-tri-tue-tien-tien-gemini-3-flash-ra-toan-cau-185251218004234332.htm,thanhnien.vn,,,,,,Google phát hành 'trí tuệ tiên tiến' Gemini 3 Flash ra toàn cầu,Google vừa công bố mô hình AI mới mang tên Gemini 3 Flash nhằm nâng cao tốc độ phản hồi và cải thiện trải nghiệm tìm kiếm cho người dùng.,"Gemini 3 Flash được cho là cung cấp ""trí tuệ tiên tiến"" và sẽ được tích hợp vào Chế độ AI trong công cụ Google Tìm kiếm . Chế độ AI là phiên bản đàm thoại mới của Tìm kiếm, hiện đã có sẵn như một tùy chọn riêng biệt bên cạnh các chế độ truyền thống như hình ảnh, tin tức, video hay mua sắm. Gemini 3 Flash cuối cùng cũng đã được triển khai trên toàn cầu ẢNH: GOOGLE Mục tiêu chính của Chế độ AI là cung cấp câu trả lời tương tự như cách mà người dùng nhận được từ các chatbot AI như Gemini và ChatGPT, thay vì chỉ hiển thị các liên kết web thông thường. Ngoài việc cung cấp câu trả lời, chế độ này còn cho phép người dùng đặt tiếp câu hỏi theo cách trò chuyện. Với sự ra mắt của Gemini 3 Flash, Chế độ AI đã được nâng cấp đáng kể. Mô hình mới này không chỉ thông minh hơn mà còn nhanh hơn, trở thành chế độ mặc định cho Chế độ AI trong Tìm kiếm và ứng dụng Gemini. Google cho biết: ""Hiệu suất mạnh mẽ của Gemini 3 Flash trong khả năng suy luận, sử dụng công cụ và đa phương thức cho phép Chế độ AI giải quyết các câu hỏi phức tạp với độ chính xác cao hơn mà không làm giảm tốc độ"". Gemini 3 Flash đưa Google Tìm kiếm sang giai đoạn mới Gemini 3 Flash hiện đã có sẵn cho tất cả người dùng trên toàn cầu. Đáng chú ý, trước khi ra mắt, một số người dùng đã phát hiện ra mô hình này trong nền tảng Vertex AI của Google dành cho các nhà phát triển, cho biết nó nhanh hơn nhiều so với phiên bản Gemini 2.5 Flash cũ trong việc tạo trang web chỉ bằng một lời nhắc. Google muốn tìm kiếm nhanh và thông minh hơn chatbot ẢNH: GOOGLE Ngoài việc giới thiệu Gemini 3 Flash, Google cũng đang phát triển mẫu Gemini 3 Pro cho người dùng tại Mỹ. Khi mở Chế độ AI, người dùng có thể chọn chế độ tư duy sâu với Gemini 3 Pro từ menu thả xuống. Mô hình này được thiết kế cho các truy vấn phức tạp hơn, yêu cầu khả năng tư duy, lập luận và giải quyết vấn đề sâu sắc hơn. Google cũng đang thúc đẩy mô hình xử lý hình ảnh AI mạnh mẽ nhất của mình, Nano Banana Pro (Gemini 3 Pro Image), và tích hợp nó vào trải nghiệm tìm kiếm, hứa hẹn mang đến kết quả nhanh và chính xác hơn trong việc tạo và chỉnh sửa hình ảnh bằng các lời nhắc văn bản. Đối với cả Gemini 3 Pro và Nano Banana Pro , người dùng đăng ký Google AI Pro và Ultra sẽ có giới hạn sử dụng cao hơn. Trong khi đó, OpenAI cũng đã giới thiệu mô hình GPT 5.2 cho ChatGPT và một mô hình AI tạo hình ảnh thế hệ tiếp theo cách nay vài ngày, thể hiện sự cạnh tranh ngày càng gay gắt trong lĩnh vực AI.",,"Google, google tìm kiếm, Gemini, trí tuệ nhân tạo, chatbot AI",https://images2.thanhnien.vn/thumb_w/640/528068263637045248/2025/12/17/1-1765993204528937781015.jpg,"[""https://images2.thanhnien.vn/thumb_w/640/528068263637045248/2025/12/17/1-1765993204528937781015.jpg"", ""https://images2.thanhnien.vn/thumb_w/640/528068263637045248/2025/12/17/2-17659932789431588357465.jpg""]",,2025-12-18T09:21:00+07:00,2026-07-03T14:35:34.139114,Công nghệ,,,,
185240707170949098,https://thanhnien.vn/sharp-dem-may-loc-khong-khi-purefit-mini-ve-viet-nam-185240707170949098.htm,thanhnien.vn,,,,,,Sharp đem máy lọc không khí Purefit Mini về Việt Nam,"Sharp vừa kết hợp với diễn đàn Tinh Tế tổ chức buổi trải nghiệm các dòng sản phẩm máy lọc không khí mới của hãng, đồng thời giới thiệu mẫu máy Purefit Mini với thiết kế nhỏ gọn.","Theo đó, dòng sản phẩm Sharp Purefit Mini mang thiết kế mới gây ấn tượng từ phiên bản FP-S120V từng được hãng ra mắt ở Nhật Bản tháng 5.2023. Nhờ những cải tiến mới, Sharp tiếp tục cho ra đời phiên bản có kích thước nhỏ hơn nhằm đáp ứng nhu cầu của nhiều người dùng hơn, đồng thời hãng cũng đem lại một mức giá dễ tiếp cận. Sharp Purefit Mini có thiết kế nhỏ gọn T.L Thiết kế thu nhỏ hơn 76% nhưng hiệu suất tương đương với những dòng máy kích thuớc lớn hơn. Sharp Purefit Mini sở hữu 2 hệ thống lọc khí được trang bị 2 bên hông giúp nâng cấp hiệu suất lọc khí nhanh và mạnh, mỗi bên trang bị 2 lớp lọc khác nhau, đảm bảo lọc sạch bụi thô, bụi mịn, mùi hôi và các chất ô nhiễm trong không khí. Đặc biệt, màng lọc HEPA 2 trong 1 vừa khử mùi hôi khó chịu, vừa loại bỏ 99% bụi mịn PM 0.1, vi khuẩn và các chất gây dị ứng khác. Một trong những yếu tố quan trọng ảnh hưởng đến hiệu suất thu gom bụi của máy lọc khí chính là luồng gió. Tiên phong trên thị trường máy lọc khí, Sharp tin rằng cơ chế hoạt động của luồng gió Coanda giúp thu gom bụi trong không gian sống một cách hiệu quả hơn. Luồng gió Coanda độc đáo từ Sharp Purefit Mini với góc thổi nghiêng 20 độ ra phía sau giúp thu gom bụi ở các vị trí thấp trong phòng một cách hiệu quả hơn, đồng thời tạo nên luồng khí lưu thông tuần hoàn vừa giúp thu gom bụi nhanh chóng ở mọi ngóc ngách, vừa đưa từng luồng khí sạch phủ toàn diện không gian. Công nghệ Plasmacluster ion đã được hơn 40 viện nghiên cứu và tổ chức trên toàn thế giới như Anh, Mỹ, Nhật, Hàn Quốc, Đức... kiểm nghiệm và chứng nhận hiệu quả. Kết quả cho thấy công nghệ này có khả năng loại bỏ vi khuẩn, nấm mốc trong không khí và ức chế đến 99% virus cúm phổ biến như H5N1, H1N1, H7N9. Ngoài ra, công nghệ này cũng được chứng mình có tiềm năng trong việc giảm chất nhầy trong đường thở giúp giảm các triệu chứng hen suyễn, hỗ trợ tăng cường tập trung làm việc và giảm stress. Gần đây, công nghệ Plasmacluster ion còn được Sharp xác minh hiệu quả trong việc hỗ trợ tăng trưởng của thực vật. Sharp Purefit Mini FP-S42V-L còn tích hợp 5 cảm biến: bụi PM2.5, bụi thường, mùi, nhiệt độ, độ ẩm, nhờ đó máy tự động điều chỉnh hoạt động phù hợp với không gian và thói quen người dùng. Độ ồn ở chế độ sleep dao động 21-27Db, tạo không gian yên tĩnh cho giấc ngủ. Hiện tại, Sharp Purefit Mini gồm hai phiên bản FP-S40V và FP-S42V có mức giá bán lần lượt là 4,79 triệu đồng và 5,79 triệu đồng.",,"lọc không khí, Diệt khuẩn, theo dõi sức khỏe",https://images2.thanhnien.vn/thumb_w/640/528068263637045248/2024/7/7/sharp-17203468732781372740585.png,"[""https://images2.thanhnien.vn/thumb_w/640/528068263637045248/2024/7/7/sharp-17203468732781372740585.png""]",,2024-07-07T17:30:00+07:00,2026-07-03T14:35:35.066688,Công nghệ,,,,
185250503093734462,https://thanhnien.vn/one-ui-8-khac-phuc-nhuoc-diem-lon-cua-one-ui-7-185250503093734462.htm,thanhnien.vn,,,,,,One UI 8 khắc phục nhược điểm lớn của One UI 7,One UI 8 lộ diện sớm để sửa sai cho One UI 7? Galaxy Z Flip 7 hưởng lợi đầu tiên?,"Theo PhoneArena , sau một quá trình triển khai One UI 7 gặp không ít trục trặc và trì hoãn, có vẻ như Samsung đang muốn sửa sai nhanh chóng khi những thông tin đầu tiên về One UI 8 đã bắt đầu rò rỉ. Giao diện người dùng mới dựa trên Android 16 này được cho là đang phát triển tích cực, với những tinh chỉnh nhằm khắc phục điểm yếu của phiên bản tiền nhiệm và mang lại cải tiến đáng giá, đặc biệt cho dòng điện thoại gập Galaxy Z Flip. One UI 8 khắc phục nhiều lỗi phiền toái, tối ưu trải nghiệm Theo các rò rỉ từ cộng đồng công nghệ, đáng chú ý là từ người dùng X Gamer Omega, One UI 8 hứa hẹn mang đến hiệu ứng đóng ứng dụng mượt mà hơn đáng kể. Khác với One UI 7, việc thoát nhanh nhiều ứng dụng liên tiếp sẽ không còn làm gián đoạn đột ngột hiệu ứng của ứng dụng trước đó - một tinh chỉnh nhỏ nhưng góp phần nâng cao sự mượt mà tổng thể. One UI 8 sẽ khắc phục những nhược điểm cố hữu của One UI 7 ẢNH: CHỤP MÀN HÌNH PHONEARENA Quan trọng hơn, một thiếu sót lớn gây khó chịu cho người dùng Galaxy Z Flip dường như sẽ được giải quyết, đó là tính năng Now Bar trên màn hình phụ. Hiện tại, Now Bar trên One UI 7 chỉ hoạt động ở màn hình chính bên trong của Z Flip 6. Điều này làm giảm đi sự tiện dụng của màn hình phụ. Rò rỉ mới nhất cho thấy One UI 8 sẽ đưa Now Bar ra màn hình ngoài, cho phép người dùng liếc nhanh thông tin và điều khiển cơ bản mà không cần mở máy, đúng với tinh thần của dòng điện thoại gập vỏ sò. Những cải tiến này, đặc biệt là Now Bar trên màn hình phụ, được xem là sự chuẩn bị hoàn hảo cho thế hệ điện thoại gập sắp tới của Samsung, dự kiến là Galaxy Z Fold 7 và Galaxy Z Flip 7, có thể ra mắt trong sự kiện Unpacked vào khoảng đầu tháng 7. Một điểm đáng chú ý là tin đồn về việc Samsung có thể phá lệ, trang bị One UI 8 cho bộ đôi gập này ngay khi xuất xưởng, thay vì đợi đến dòng Galaxy S26 như thường lệ. Nếu điều này thành sự thật, đây có thể là nỗ lực của Samsung nhằm xoa dịu người dùng sau những thất vọng về việc cập nhật Android 15 và One UI 7 diễn ra chậm trễ hơn so với nhiều đối thủ cạnh tranh. Sự kiện Unpacked tháng 7 vì thế càng thêm phần hấp dẫn, không chỉ chờ đợi những nâng cấp phần cứng được đồn đoán cho Z Fold 7 (chip Snapdragon 8 Elite, mỏng hơn, camera 200 MP) và Z Flip 7 (chip Exynos 2500, màn hình phụ và pin lớn hơn), mà còn để xem liệu Samsung có thực sự mang đến One UI 8 sớm hơn dự kiến, mang lại trải nghiệm tối ưu ngay từ đầu cho những chiếc flagship gập được mong đợi này hay không.",,"Galaxy Z, người dùng, One UI, Snapdragon 8, điện thoại gập, điện thoại, Khắc phục, Hiệu ứng",https://images2.thanhnien.vn/thumb_w/640/528068263637045248/2025/5/3/one-ui-8-17462398627141948242837.jpg,"[""https://images2.thanhnien.vn/thumb_w/640/528068263637045248/2025/5/3/one-ui-8-17462398627141948242837.jpg""]",,2025-05-03T13:13:00+07:00,2026-07-03T14:35:35.331524,Công nghệ,,,,
18525091010394235,https://thanhnien.vn/openai-sap-khien-gioi-san-xuat-phim-hoat-hinh-that-nghiep-18525091010394235.htm,thanhnien.vn,,,,,,OpenAI sắp khiến giới sản xuất phim hoạt hình thất nghiệp,"Bỏ qua hàng trăm họa sĩ và nhiều năm làm việc, bộ phim 'Critterz' của OpenAI sẽ định nghĩa lại ngành hoạt hình.","Điều mà cả ngành công nghiệp sáng tạo vừa lo sợ vừa chờ đợi cuối cùng đã đến. OpenAI , gã khổng lồ đứng sau ChatGPT và DALL-E, đang chính thức tham gia vào việc sản xuất một bộ phim hoạt hình dài mang tên Critterz , với tham vọng ra mắt tại Liên hoan phim Cannes 2026. Dự án này đang gây chấn động không phải vì nội dung, mà vì những con số không tưởng đằng sau nó, đặt ra một câu hỏi lớn về tương lai của các họa sĩ. Một hình ảnh trong phim Critterz do OpenAI tham gia sản xuất ẢNH: CHỤP MÀN HÌNH GIZMODO OpenAI phá vỡ mọi quy tắc truyền thống trong ngành sản xuất phim hoạt hình Theo The Wall Street Journal , bộ phim Critterz sẽ được hoàn thành chỉ trong 9 tháng - một khoảng thời gian ngắn đến mức phi lý so với vài năm thường thấy cho một dự án hoạt hình lớn. Kinh phí sản xuất dự kiến chưa đến 30 triệu USD và chỉ cần một đội ngũ khoảng 30 người. So sánh với các 'bom tấn' của Disney hay Pixar vốn cần hàng trăm họa sĩ, kinh phí hàng trăm triệu USD và nhiều năm thực hiện, dự án của OpenAI giống như đến từ một thế giới khác. Bí quyết nằm ở việc sử dụng AI tạo sinh để xử lý phần lớn khối lượng công việc hoạt họa, vốn là công đoạn tốn nhiều thời gian và nhân lực nhất. Các họa sĩ con người sẽ chỉ cung cấp bản vẽ gốc và AI sẽ 'diễn hoạt' chúng thành phim. Dù kịch bản phim được chấp bút bởi đội ngũ từ bộ phim Paddington ở Peru, đảm bảo yếu tố sáng tạo của con người, dự án này vẫn được xem là một 'con dốc thẳng đứng'. Nó mở ra một tương lai nơi các studio có thể sản xuất phim hoạt hình với chi phí và rủi ro thấp hơn rất nhiều. Một thất bại 30 triệu USD rõ ràng dễ chấp nhận hơn nhiều so với một thất bại 200 triệu USD. Tuy nhiên, cái giá phải trả cho sự hiệu quả này chính là vị trí của các họa sĩ. Công việc đòi hỏi kỹ năng cao, sự tỉ mỉ và tâm huyết của họ có nguy cơ bị thay thế bởi các thuật toán. Các nhà sản xuất phim hoạt hình truyền thống có nguy cơ mất việc vì OpenAI ẢNH: CHỤP MÀN HÌNH TECHRADAR Hiện tại, không có gì đảm bảo Critterz sẽ thành công. Chất lượng nghệ thuật của phim vẫn là một dấu hỏi lớn và phản ứng của khán giả đối với một tác phẩm do AI làm cũng rất khó đoán. Tuy nhiên, Critterz không chỉ đơn thuần là một bộ phim hoạt hình . Nó là một cuộc thử nghiệm mang tính định hình tương lai. Sự thành bại của nó tại Cannes và các phòng vé sẽ là một chỉ dấu quan trọng, quyết định liệu đây có phải là bình minh của một kỷ nguyên mới cho ngành hoạt hình, hay chỉ là một lời cảnh báo về sự trỗi dậy của máy móc trong nghệ thuật. Cả thế giới đang nín thở dõi theo.",,"Cannes, Disney, Phim hoạt hình, OPENAI, thành công, nghệ thuật, tương lai, sáng tạo, dự án, Hoạt hình",https://images2.thanhnien.vn/thumb_w/640/528068263637045248/2025/9/10/critterz-17574756122572058346124.jpg,"[""https://images2.thanhnien.vn/thumb_w/640/528068263637045248/2025/9/10/critterz-17574756122572058346124.jpg"", ""https://images2.thanhnien.vn/thumb_w/640/528068263637045248/2025/9/10/openai-17574757007591302910461.jpg""]",,2025-09-11T14:38:00+07:00,2026-07-03T14:35:35.453127,Công nghệ,,,,
185250515224304133,https://thanhnien.vn/huawei-nha-hang-pc-gap-doc-la-dau-tien-cua-hang-185250515224304133.htm,thanhnien.vn,,,,,,Huawei 'nhá hàng' PC gập độc lạ đầu tiên của hãng,"PC gập đầu tiên của Huawei với thiết kế độc lạ, cấu hình khủng.","Theo GizmoChina , sau khi gây chú ý với việc ra mắt hệ điều hành máy tính để bàn riêng và chuẩn bị trình làng PC đầu tiên chạy chip Kirin X90 tự phát triển vào tuần tới, Huawei dường như chưa muốn dừng lại. Gã khổng lồ công nghệ Trung Quốc vừa tiếp tục khiến cộng đồng công nghệ bất ngờ khi tung hình ảnh teaser hé lộ về một chiếc PC có thể gập lại đầu tiên của hãng, hứa hẹn mang đến một làn gió mới cho thị trường máy tính vốn đã quen thuộc. Huawei bất ngờ 'nhá hàng' về máy tính gập đầu tiên Theo những thông tin rò rỉ từ các chuyên gia uy tín tại Trung Quốc như Fixed Focus Digital, Huawei đang ấp ủ một chiếc PC gập độc đáo và có thể chính thức giới thiệu tại một sự kiện báo chí diễn ra vào cuối tháng này. Các đồn đoán về tham vọng của Huawei trong lĩnh vực PC gập thực tế đã xuất hiện từ tháng 3, với mô tả về một thiết bị mang ""yếu tố hình thức mới bất ngờ"", là sự giao thoa giữa PC, máy tính bảng và smartphone . Máy tính gập đầu tiên của Huawei vừa được công bố ẢNH: CHỤP MÀN HÌNH MASHABLE Một người cung cấp thông tin rò rỉ khác trên Weibo còn tiết lộ tên gọi chính thức của sản phẩm này có thể là Huawei MateBook Fold Ultimate Design, với mã model HPR-W72. Về cấu hình, thiết bị được cho là sẽ sở hữu dung lượng RAM lên đến 32 GB và bộ nhớ lưu trữ 2 TB. Hình ảnh rò rỉ còn cho thấy một tùy chọn màu đen sang trọng mang tên 'Forged Shadow Black'. Đáng chú ý, Huawei cũng vừa tung ra một teaser mới, dường như để quảng bá cho sự kiện ra mắt HarmonyOS PC. Hình ảnh hé lộ bóng dáng của một chiếc PC gập với dòng chữ 'Ultimate Design' ở mặt sau, càng củng cố tính xác thực của các thông tin rò rỉ. Quan trọng hơn cả, teaser này xác nhận thời điểm ra mắt chiếc PC đặc biệt là vào ngày 19.5 tới, cùng với dòng sản phẩm Nova 14 series. Dù thị trường máy tính xách tay gập không còn quá mới mẻ với những sản phẩm đến từ Lenovo hay Asus, sự xuất hiện của Huawei MateBook Fold Ultimate Design vẫn mang một ý nghĩa đặc biệt. Với việc sở hữu hệ điều hành riêng (HarmonyOS PC), chip xử lý tùy chỉnh (Kirin) và một ngôn ngữ thiết kế mới, chiếc PC gập của Huawei hứa hẹn sẽ mang đến một trải nghiệm khác biệt và đột phá. Hiện tại, thông số kỹ thuật chi tiết, mức giá và thị trường phân phối vẫn còn là ẩn số. Tuy nhiên, nếu tất cả những thông tin trên trở thành sự thật, Huawei hoàn toàn có thể trình làng một trong những chiếc PC thú vị và đáng mong chờ nhất của năm 2025, đánh dấu một bước tiến mạnh mẽ của hãng trong việc xây dựng hệ sinh thái thiết bị toàn diện và tự chủ.",,"trung quốc, Máy tính, PC, hình ảnh, teaser, thị trường, Rò rỉ, ra mắt, HarmonyOS, sự kiện",https://images2.thanhnien.vn/thumb_w/640/528068263637045248/2025/5/15/huawei-17473238755681124996009.jpg,"[""https://images2.thanhnien.vn/thumb_w/640/528068263637045248/2025/5/15/huawei-17473238755681124996009.jpg""]",,2025-05-16T09:08:00+07:00,2026-07-03T14:35:35.476668,Công nghệ,,,,
185260408170515652,https://thanhnien.vn/apple-bi-cao-buoc-sao-chep-trai-phep-70-trieu-video-tren-youtube-185260408170515652.htm,thanhnien.vn,,,,,,Apple bị cáo buộc sao chép trái phép 70 triệu video trên YouTube,Các kế hoạch phát triển trí tuệ nhân tạo (AI) của Apple đang gặp phải thách thức lớn khi ba kênh YouTube nổi tiếng đã đệ đơn kiện công ty này.,"Theo Android Authority , chủ các kênh YouTube cáo buộc Apple bí mật thu thập video từ nền tảng của họ để huấn luyện các mô hình AI mà không có sự cho phép, không trả tiền và không ghi công. Apple vướng vào lao lý vì hành vi vượt qua các hệ thống bảo vệ tài liệu có bản quyền ẢNH: GIGAZINE Vụ kiện liên quan đến các kênh như h3h3Productions, cùng các nhà sáng tạo nội dung về golf như Golfholics và MrShortGame Golf. Các nguyên đơn cho rằng Apple không chỉ đơn thuần liên kết đến nội dung mà còn vượt qua các biện pháp bảo vệ của YouTube để tải xuống và sử dụng video trực tiếp. Họ lập luận rằng hành động này vi phạm Đạo luật Bản quyền Thiên niên kỷ Kỹ thuật số (DMCA), vốn cấm hành vi vượt qua các hệ thống bảo vệ tài liệu có bản quyền. Apple đã thu lợi nhuận đáng kể từ hành vi vi phạm? Đơn kiện cũng chỉ ra rằng Apple đã thu được lợi nhuận đáng kể từ việc sử dụng nội dung của các nhà sáng tạo để xây dựng hệ thống AI của mình mà không bồi thường cho những người đã tạo ra các video đó. Vụ kiện nhấn mạnh đến bộ dữ liệu có tên Panda-70M, được các nhà nghiên cứu của Apple đề cập trong một bài báo năm 2025 về tạo video bằng AI. Panda-70M là một chỉ mục lớn gồm các video clip trên YouTube, được phân đoạn và sắp xếp theo URL, dấu thời gian và mã định danh. Các nguyên đơn cho rằng việc truy cập các đoạn video này đồng nghĩa với hành vi vượt qua các biện pháp bảo vệ của YouTube, biến mỗi đoạn video thành một hành vi thu thập dữ liệu trái phép. Họ cũng khẳng định video của họ xuất hiện hàng trăm lần trong tập dữ liệu này. Hiện tại, Apple chưa cung cấp thông tin chi tiết về cách họ xử lý dữ liệu, nhưng các tài liệu nghiên cứu của công ty xác nhận video từ YouTube đã được sử dụng trong quá trình huấn luyện AI. Vụ kiện đang yêu cầu bồi thường thiệt hại và có thể cả lệnh cấm đối với hành vi này.",,"Youtube, trí tuệ nhân tạo, sao chép nội dung, kiện tụng",https://images2.thanhnien.vn/thumb_w/640/528068263637045248/2026/4/8/1-17756425397331806006006.jpg,"[""https://images2.thanhnien.vn/thumb_w/640/528068263637045248/2026/4/8/1-17756425397331806006006.jpg""]",,2026-04-08T18:45:00+07:00,2026-07-03T14:35:36.027017,Công nghệ,,,,
185250826125500137,https://thanhnien.vn/zalopay-day-manh-quet-qr-thanh-toan-tai-5-quoc-gia-chau-a-185250826125500137.htm,thanhnien.vn,,,,,,Zalopay đẩy mạnh quét QR thanh toán tại 5 quốc gia châu Á,"Zalopay đã tổ chức thành công sự kiện Trình diễn tính năng quét QR thanh toán: ""See Now Scan Now - Tech-shion Show"". Tại đây, Zalopay chính thức công bố tính năng quét QR quốc tế đã khả dụng tại 5 quốc gia châu Á là Singapore, Nhật Bản, Hàn Quốc, Malaysia và Indonesia.","Theo đó, du khách Việt sẽ có thể quét QR thanh toán tại 5 quốc gia nói trên thông qua ứng dụng Zalopay . Đây là bước đi chiến lược không chỉ khẳng định năng lực công nghệ của một sản phẩm “made in Vietnam”, mà còn hiện thực hóa khát vọng công nghệ Việt đồng hành cùng người Việt đi ra thế giới. Ông Trần Bá Khôi Nguyên - Chủ tịch Zalopay - chia sẻ tại sự kiện “See Now Scan Now - Tech-shion Show” Ảnh: CTV Đến cuối năm 2025, Zalopay dự kiến sẽ mở thêm tính năng cho phép khách quốc tế thanh toán QR tại Việt Nam từ nguồn tiền thẻ Visa và Mastercard được phát hành ở bất kỳ quốc gia nào, mở rộng kết nối thanh toán toàn cầu. Trước đó, từ tháng 3.2025, Zalopay đã trở thành ứng dụng thanh toán tiên phong của Việt Nam cho phép người dùng quét QR thanh toán tại hơn 120.000 cửa hàng trong mạng lưới NETS và SGQR tại Singapore. Tính năng quét QR quốc tế của Zalopay chính thức khả dụng tại 5 quốc gia Singapore, Nhật Bản, Hàn Quốc, Malaysia và Indonesia Hành trình phát triển ấn tượng của tính năng quét QR trên Zalopay Tính năng quét QR thanh toán vốn được xem là “sản phẩm thiết yếu” trong hệ sinh thái thanh toán. Nhưng với Zalopay, tính năng này còn được liên tục nâng cấp và nâng tầm để mang đến trải nghiệm tối ưu cho người dùng: tốc độ quét nhanh và mượt, thao tác đơn giản, giao diện trực quan. Hành trình ấy được củng cố bằng những bước hợp tác chiến lược: Năm 2023, Zalopay trở thành một trong những nền tảng thanh toán đầu tiên tích hợp VietQR vào hệ sinh thái QR; Năm 2024, mở rộng hợp tác toàn diện với VNPay. Những bước đi này khẳng định triết lý nhất quán của Zalopay: ngân hàng và fintech không phải là đối thủ mà là đồng minh cùng chung mục tiêu số hóa, hướng tới xã hội không dùng tiền mặt. Nhờ tinh thần hợp tác cởi mở, Zalopay đã xây dựng được lòng tin và đồng thuận từ các đối tác trong và ngoài nước, trở thành một trong những ứng dụng thanh toán tiên phong tại Việt Nam cho phép quét mọi loại QR : từ QR ngân hàng, QR ví điện tử, VNPay-QR cho đến QR quốc tế. Khán giả thích thú trải nghiệm tính năng quét QR mua sắm ngay trên sàn runway Ảnh: CTV Ở khía cạnh bảo mật, Zalopay triển khai nhiều lớp “bảo vệ ngầm” như cảnh báo khi chuyển khoản đến tài khoản rủi ro hay yêu cầu xác nhận lại khi phát hiện thao tác bất thường. Chính sự an toàn và tiện lợi này đã thúc đẩy 9/10 người dùng quay lại sử dụng tính năng quét QR trên ứng dụng, với mức tăng trưởng ổn định hai chữ số hằng tháng, dựa trên trải nghiệm vượt trội thay vì khuyến mãi. Ông Trần Bá Khôi Nguyên - Chủ tịch Zalopay, chia sẻ: “Trong tương lai rất gần, người dùng có thể sử dụng ứng dụng Zalopay để quét QR Wifi, thông tin thẻ ngân hàng hay thậm chí biển số xe để kiểm tra và thực hiện thanh toán phạt nguội ngay lập tức nếu có. Khi đó, mở Zalopay để quét QR không chỉ giới hạn trong việc thanh toán, mà trở thành một thói quen gắn liền với mọi hoạt động thường nhật"".",,"Mastercard, Thanh toán, trải nghiệm, ngân hàng",https://images2.thanhnien.vn/thumb_w/640/528068263637045248/2025/8/26/zalo1-1756187523667101939109.png,"[""https://images2.thanhnien.vn/thumb_w/640/528068263637045248/2025/8/26/zalo1-1756187523667101939109.png"", ""https://images2.thanhnien.vn/thumb_w/640/528068263637045248/2025/8/26/zalo2-17561875607211850483661.png""]",,2025-08-26T12:34:00+07:00,2026-07-03T14:35:36.647366,Công nghệ,,,,
185250220164056471,https://thanhnien.vn/so-ke-iphone-16e-va-cac-thanh-vien-dong-iphone-16-185250220164056471.htm,thanhnien.vn,,,,,,So kè iPhone 16e và các thành viên dòng iPhone 16,"Nếu iPhone 16 vượt quá ngân sách của người tiêu dùng, mẫu iPhone 16e mà Apple vừa giới thiệu có thể là lựa chọn phù hợp.","Được công bố vào rạng sáng 20.2 theo giờ Việt Nam, iPhone 16e có giá 599 USD là mẫu iPhone đầu tiên của Apple được trang bị modem 5G nội bộ mang tên C1. Sản phẩm sẽ chính thức lên kệ vào ngày 28.2 sau khi đơn đặt hàng trước bắt đầu từ ngày 21.2. iPhone 16e được bán với giá từ 599 USD ẢNH: APPLE iPhone 16e sở hữu màn hình OLED 6,1 inch, tính năng nhận diện khuôn mặt Face ID và cổng USB-C. Điện thoại trang bị chip A18 cho phép hỗ trợ các tính năng thông minh của Apple. Ngoài ra, iPhone 16e cũng có nút Tác vụ tùy chỉnh ở bên trái và được cải thiện về thời lượng pin, với khả năng phát video lên đến 26 giờ, nhiều hơn 4 giờ so với iPhone 16. Tuy nhiên, iPhone 16e cũng có một số hạn chế so với iPhone 16. Mẫu điện thoại này không được trang bị camera siêu rộng, nút Camera Control, cũng như thiếu tính năng MagSafe và thiết kế Dynamic Island . iPhone 16e khác biệt ra sao với các mẫu iPhone 16? Để giúp người dùng có cái nhìn tổng quan hơn về sự khác biệt giữa iPhone 16e so với các thành viên khác của gia đình iPhone 16, chúng ta hãy cùng tổng hợp bảng so sánh các thông số kỹ thuật chính trên chúng. iPhone 16e iPhone 16 iPhone 16 Plus iPhone 16 Pro iPhone 16 Pro Max Hệ điều hành iOS 18 iOS 18 iOS 18 iOS 18 iOS 18 Hỗ trợ Apple Intelligence Có Có Có Có Có Màn hình OLED 6,1 inch (2.532 x 1.170) OLED 6,1 inch (2.556 x 1.179) OLED 6,7 inch (2.796 x 1.290) OLED 6,3 inch (2.622 x 1.206) OLED 6,9 inch (2.868 x 1.320) Tốc độ làm mới 60 Hz 60 Hz 60 Hz Lên đến 120 Hz Lên đến 120 Hz Độ sáng tối đa 1.200 nit 2.000 nit 2.000 nit 2.000 nit 2.000 nit Màn hình luôn bật Không Không Không Có Có Kính Ceramic Shield Có Có (thế hệ mới nhất) Có (thế hệ mới nhất) Có (thế hệ mới nhất) Có (thế hệ mới nhất) Kích thước 71,5 x 146,7 x 7,8 mm 71,6 x 147,6 x 7,8 mm 77,8 x 160,9 x 7,8 mm 71,5 x 149,6 x 8,25 mm 77,6 x 163 x 8,25 mm Trọng lượng 167 gram 167 gram 167 gram 167 gram 167 gram Dung lượng pin Lên đến 26 giờ phát lại video Lên đến 22 giờ phát lại video Lên đến 27 giờ phát lại video Lên đến 27 giờ phát lại video Lên đến 33 giờ phát lại video Sạc không dây Có (Qi) Có (MagSafe/Qi2) Có (MagSafe/Qi2) Có (MagSafe/Qi2) Có (MagSafe/Qi2) Sạc nhanh Có Có Có Có Có Chip A18 A18 A18 A18 Pro A18 Pro RAM 8 GB (dự kiến) 8 GB 8 GB 8 GB 8 GB Bộ nhớ trong 128 GB, 256 GB hoặc 512 GB 128 GB, 256 GB hoặc 512 GB 128 GB, 256 GB hoặc 512 GB 128 GB, 256 GB, 512 GB hoặc 1 TB 256 GB, 512 GB hoặc 1 TB Cổng sạc USB-C USB-C USB-C USB-C USB-C Camera sau Camera chính 48 MP (f/1.6) Camera chính 48 MP (f/1.6), camera siêu rộng 12 MP (f/2.2) Camera chính 48 MP (f/1.6), camera siêu rộng 12 MP (f/2.2) Camera chính 48 MP (f/1.78), camera siêu rộng 48 MP (f/2.2), camera tele 12 MP (f/2.8) Camera chính 48 MP (f/1.78), camera siêu rộng 48 MP (f/2.2), camera tele 12 MP (f/2.8) Chế độ macro Không Có Có Có Có Camera trước 12 MP 12 MP 12 MP 12 MP 12 MP Quay video Lên đến 4K ở tốc độ 60fps Lên đến 4K ở tốc độ 60fps Lên đến 4K ở tốc độ 60fps Lên đến 4K ở tốc độ 60fps (ProRes với chức năng ghi ngoài) Lên đến 4K ở tốc độ 60fps (ProRes với chức năng ghi ngoài) Sinh trắc học Nhận diện khuôn mặt Nhận diện khuôn mặt Nhận diện khuôn mặt Nhận diện khuôn mặt Nhận diện khuôn mặt Nút tác vụ Có Có Có Có Có Camera Control Không Có Có Có Có Dynamic Island Không Có Có Có Có Wi-Fi 7 Không Có Có Có Có Phiên bản Bluetooth 5.3 5.3 5.3 5.3 5.3 Tính năng SOS vệ tinh Có Có Có Có Có Nhắn tin qua vệ tinh Có Có Có Có Có Phát hiện va chạm Có Có Có Có Có Apple Pay Có Có Có Có Có Xếp hạng IP IP68 IP68 IP68 IP68 IP68 Giá khởi điểm 599 USD 799 USD 899 USD 999 USD 1.199 USD Màu sắc Đen, trắng Đen, trắng, xanh ngọc, xanh lam, hồng Đen, trắng, xanh, xanh lam, hồng Titan đen, titan trắng, titan tự nhiên, titan sa mạc Titan đen, titan trắng, titan tự nhiên, titan sa mạc",,"IPhone 16, Thông số kỹ thuật, so sánh sản phẩm",https://images2.thanhnien.vn/thumb_w/640/528068263637045248/2025/2/20/1-1740044255971253762614.jpg,"[""https://images2.thanhnien.vn/thumb_w/640/528068263637045248/2025/2/20/1-1740044255971253762614.jpg""]",,2025-02-20T19:14:00+07:00,2026-07-03T14:35:36.923571,Công nghệ,,,,
185251014213531365,https://thanhnien.vn/loat-tinh-nang-camera-ai-dang-thu-sau-khi-cap-nhat-one-ui-8-cho-galaxy-185251014213531365.htm,thanhnien.vn,,,,,,Loạt tính năng camera AI đáng thử sau khi cập nhật One UI 8 cho Galaxy,Giao diện One UI 8 của Samsung đã chính thức có mặt trên nhiều thiết bị Galaxy và đang được mở rộng sang nhiều mẫu điện thoại khác.,"Được phát triển dựa trên Android 16, One UI 8 mang đến cho người dùng Galaxy những tính năng camera mới ấn tượng cùng các công cụ chỉnh sửa ảnh và video tiên tiến. One UI 8 giúp người dùng dễ dàng hơn trong việc tối ưu hóa ảnh chụp trên thiết bị Galaxy ẢNH: SAMMYFANS Với One UI 8, người dùng sẽ có cơ hội trải nghiệm những cải tiến đáng kể trong việc chỉnh sửa ảnh và video, giúp hoàn thiện nội dung một cách dễ dàng. Nhiều ứng dụng trong bản cập nhật này được hỗ trợ bởi trí tuệ nhân tạo (AI) giúp người dùng thực hiện các thao tác chỉnh sửa một cách nhanh chóng và hiệu quả. Những tính năng One UI 8 tăng sức mạnh cho điện thoại Galaxy Dưới đây là năm tính năng AI nổi bật mà người dùng Galaxy sẽ thấy hữu ích nhất sau khi thiết bị Galaxy của mình được cập nhật lên One UI 8: Generative Edit: Giúp nhận diện các yếu tố không mong muốn trong ảnh và đề xuất cách điều chỉnh hoặc loại bỏ chúng. Người dùng còn nhận được khả năng tự động lấp đầy các vùng trống và điều chỉnh khuyết điểm. Audio Eraser: Cho phép tách tiếng ồn không mong muốn, như tiếng gió hay tiếng trò chuyện, giúp nội dung tập trung vào câu chuyện chính và cho phép ghi âm trong nhiều điều kiện khác nhau. Instant Slow-mo: Cho phép người dùng dễ dàng chuyển đổi video thành trải nghiệm chuyển động chậm chỉ bằng một lần chạm. Chỉ cần mở ứng dụng Gallery, phát video và chạm giữ tại mốc thời gian để chuyển đoạn đã chọn thành chuyển động chậm. AI Selfies: Với camera selfie 12 MP trên dòng Galaxy S25, bản cập nhật One UI 8 sử dụng ProVisual Engine và Galaxy AI để tạo ra những bức ảnh và chân dung chất lượng cao. Thuật toán selfie được cải tiến giúp giảm nhiễu, tăng cường độ sắc nét và làm nổi bật màu sắc, giúp ảnh selfie của người dùng trở nên nổi bật trên mạng xã hội. Live AI inspiration: One UI 8 nâng cao khả năng tích hợp Gemini , Gemini Live và Circle to Search vào điện thoại Samsung. Đặc biệt, Gemini Live cho phép trò chuyện thời gian thực với các gợi ý dựa trên hình ảnh, giọng nói hoặc văn bản, trong khi Circle to Search cung cấp quyền truy cập nhanh vào các mẹo và câu trả lời về bất kỳ chủ đề nào. One UI 8 không chỉ mang đến những tính năng mới mà còn truyền cảm hứng cho người dùng trong việc sản xuất nội dung kỹ thuật số.",,"tính năng mới, bản cập nhật, Samsung, camera AI, trí tuệ nhân tạo",https://images2.thanhnien.vn/thumb_w/640/528068263637045248/2025/10/14/1-17604523967721578825654.jpg,"[""https://images2.thanhnien.vn/thumb_w/640/528068263637045248/2025/10/14/1-17604523967721578825654.jpg""]",,2025-10-16T20:42:00+07:00,2026-07-03T14:35:36.939180,Công nghệ,,,,
185260102095933171,https://thanhnien.vn/thi-truong-tien-ma-hoa-se-ra-sao-trong-nam-2026-185260102095933171.htm,thanhnien.vn,,,,,,Thị trường tiền mã hóa sẽ ra sao trong năm 2026?,"2026 đánh dấu lần đầu tiên trong lịch sử 15 năm của tiền mã hóa, các tổ chức và cơ quan quản lý cùng hướng về một mục tiêu: Đặt nền móng cho việc áp dụng rộng rãi thay vì cấm đoán.","Năm 2025 đã không diễn ra như nhiều nhà đầu tư tiền mã hóa mong đợi. Kết quả là 2026 mở đầu trong bối cảnh nhiều bất trắc. Tâm lý nhà đầu tư thể hiện sự thận trọng nhưng ngành công nghiệp tiền số đang trong vị thế chưa từng có. Các tổ chức, quỹ đầu tư và cơ quan quản lý đang chung một mục tiêu: Đưa tiền mã hóa ứng dụng rộng rãi hơn trong đời sống. Dưới đây là ba xu hướng chính của thị trường tiền mã hóa trong năm 2026. Bitcoin phá vỡ chu kỳ bốn năm Các nhà phân tích Matt Hougan và Ryan Rasmussen của Bitwise cho rằng Bitcoin có thể sắp thoát khỏi chu kỳ bốn năm đã được thiết lập trong lịch sử. Theo đó, những thay đổi cấu trúc đang định hình lại thị trường. Các yếu tố thúc đẩy chu kỳ truyền thống như cú sốc nguồn cung sau sự kiện halving, biến động lãi suất và sự đầu cơ quá mức với đòn bẩy cao không còn ảnh hưởng nhiều đến thị trường như trước đây. Đồng xu Bitcoin trước hình ảnh ATM tiền mã hóa ẢNH: KHƯƠNG NHA Dù đòn bẩy vẫn là ""đặc sản"" của thị trường tiền mã hóa nhưng tác động của nó đã giảm nhiều sau loạt thanh lý trị giá hàng tỉ USD diễn ra trong năm 2025. Việc xóa sổ các đòn bẩy mạnh đã hạn chế tình trạng đầu cơ quá mức trong thị trường. Quan trọng hơn, sự xuất hiện của các quỹ ETF Bitcoin khiến tiền mã hóa hoạt động ổn định và sát nhịp với thị trường truyền thống. Sự xuất hiện của các định chế tài chính lớn như Morgan Stanley, Wells Fargo và Merrill Lynch đã mở rộng khả năng tiếp cận tiền mã hóa cho người dùng phổ thông. Theo nhà phân tích Julien Bittel, Bitcoin đã gắn bó chặt chẽ với chu kỳ kinh doanh và thanh khoản hơn là chỉ phụ thuộc vào lịch trình giảm một nửa. ""Dựa trên nghiên cứu của chúng tôi về chu kỳ kinh doanh, bối cảnh tài chính và thanh khoản tổng thể, xác suất cho thấy chu kỳ này sẽ kéo dài đến hết năm 2026. Điều này đồng nghĩa chu kỳ bốn năm được xem như đã chấm dứt"", Bittel nhận định. Stablecoin bùng nổ Ngoài Bitcoin, ít ứng dụng blockchain nào thể hiện được tính hữu dụng thực tiễn rõ ràng hơn stablecoin (tiền mã hóa ổn định giá thường được neo theo tiền tệ pháp định như USD). Thống kê cho thấy trong 18 tháng qua, thị trường stablecoin đã mở rộng nhanh chóng, vượt qua mốc 300 tỉ USD lưu hành. Một trong những bước ngoặt lớn của stablecoin là việc Mỹ thông qua Đạo luật GENIUS hồi giữa năm 2025. Luật này thiết lập các quy tắc rõ ràng trong việc phát hành, dự trữ và giám sát. Khung pháp lý này đưa các nhà phát hành stablecoin vào diện được quản lý trong khi vẫn duy trì vai trò của họ trong hành trình đổi mới ngành tài chính. Song song với đó, Mỹ cũng mở nhiều cơ chế cho phép ngân hàng truyền thống tham gia nhiều hơn vào lĩnh vực mới mẻ này. Từ công cụ giúp giao dịch tiền mã hóa trở nên đơn giản hơn, stablecoin đang thành động lực quan trọng của thanh toán xuyên biên giới, đóng vai trò nền tảng cho các công cụ kho bạc sinh lời do chính phủ đảm bảo. Không chỉ ở Mỹ, stablecoin đang được nhiều quốc gia, khu vực đẩy mạnh. Châu Âu cũng phát triển stablecoin riêng, neo theo đồng euro. Trung Quốc cũng thúc đẩy nhân dân tệ kỹ thuật số. Các thể chế truyền thống cũng bắt đầu tham gia vào lĩnh vực này, PayPal đã ra mắt stablecoin được hỗ trợ bằng USD nhằm kiến tạo cơ sở hạ tầng thanh toán trong tương lai. Trong năm 2026, hệ sinh thái stablecoin được dự đoán sẽ tiếp tục phát triển toàn diện, từ nhà phát hành, đơn vị giám hộ, nhà cung cấp dịch vụ tuân thủ, mạng lưới blockchain và các kênh thanh toán chịu trách nhiệm. Xu hướng mã hóa tài sản thực - RWA RWA (Real World Asset - tài sản thật được mã hóa và đưa lên blockchain) đã bước ra khỏi lý thuyết, chuyển thành xu hướng của Phố Wall khi CEO Larry Fink của BlackRock đưa ra nhiều dự báo tích cực. Dữ liệu ngành cho thấy thị trường RWA được mã hóa (tokenized RWA) đã đạt hơn 30 tỉ USD trong năm 2025. Việc mã hóa tài sản thực đã phát triển nhanh chóng khi được các tổ chức lớn dẫn dắt. Từ gã khổng lồ BlackRock đến Franklin Templeton và Goldman Sachs, tất cả đã giới thiệu sản phẩm RWA hoặc tham gia vào các quỹ, trái phiếu và nền tảng thanh toán được mã hóa. Việc Kraken triển khai chứng khoán hóa dưới dạng token cho một số thị trường quốc tế là minh chứng rõ ràng nhất cho tiềm năng của ngành công nghiệp RWA. Nga dùng Bitcoin thanh toán quốc tế để đối phó cấm vận của phương Tây Đối với các nhà đầu tư, sức hấp dẫn của RWA nằm ở khả năng áp dụng mang tính cấu trúc hơn là đầu cơ ngắn hạn. Việc mã hóa tài sản hứa hẹn tốc độ thanh toán nhanh hơn, giảm rủi ro đối tác và khả năng tiếp cận toàn cầu. Khi các khung pháp lý hoàn thiện và các tổ chức tài chính truyền thống mở rộng dịch vụ trên chuỗi, RWA có thể nổi lên như một trong những xu hướng đầu tư tiền điện tử bền vững nhất trong năm 2026.",,"Bitcoin, RWA, Mã hóa tài sản thực, Giá Bitcoin",https://images2.thanhnien.vn/thumb_w/640/528068263637045248/2026/1/2/edit-img2222-17673248631321831964607.jpeg,"[""https://images2.thanhnien.vn/thumb_w/640/528068263637045248/2026/1/2/edit-img2222-17673248631321831964607.jpeg""]",,2026-01-03T11:57:00+07:00,2026-07-03T14:35:37.075408,Công nghệ,,,,
185260226103834555,https://thanhnien.vn/tung-la-vat-bat-ly-than-o-flash-usb-gio-ra-sao-185260226103834555.htm,thanhnien.vn,,,,,,"Từng là 'vật bất ly thân', ổ flash USB giờ ra sao?","Trong quá khứ, ổ flash USB được xem là phương tiện phổ biến nhất để truyền tải dữ liệu giữa máy tính và các thiết bị khác.","Hầu như người dùng công nghệ nào cũng sở hữu một ổ flash USB nhằm lưu trữ, di chuyển hoặc sao lưu dữ liệu. Tuy nhiên, trong vài năm qua, sự phát triển của các giải pháp thay thế đã khiến ổ flash USB dần mất đi vị thế của mình. Hiện nay, người dùng chủ yếu chuyển sang sử dụng dịch vụ lưu trữ đám mây để truy cập tức thì trên nhiều thiết bị mà không cần phải chuyển dữ liệu thủ công. Ổ flash USB không còn là lựa chọn mặc định cho lưu trữ dữ liệu ẢNH: K. VĂN Mặc dù ổ flash USB vẫn tồn tại, nhưng chúng gặp phải nhiều vấn đề chưa được giải quyết, như dung lượng lưu trữ hạn chế (thường từ 64 GB đến 128 GB) và tốc độ truyền tải chậm đối với các ổ có dung lượng lớn hơn (1 - 2 TB). Hơn nữa, sự chuyển mình của các nhà sản xuất máy tính từ cổng USB-A sang USB-C đã tạo ra những khó khăn về khả năng tương thích cho ổ flash USB. Một trong những lý do chính khiến ổ flash USB không còn phổ biến là chúng không phù hợp với quy trình làm việc hiện đại. Khi các thiết bị ngày càng thông minh và tốc độ internet ngày càng nhanh, nhu cầu truy cập dữ liệu liền mạch trở nên cấp thiết. Các giải pháp lưu trữ đám mây không chỉ đáng tin cậy hơn mà còn cung cấp tính năng mã hóa dữ liệu, điều mà ổ flash USB không thể đảm bảo. Ổ flash USB mất dần vị thế trong quy trình làm việc hiện đại Dù vẫn có một số người ưa chuộng lưu trữ cục bộ, nhưng ngay cả với họ, ổ flash USB cũng không còn mang lại nhiều lợi ích. Các ổ SSD và HDD hiện đại có tốc độ truyền tải nhanh và dung lượng lớn hơn, mặc dù giá thành cao hơn. Đối với những người tìm kiếm giải pháp tiết kiệm, thẻ SD trở thành lựa chọn hợp lý nhờ giá thành thấp hơn và tính đa dụng cao hơn. Tuy nhiên, ổ flash USB vẫn có những trường hợp sử dụng nhất định. Chúng vẫn là lựa chọn lý tưởng để tạo phương tiện cài đặt hệ điều hành hoặc cập nhật firmware. Đối với những người có kết nối internet không ổn định, việc sử dụng ổ flash USB để di chuyển dữ liệu giữa các máy tính vẫn là một giải pháp khả thi. Xét cho cùng, mặc dù ổ flash USB chưa hoàn toàn biến mất, tầm quan trọng của chúng đang giảm dần khi người dùng ngày càng ưa chuộng các giải pháp lưu trữ hiện đại hơn.",,"phương tiện lưu trữ, lưu trữ đám mây, kết nối internet, sao lưu dữ liệu",https://images2.thanhnien.vn/thumb_w/640/528068263637045248/2026/2/26/1-17720768645451065603877.jpg,"[""https://images2.thanhnien.vn/thumb_w/640/528068263637045248/2026/2/26/1-17720768645451065603877.jpg""]",,2026-03-02T06:08:00+07:00,2026-07-03T14:35:37.457172,Công nghệ,,,,
185260211143216835,https://thanhnien.vn/nhung-yeu-to-quan-trong-thuong-bi-xem-nhe-khi-chon-mua-laptop-185260211143216835.htm,thanhnien.vn,,,,,,Những yếu tố quan trọng thường bị xem nhẹ khi chọn mua laptop,"Nhiều người vẫn chọn laptop dựa vào hiệu năng, trong khi nhu cầu thực tế chủ yếu phục vụ học tập và công việc văn phòng. Sang năm 2026, các tiêu chí như laptop pin lâu, laptop AI và laptop OLED đang trở nên quan trọng hơn.","Thực tế, khi đứng trước quầy bán hoặc lướt các trang thương mại điện tử, nhiều người vẫn ưu tiên cấu hình như chip, RAM hay card đồ họa. Cách chọn này không sai, nhưng dễ dẫn đến việc mua một chiếc máy quá mạnh so với nhu cầu hằng ngày vốn chỉ xoay quanh Word, Excel, duyệt web hoặc họp online. Trừ những công việc nặng như thiết kế hay lập trình chuyên sâu, phần lớn laptop hiện nay đã đủ đáp ứng học tập và công việc văn phòng. Tiêu chí chọn laptop cần thay đổi để bắt kịp xu thế làm việc mới Bước sang năm 2026, câu hỏi quan trọng không còn là laptop mạnh đến đâu, mà là liệu thiết bị đó có thực sự phù hợp với nhịp sống và công việc hằng ngày hay không. Thời lượng pin lâu - Yếu tố quyết định laptop có theo kịp một ngày làm việc hay không Với nhiều người dùng phổ thông, pin laptop thường chỉ được xem như một con số tham khảo khi mua máy, nhưng trong sử dụng thực tế lại là yếu tố ảnh hưởng rõ nhất đến trải nghiệm hằng ngày. Việc phải liên tục tìm ổ cắm hay mang theo sạc khiến laptop mất đi phần nào ý nghĩa của một thiết bị di động. Bước sang năm 2026, pin lâu không còn là ""điểm cộng"" mà trở thành tiêu chí quan trọng khi chọn mua laptop mỏng nhẹ. Zenbook 14 (UM3406GA) và Vivobook S14 (M3407GA) - Hai mẫu laptop trang bị Ryzen AI 400 series tiên phong tại Việt Nam Trong bối cảnh đó, AMD giới thiệu nền tảng Ryzen AI 400 Series với định hướng cân bằng giữa hiệu năng và mức tiêu thụ điện năng. Tại Việt Nam, ASUS là hãng tiên phong đưa nền tảng này lên Zenbook 14 (UM3406GA ) và Vivobook S14 (M3407GA ). Thực tế sử dụng cho thấy Vivobook S14 với pin 70 Wh có thể đạt khoảng 15,5 giờ lướt web nhẹ và gần 10 giờ làm việc hỗn hợp, con số này còn ấn tượng hơn nữa trên Zenbook 14 với pin 75 Wh lớn hơn. AMD Ryzen AI 400 Series mang đến cải tiến lớn về thời lượng pin lâu Độ nóng và tiếng ồn - Dễ bị bỏ qua nhưng ảnh hưởng rõ nhất khi làm việc Ở Việt Nam, tình trạng laptop nóng và quạt kêu khá phổ biến, nhất là khi thời tiết nóng và không gian làm việc không phải lúc nào cũng có điều hòa. Nhiều máy nhanh chóng trở nên khó chịu khi dùng lâu, từ chiếu nghỉ tay ấm lên cho tới quạt quay lớn dần chỉ sau vài tiếng làm việc. Tiếng ồn và nhiệt lượng là hai yếu tố ảnh hưởng trực tiếp tới trải nghiệm Tiếng ồn từ quạt ảnh hưởng trực tiếp đến khả năng tập trung nhưng thường bị xem nhẹ khi mua máy. Quạt kêu liên tục trong không gian yên tĩnh hoặc rít lên khi họp online đều làm giảm trải nghiệm sử dụng, dù cấu hình trên giấy có thể rất mạnh. Với nền tảng phần cứng mới, tình trạng này đang được cải thiện rõ rệt. Trên Zenbook 14 và Vivobook S14, vi xử lý Ryzen AI 7 445 với kiến trúc kết hợp giữa nhân hiệu năng cao và nhân tiết kiệm điện cho phép xử lý tốt các tác vụ văn phòng mà không cần đẩy hệ thống lên mức cao. Trong sử dụng hằng ngày, bộ đôi laptop AI của ASUS vận hành mát mẻ, yên tĩnh; chỉ khi chạy các tác vụ nặng hơn như render, quạt mới hoạt động nhưng vẫn được kiểm soát ở mức dễ chịu. Thế hệ chip mới giúp bộ đôi laptop AI của ASUS vận hành mát mẻ, êm ái, yên tĩnh Màn hình - ""Cánh cửa"" bạn nhìn suốt cả ngày nhưng hay bị xem nhẹ Khi chọn mua laptop, màn hình thường được quan tâm ở kích thước hay độ phân giải, nhưng với người học tập và làm việc lâu trước máy tính, yếu tố bảo vệ mắt ngày càng quan trọng. Ánh sáng xanh từ màn hình, đặc biệt khi tiếp xúc trong thời gian dài, có thể ảnh hưởng đến nhịp sinh học và chất lượng giấc ngủ. Đó là lý do laptop OLED ngày càng phổ biến, không chỉ vì chất lượng hiển thị mà còn nhờ trải nghiệm sử dụng dễ chịu hơn. Trên Zenbook 14 và Vivobook S14, ASUS trang bị màn hình OLED 14 inch tỷ lệ 16:10 với khả năng giảm ánh sáng xanh có hại cho mắt, đồng thời giúp mở rộng không gian hiển thị theo chiều dọc khi đọc văn bản và lướt web. Các mẫu laptop OLED như Zenbook 14 và Vivobook S14 có lợi thế về chất lượng hình ảnh và giảm ánh sáng xanh có hại cho mắt Về chất lượng hiển thị, Zenbook 14 sử dụng màn hình Lumina OLED với độ phủ màu 100% DCI-P3, trong khi Vivobook S14 với chuẩn ASUS OLED đạt 95% DCI-P3 vẫn đáp ứng tốt nhu cầu làm việc, giải trí và chỉnh sửa hình ảnh cơ bản. Khả năng nâng cấp - 'Thứ chỉ thật sự thấy giá trị sau vài năm sử dụng' Khi mua laptop, nhiều người chọn cấu hình vừa đủ để tránh phát sinh chi phí, nhưng nhu cầu sử dụng hiếm khi ""đứng yên"": công việc thay đổi, phần mềm nặng hơn hoặc máy được chuyển lại cho người thân. Lúc này, khả năng nâng cấp mới thể hiện rõ giá trị. Khả năng nâng cấp tạo cho người dùng sự an tâm khi sử dụng laptop lâu dài Trong khi nhiều laptop mỏng nhẹ hiện nay hy sinh yếu tố này để đổi lấy thiết kế, Zenbook 14 và Vivobook S14 lại theo hướng thực tế hơn. Zenbook 14 hướng tới sự gọn nhẹ và cao cấp với trọng lượng khoảng 1,2 kg, vẫn hỗ trợ nâng cấp SSD và có sẵn tùy chọn RAM 16 GB hoặc 32 GB cho nhu cầu dài hạn. Vivobook S14 mang tính phổ thông hơn với trọng lượng khoảng 1,4 kg, có sẵn RAM 16 GB nhưng vẫn giữ khe RAM nâng cấp, giúp kéo dài vòng đời sử dụng và phù hợp với nhiều đối tượng người dùng.",,"Asus, AMD, Máy tính",https://images2.thanhnien.vn/thumb_w/640/528068263637045248/2026/2/11/1-17707948026071468801102.jpg,"[""https://images2.thanhnien.vn/thumb_w/640/528068263637045248/2026/2/11/1-17707948026071468801102.jpg"", ""https://images2.thanhnien.vn/thumb_w/640/528068263637045248/2026/2/11/2-1770794802574670687864.jpg"", ""https://images2.thanhnien.vn/thumb_w/640/528068263637045248/2026/2/11/3-17707948025451683263810.jpg"", ""https://images2.thanhnien.vn/thumb_w/640/528068263637045248/2026/2/11/4-17707948025051073321523.jpg"", ""https://images2.thanhnien.vn/thumb_w/640/528068263637045248/2026/2/11/5-17707948024731101996464.jpg"", ""https://images2.thanhnien.vn/thumb_w/640/528068263637045248/2026/2/11/6-17707948024421715918818.jpg"", ""https://images2.thanhnien.vn/thumb_w/640/528068263637045248/2026/2/11/7-17707948024171305913829.jpg""]",,2026-02-11T16:00:00+07:00,2026-07-03T14:35:37.543875,Công nghệ,,,,
185251007101932487,https://thanhnien.vn/ios-261-hoi-sinh-tinh-nang-huyen-thoai-tu-nam-2007-185251007101932487.htm,thanhnien.vn,,,,,,iOS 26.1 'hồi sinh' tính năng huyền thoại từ năm 2007,Apple vừa chính thức phát hành bản cập nhật iOS 26.1 Beta 2 dành cho các thiết bị iPhone với việc hồi sinh một tính năng vô cùng thú vị.,"Người dùng iPhone đăng ký chương trình thử nghiệm có thể cài đặt iOS 26.1 Beta 2 bằng cách truy cập Settings > General > Software Update, sau đó làm theo hướng dẫn để trải nghiệm những thay đổi mới nhất. Slide to Unlock được hồi sinh theo một cách khác trên iOS 26.1 ẢNH: MACOBSERVER Một trong những điểm đáng chú ý nhất ở bản cập nhật này là sự xuất hiện của tính năng ""slide to stop"" báo thức. Thay vì phải tìm nút dừng nhỏ như trước, giờ đây người dùng chỉ cần vuốt nhẹ trên màn hình để tắt báo thức. Cử chỉ này khiến nhiều người nhớ đến thao tác ""Slide to Unlock"" huyền thoại từng xuất hiện trên chiếc iPhone đầu tiên ra mắt năm 2007, nay được Apple mang trở lại theo cách tiện lợi hơn. Bên cạnh đó, Apple cũng đã điều chỉnh hiệu ứng Liquid Glass trên giao diện, giúp giảm độ mờ và tăng khả năng hiển thị. Trước đây, hiệu ứng này được áp dụng cho bàn phím và đồng hồ trên màn hình khóa tùy chỉnh, nhưng với bản iOS mới, người dùng có thể tùy chọn giảm hiệu ứng trong suốt bằng cách vào Settings > Accessibility > Display & Text Size và bật mục Reduce Transparency. Thay đổi này được đánh giá sẽ giúp giao diện dễ nhìn hơn, đặc biệt trong điều kiện ánh sáng mạnh. iPhone chạy ổn định và mượt mà hơn với iOS 26.1 Ngoài những cải tiến về giao diện và thao tác, iOS 26.1 Beta 2 cũng mang đến nhiều bản sửa lỗi và tối ưu hóa hiệu suất, giúp hệ thống hoạt động ổn định và mượt mà hơn. Apple dự kiến phát hành bản chính thức của iOS 26.1 vào ngày 27.10 tới đây. Người dùng đang sử dụng bản beta có thể chuyển về bản ổn định mà không lo mất dữ liệu. Theo kế hoạch, Apple sẽ tiếp tục mở rộng thử nghiệm các tính năng mới trong thời gian tới, bao gồm Personal Siri - công cụ trợ lý ảo thế hệ mới dự kiến ra mắt cùng iOS 26.4 vào mùa xuân năm sau. Tính năng này cho phép Siri truy cập vào tin nhắn, lịch và các ứng dụng khác để đưa ra phản hồi thông minh và phù hợp hơn với thói quen người dùng. Nếu đúng như kỳ vọng, Siri trên iOS 26.4 sẽ trở thành một trong những bản nâng cấp đáng chú ý nhất kể từ khi trợ lý ảo này ra mắt.",,"bản cập nhật, Apple, slide to unlock, tính năng mới",https://images2.thanhnien.vn/thumb_w/640/528068263637045248/2025/10/7/1-17598070819311650476999.jpg,"[""https://images2.thanhnien.vn/thumb_w/640/528068263637045248/2025/10/7/1-17598070819311650476999.jpg""]",,2025-10-07T11:07:00+07:00,2026-07-03T14:35:37.767127,Công nghệ,,,,
